pack,category,review_state,score,score_reasons,asset_name,asset_class,package_name,package_path,object_path
CitySampleBuildings,architecture_general,SHORTLISTED,34,keyword:building;keyword:corner;static_mesh;preferred_city_pack;mesh_naming;penalty:sample;normal_path_depth,SM_BLDG_CHA_L10_A_CornerEx_01_N1,StaticMesh,/Game/CitySampleBuildings/Building/CH/A/Kit_Bldg_CHA_L10_A/Mesh/SM_BLDG_CHA_L10_A_CornerEx_01_N1,/Game/CitySampleBuildings/Building/CH/A/Kit_Bldg_CHA_L10_A/Mesh,/Game/CitySampleBuildings/Building/CH/A/Kit_Bldg_CHA_L10_A/Mesh/SM_BLDG_CHA_L10_A_CornerEx_01_N1.SM_BLDG_CHA_L10_A_CornerEx_01_N1
CitySampleBuildings,architecture_general,SHORTLISTED,34,keyword:building;keyword:corner;static_mesh;preferred_city_pack;mesh_naming;penalty:sample;normal_path_depth,SM_BLDG_CHA_L10_A_CornerExL_01_N1,StaticMesh,/Game/CitySampleBuildings/Building/CH/A/Kit_Bldg_CHA_L10_A/Mesh/SM_BLDG_CHA_L10_A_CornerExL_01_N1,/Game/CitySampleBuildings/Building/CH/A/Kit_Bldg_CHA_L10_A/Mesh,/Game/CitySampleBuildings/Building/CH/A/Kit_Bldg_CHA_L10_A/Mesh/SM_BLDG_CHA_L10_A_CornerExL_01_N1.SM_BLDG_CHA_L10_A_CornerExL_01_N1
CitySampleBuildings,architecture_general,SHORTLISTED,34,keyword:building;keyword:corner;static_mesh;preferred_city_pack;mesh_naming;penalty:sample;normal_path_depth,SM_BLDG_CHA_L10_A_CornerExR_01_N1,StaticMesh,/Game/CitySampleBuildings/Building/CH/A/Kit_Bldg_CHA_L10_A/Mesh/SM_BLDG_CHA_L10_A_CornerExR_01_N1,/Game/CitySampleBuildings/Building/CH/A/Kit_Bldg_CHA_L10_A/Mesh,/Game/CitySampleBuildings/Building/CH/A/Kit_Bldg_CHA_L10_A/Mesh/SM_BLDG_CHA_L10_A_CornerExR_01_N1.SM_BLDG_CHA_L10_A_CornerExR_01_N1
CitySampleBuildings,architecture_general,SHORTLISTED,34,keyword:building;keyword:corner;static_mesh;preferred_city_pack;mesh_naming;penalty:sample;normal_path_depth,SM_BLDG_CHA_L10_A_CornerIn_01_N1,StaticMesh,/Game/CitySampleBuildings/Building/CH/A/Kit_Bldg_CHA_L10_A/Mesh/SM_BLDG_CHA_L10_A_CornerIn_01_N1,/Game/CitySampleBuildings/Building/CH/A/Kit_Bldg_CHA_L10_A/Mesh,/Game/CitySampleBuildings/Building/CH/A/Kit_Bldg_CHA_L10_A/Mesh/SM_BLDG_CHA_L10_A_CornerIn_01_N1.SM_BLDG_CHA_L10_A_CornerIn_01_N1
CitySampleBuildings,architecture_general,SHORTLISTED,34,keyword:building;keyword:corner;static_mesh;preferred_city_pack;mesh_naming;penalty:sample;normal_path_depth,SM_BLDG_CHA_L10_A_CornerInL_01_N1,StaticMesh,/Game/CitySampleBuildings/Building/CH/A/Kit_Bldg_CHA_L10_A/Mesh/SM_BLDG_CHA_L10_A_CornerInL_01_N1,/Game/CitySampleBuildings/Building/CH/A/Kit_Bldg_CHA_L10_A/Mesh,/Game/CitySampleBuildings/Building/CH/A/Kit_Bldg_CHA_L10_A/Mesh/SM_BLDG_CHA_L10_A_CornerInL_01_N1.SM_BLDG_CHA_L10_A_CornerInL_01_N1
CitySampleBuildings,architecture_general,SHORTLISTED,34,keyword:building;keyword:corner;static_mesh;preferred_city_pack;mesh_naming;penalty:sample;normal_path_depth,SM_BLDG_CHA_L10_A_CornerInR_01_N1,StaticMesh,/Game/CitySampleBuildings/Building/CH/A/Kit_Bldg_CHA_L10_A/Mesh/SM_BLDG_CHA_L10_A_CornerInR_01_N1,/Game/CitySampleBuildings/Building/CH/A/Kit_Bldg_CHA_L10_A/Mesh,/Game/CitySampleBuildings/Building/CH/A/Kit_Bldg_CHA_L10_A/Mesh/SM_BLDG_CHA_L10_A_CornerInR_01_N1.SM_BLDG_CHA_L10_A_CornerInR_01_N1
CitySampleBuildings,architecture_general,SHORTLISTED,34,keyword:building;keyword:corner;static_mesh;preferred_city_pack;mesh_naming;penalty:sample;normal_path_depth,SM_BLDG_CHA_L11_A_CornerEx_01_N1,StaticMesh,/Game/CitySampleBuildings/Building/CH/A/Kit_Bldg_CHA_L11_A/Mesh/SM_BLDG_CHA_L11_A_CornerEx_01_N1,/Game/CitySampleBuildings/Building/CH/A/Kit_Bldg_CHA_L11_A/Mesh,/Game/CitySampleBuildings/Building/CH/A/Kit_Bldg_CHA_L11_A/Mesh/SM_BLDG_CHA_L11_A_CornerEx_01_N1.SM_BLDG_CHA_L11_A_CornerEx_01_N1
CitySampleBuildings,architecture_general,SHORTLISTED,34,keyword:building;keyword:corner;static_mesh;preferred_city_pack;mesh_naming;penalty:sample;normal_path_depth,SM_BLDG_CHA_L11_A_CornerExL_01_N1,StaticMesh,/Game/CitySampleBuildings/Building/CH/A/Kit_Bldg_CHA_L11_A/Mesh/SM_BLDG_CHA_L11_A_CornerExL_01_N1,/Game/CitySampleBuildings/Building/CH/A/Kit_Bldg_CHA_L11_A/Mesh,/Game/CitySampleBuildings/Building/CH/A/Kit_Bldg_CHA_L11_A/Mesh/SM_BLDG_CHA_L11_A_CornerExL_01_N1.SM_BLDG_CHA_L11_A_CornerExL_01_N1
CitySampleBuildings,architecture_general,SHORTLISTED,34,keyword:building;keyword:corner;static_mesh;preferred_city_pack;mesh_naming;penalty:sample;normal_path_depth,SM_BLDG_CHA_L11_A_CornerExR_01_N1,StaticMesh,/Game/CitySampleBuildings/Building/CH/A/Kit_Bldg_CHA_L11_A/Mesh/SM_BLDG_CHA_L11_A_CornerExR_01_N1,/Game/CitySampleBuildings/Building/CH/A/Kit_Bldg_CHA_L11_A/Mesh,/Game/CitySampleBuildings/Building/CH/A/Kit_Bldg_CHA_L11_A/Mesh/SM_BLDG_CHA_L11_A_CornerExR_01_N1.SM_BLDG_CHA_L11_A_CornerExR_01_N1
CitySampleBuildings,architecture_general,SHORTLISTED,34,keyword:building;keyword:corner;static_mesh;preferred_city_pack;mesh_naming;penalty:sample;normal_path_depth,SM_BLDG_CHA_L11_A_CornerIn_01_N1,StaticMesh,/Game/CitySampleBuildings/Building/CH/A/Kit_Bldg_CHA_L11_A/Mesh/SM_BLDG_CHA_L11_A_CornerIn_01_N1,/Game/CitySampleBuildings/Building/CH/A/Kit_Bldg_CHA_L11_A/Mesh,/Game/CitySampleBuildings/Building/CH/A/Kit_Bldg_CHA_L11_A/Mesh/SM_BLDG_CHA_L11_A_CornerIn_01_N1.SM_BLDG_CHA_L11_A_CornerIn_01_N1
CitySampleBuildings,architecture_general,SHORTLISTED,34,keyword:building;keyword:corner;static_mesh;preferred_city_pack;mesh_naming;penalty:sample;normal_path_depth,SM_BLDG_CHA_L11_A_CornerInL_01_N1,StaticMesh,/Game/CitySampleBuildings/Building/CH/A/Kit_Bldg_CHA_L11_A/Mesh/SM_BLDG_CHA_L11_A_CornerInL_01_N1,/Game/CitySampleBuildings/Building/CH/A/Kit_Bldg_CHA_L11_A/Mesh,/Game/CitySampleBuildings/Building/CH/A/Kit_Bldg_CHA_L11_A/Mesh/SM_BLDG_CHA_L11_A_CornerInL_01_N1.SM_BLDG_CHA_L11_A_CornerInL_01_N1
CitySampleBuildings,architecture_general,SHORTLISTED,34,keyword:building;keyword:corner;static_mesh;preferred_city_pack;mesh_naming;penalty:sample;normal_path_depth,SM_BLDG_CHA_L11_A_CornerInR_01_N1,StaticMesh,/Game/CitySampleBuildings/Building/CH/A/Kit_Bldg_CHA_L11_A/Mesh/SM_BLDG_CHA_L11_A_CornerInR_01_N1,/Game/CitySampleBuildings/Building/CH/A/Kit_Bldg_CHA_L11_A/Mesh,/Game/CitySampleBuildings/Building/CH/A/Kit_Bldg_CHA_L11_A/Mesh/SM_BLDG_CHA_L11_A_CornerInR_01_N1.SM_BLDG_CHA_L11_A_CornerInR_01_N1
CitySampleBuildings,architecture_general,SHORTLISTED,34,keyword:building;keyword:corner;static_mesh;preferred_city_pack;mesh_naming;penalty:sample;normal_path_depth,SM_BLDG_CHA_L12_A_CornerEx_01_N1,StaticMesh,/Game/CitySampleBuildings/Building/CH/A/Kit_Bldg_CHA_L12_A/Mesh/SM_BLDG_CHA_L12_A_CornerEx_01_N1,/Game/CitySampleBuildings/Building/CH/A/Kit_Bldg_CHA_L12_A/Mesh,/Game/CitySampleBuildings/Building/CH/A/Kit_Bldg_CHA_L12_A/Mesh/SM_BLDG_CHA_L12_A_CornerEx_01_N1.SM_BLDG_CHA_L12_A_CornerEx_01_N1
CitySampleBuildings,architecture_general,SHORTLISTED,34,keyword:building;keyword:corner;static_mesh;preferred_city_pack;mesh_naming;penalty:sample;normal_path_depth,SM_BLDG_CHA_L12_A_CornerExL_01_N1,StaticMesh,/Game/CitySampleBuildings/Building/CH/A/Kit_Bldg_CHA_L12_A/Mesh/SM_BLDG_CHA_L12_A_CornerExL_01_N1,/Game/CitySampleBuildings/Building/CH/A/Kit_Bldg_CHA_L12_A/Mesh,/Game/CitySampleBuildings/Building/CH/A/Kit_Bldg_CHA_L12_A/Mesh/SM_BLDG_CHA_L12_A_CornerExL_01_N1.SM_BLDG_CHA_L12_A_CornerExL_01_N1
CitySampleBuildings,architecture_general,SHORTLISTED,34,keyword:building;keyword:corner;static_mesh;preferred_city_pack;mesh_naming;penalty:sample;normal_path_depth,SM_BLDG_CHA_L12_A_CornerExR_01_N1,StaticMesh,/Game/CitySampleBuildings/Building/CH/A/Kit_Bldg_CHA_L12_A/Mesh/SM_BLDG_CHA_L12_A_CornerExR_01_N1,/Game/CitySampleBuildings/Building/CH/A/Kit_Bldg_CHA_L12_A/Mesh,/Game/CitySampleBuildings/Building/CH/A/Kit_Bldg_CHA_L12_A/Mesh/SM_BLDG_CHA_L12_A_CornerExR_01_N1.SM_BLDG_CHA_L12_A_CornerExR_01_N1
CitySampleBuildings,architecture_general,SHORTLISTED,34,keyword:building;keyword:corner;static_mesh;preferred_city_pack;mesh_naming;penalty:sample;normal_path_depth,SM_BLDG_CHA_L12_A_CornerIn_01_N1,StaticMesh,/Game/CitySampleBuildings/Building/CH/A/Kit_Bldg_CHA_L12_A/Mesh/SM_BLDG_CHA_L12_A_CornerIn_01_N1,/Game/CitySampleBuildings/Building/CH/A/Kit_Bldg_CHA_L12_A/Mesh,/Game/CitySampleBuildings/Building/CH/A/Kit_Bldg_CHA_L12_A/Mesh/SM_BLDG_CHA_L12_A_CornerIn_01_N1.SM_BLDG_CHA_L12_A_CornerIn_01_N1
CitySampleBuildings,architecture_general,SHORTLISTED,34,keyword:building;keyword:corner;static_mesh;preferred_city_pack;mesh_naming;penalty:sample;normal_path_depth,SM_BLDG_CHA_L12_A_CornerInL_01_N1,StaticMesh,/Game/CitySampleBuildings/Building/CH/A/Kit_Bldg_CHA_L12_A/Mesh/SM_BLDG_CHA_L12_A_CornerInL_01_N1,/Game/CitySampleBuildings/Building/CH/A/Kit_Bldg_CHA_L12_A/Mesh,/Game/CitySampleBuildings/Building/CH/A/Kit_Bldg_CHA_L12_A/Mesh/SM_BLDG_CHA_L12_A_CornerInL_01_N1.SM_BLDG_CHA_L12_A_CornerInL_01_N1
CitySampleBuildings,architecture_general,SHORTLISTED,34,keyword:building;keyword:corner;static_mesh;preferred_city_pack;mesh_naming;penalty:sample;normal_path_depth,SM_BLDG_CHA_L12_A_CornerInR_01_N1,StaticMesh,/Game/CitySampleBuildings/Building/CH/A/Kit_Bldg_CHA_L12_A/Mesh/SM_BLDG_CHA_L12_A_CornerInR_01_N1,/Game/CitySampleBuildings/Building/CH/A/Kit_Bldg_CHA_L12_A/Mesh,/Game/CitySampleBuildings/Building/CH/A/Kit_Bldg_CHA_L12_A/Mesh/SM_BLDG_CHA_L12_A_CornerInR_01_N1.SM_BLDG_CHA_L12_A_CornerInR_01_N1
CitySampleBuildings,architecture_general,SHORTLISTED,34,keyword:building;keyword:corner;static_mesh;preferred_city_pack;mesh_naming;penalty:sample;normal_path_depth,SM_BLDG_CHA_L13_A_CornerEx_01_N1,StaticMesh,/Game/CitySampleBuildings/Building/CH/A/Kit_Bldg_CHA_L13_A/Mesh/SM_BLDG_CHA_L13_A_CornerEx_01_N1,/Game/CitySampleBuildings/Building/CH/A/Kit_Bldg_CHA_L13_A/Mesh,/Game/CitySampleBuildings/Building/CH/A/Kit_Bldg_CHA_L13_A/Mesh/SM_BLDG_CHA_L13_A_CornerEx_01_N1.SM_BLDG_CHA_L13_A_CornerEx_01_N1
CitySampleBuildings,architecture_general,SHORTLISTED,34,keyword:building;keyword:corner;static_mesh;preferred_city_pack;mesh_naming;penalty:sample;normal_path_depth,SM_BLDG_CHA_L13_A_CornerExL_01_N1,StaticMesh,/Game/CitySampleBuildings/Building/CH/A/Kit_Bldg_CHA_L13_A/Mesh/SM_BLDG_CHA_L13_A_CornerExL_01_N1,/Game/CitySampleBuildings/Building/CH/A/Kit_Bldg_CHA_L13_A/Mesh,/Game/CitySampleBuildings/Building/CH/A/Kit_Bldg_CHA_L13_A/Mesh/SM_BLDG_CHA_L13_A_CornerExL_01_N1.SM_BLDG_CHA_L13_A_CornerExL_01_N1
CitySampleBuildings,architecture_general,SHORTLISTED,34,keyword:building;keyword:corner;static_mesh;preferred_city_pack;mesh_naming;penalty:sample;normal_path_depth,SM_BLDG_CHA_L13_A_CornerExR_01_N1,StaticMesh,/Game/CitySampleBuildings/Building/CH/A/Kit_Bldg_CHA_L13_A/Mesh/SM_BLDG_CHA_L13_A_CornerExR_01_N1,/Game/CitySampleBuildings/Building/CH/A/Kit_Bldg_CHA_L13_A/Mesh,/Game/CitySampleBuildings/Building/CH/A/Kit_Bldg_CHA_L13_A/Mesh/SM_BLDG_CHA_L13_A_CornerExR_01_N1.SM_BLDG_CHA_L13_A_CornerExR_01_N1
CitySampleBuildings,architecture_general,SHORTLISTED,34,keyword:building;keyword:corner;static_mesh;preferred_city_pack;mesh_naming;penalty:sample;normal_path_depth,SM_BLDG_CHA_L13_A_CornerIn_01_N1,StaticMesh,/Game/CitySampleBuildings/Building/CH/A/Kit_Bldg_CHA_L13_A/Mesh/SM_BLDG_CHA_L13_A_CornerIn_01_N1,/Game/CitySampleBuildings/Building/CH/A/Kit_Bldg_CHA_L13_A/Mesh,/Game/CitySampleBuildings/Building/CH/A/Kit_Bldg_CHA_L13_A/Mesh/SM_BLDG_CHA_L13_A_CornerIn_01_N1.SM_BLDG_CHA_L13_A_CornerIn_01_N1
CitySampleBuildings,architecture_general,SHORTLISTED,34,keyword:building;keyword:corner;static_mesh;preferred_city_pack;mesh_naming;penalty:sample;normal_path_depth,SM_BLDG_CHA_L13_A_CornerInL_01_N1,StaticMesh,/Game/CitySampleBuildings/Building/CH/A/Kit_Bldg_CHA_L13_A/Mesh/SM_BLDG_CHA_L13_A_CornerInL_01_N1,/Game/CitySampleBuildings/Building/CH/A/Kit_Bldg_CHA_L13_A/Mesh,/Game/CitySampleBuildings/Building/CH/A/Kit_Bldg_CHA_L13_A/Mesh/SM_BLDG_CHA_L13_A_CornerInL_01_N1.SM_BLDG_CHA_L13_A_CornerInL_01_N1
CitySampleBuildings,architecture_general,SHORTLISTED,34,keyword:building;keyword:corner;static_mesh;preferred_city_pack;mesh_naming;penalty:sample;normal_path_depth,SM_BLDG_CHA_L13_A_CornerInR_01_N1,StaticMesh,/Game/CitySampleBuildings/Building/CH/A/Kit_Bldg_CHA_L13_A/Mesh/SM_BLDG_CHA_L13_A_CornerInR_01_N1,/Game/CitySampleBuildings/Building/CH/A/Kit_Bldg_CHA_L13_A/Mesh,/Game/CitySampleBuildings/Building/CH/A/Kit_Bldg_CHA_L13_A/Mesh/SM_BLDG_CHA_L13_A_CornerInR_01_N1.SM_BLDG_CHA_L13_A_CornerInR_01_N1
CitySampleBuildings,architecture_general,SHORTLISTED,34,keyword:building;keyword:corner;static_mesh;preferred_city_pack;mesh_naming;penalty:sample;normal_path_depth,SM_BLDG_CHA_L14_A_CornerEx_01_N1,StaticMesh,/Game/CitySampleBuildings/Building/CH/A/Kit_Bldg_CHA_L14_A/Mesh/SM_BLDG_CHA_L14_A_CornerEx_01_N1,/Game/CitySampleBuildings/Building/CH/A/Kit_Bldg_CHA_L14_A/Mesh,/Game/CitySampleBuildings/Building/CH/A/Kit_Bldg_CHA_L14_A/Mesh/SM_BLDG_CHA_L14_A_CornerEx_01_N1.SM_BLDG_CHA_L14_A_CornerEx_01_N1
CitySampleBuildings,architecture_general,SHORTLISTED,34,keyword:building;keyword:corner;static_mesh;preferred_city_pack;mesh_naming;penalty:sample;normal_path_depth,SM_BLDG_CHA_L14_A_CornerExL_01_N1,StaticMesh,/Game/CitySampleBuildings/Building/CH/A/Kit_Bldg_CHA_L14_A/Mesh/SM_BLDG_CHA_L14_A_CornerExL_01_N1,/Game/CitySampleBuildings/Building/CH/A/Kit_Bldg_CHA_L14_A/Mesh,/Game/CitySampleBuildings/Building/CH/A/Kit_Bldg_CHA_L14_A/Mesh/SM_BLDG_CHA_L14_A_CornerExL_01_N1.SM_BLDG_CHA_L14_A_CornerExL_01_N1
CitySampleBuildings,architecture_general,SHORTLISTED,34,keyword:building;keyword:corner;static_mesh;preferred_city_pack;mesh_naming;penalty:sample;normal_path_depth,SM_BLDG_CHA_L14_A_CornerExR_01_N1,StaticMesh,/Game/CitySampleBuildings/Building/CH/A/Kit_Bldg_CHA_L14_A/Mesh/SM_BLDG_CHA_L14_A_CornerExR_01_N1,/Game/CitySampleBuildings/Building/CH/A/Kit_Bldg_CHA_L14_A/Mesh,/Game/CitySampleBuildings/Building/CH/A/Kit_Bldg_CHA_L14_A/Mesh/SM_BLDG_CHA_L14_A_CornerExR_01_N1.SM_BLDG_CHA_L14_A_CornerExR_01_N1
CitySampleBuildings,architecture_general,SHORTLISTED,34,keyword:building;keyword:corner;static_mesh;preferred_city_pack;mesh_naming;penalty:sample;normal_path_depth,SM_BLDG_CHA_L14_A_CornerIn_01_N1,StaticMesh,/Game/CitySampleBuildings/Building/CH/A/Kit_Bldg_CHA_L14_A/Mesh/SM_BLDG_CHA_L14_A_CornerIn_01_N1,/Game/CitySampleBuildings/Building/CH/A/Kit_Bldg_CHA_L14_A/Mesh,/Game/CitySampleBuildings/Building/CH/A/Kit_Bldg_CHA_L14_A/Mesh/SM_BLDG_CHA_L14_A_CornerIn_01_N1.SM_BLDG_CHA_L14_A_CornerIn_01_N1
CitySampleBuildings,architecture_general,SHORTLISTED,34,keyword:building;keyword:corner;static_mesh;preferred_city_pack;mesh_naming;penalty:sample;normal_path_depth,SM_BLDG_CHA_L14_A_CornerInL_01_N1,StaticMesh,/Game/CitySampleBuildings/Building/CH/A/Kit_Bldg_CHA_L14_A/Mesh/SM_BLDG_CHA_L14_A_CornerInL_01_N1,/Game/CitySampleBuildings/Building/CH/A/Kit_Bldg_CHA_L14_A/Mesh,/Game/CitySampleBuildings/Building/CH/A/Kit_Bldg_CHA_L14_A/Mesh/SM_BLDG_CHA_L14_A_CornerInL_01_N1.SM_BLDG_CHA_L14_A_CornerInL_01_N1
CitySampleBuildings,architecture_general,SHORTLISTED,34,keyword:building;keyword:corner;static_mesh;preferred_city_pack;mesh_naming;penalty:sample;normal_path_depth,SM_BLDG_CHA_L14_A_CornerInR_01_N1,StaticMesh,/Game/CitySampleBuildings/Building/CH/A/Kit_Bldg_CHA_L14_A/Mesh/SM_BLDG_CHA_L14_A_CornerInR_01_N1,/Game/CitySampleBuildings/Building/CH/A/Kit_Bldg_CHA_L14_A/Mesh,/Game/CitySampleBuildings/Building/CH/A/Kit_Bldg_CHA_L14_A/Mesh/SM_BLDG_CHA_L14_A_CornerInR_01_N1.SM_BLDG_CHA_L14_A_CornerInR_01_N1
CitySampleBuildings,architecture_general,SHORTLISTED,34,keyword:building;keyword:corner;static_mesh;preferred_city_pack;mesh_naming;penalty:sample;normal_path_depth,SM_BLDG_CHA_L15_A_CornerEx_01_N1,StaticMesh,/Game/CitySampleBuildings/Building/CH/A/Kit_Bldg_CHA_L15_A/Mesh/SM_BLDG_CHA_L15_A_CornerEx_01_N1,/Game/CitySampleBuildings/Building/CH/A/Kit_Bldg_CHA_L15_A/Mesh,/Game/CitySampleBuildings/Building/CH/A/Kit_Bldg_CHA_L15_A/Mesh/SM_BLDG_CHA_L15_A_CornerEx_01_N1.SM_BLDG_CHA_L15_A_CornerEx_01_N1
CitySampleBuildings,architecture_general,SHORTLISTED,34,keyword:building;keyword:corner;static_mesh;preferred_city_pack;mesh_naming;penalty:sample;normal_path_depth,SM_BLDG_CHA_L15_A_CornerExL_01_N1,StaticMesh,/Game/CitySampleBuildings/Building/CH/A/Kit_Bldg_CHA_L15_A/Mesh/SM_BLDG_CHA_L15_A_CornerExL_01_N1,/Game/CitySampleBuildings/Building/CH/A/Kit_Bldg_CHA_L15_A/Mesh,/Game/CitySampleBuildings/Building/CH/A/Kit_Bldg_CHA_L15_A/Mesh/SM_BLDG_CHA_L15_A_CornerExL_01_N1.SM_BLDG_CHA_L15_A_CornerExL_01_N1
CitySampleBuildings,architecture_general,SHORTLISTED,34,keyword:building;keyword:corner;static_mesh;preferred_city_pack;mesh_naming;penalty:sample;normal_path_depth,SM_BLDG_CHA_L15_A_CornerExR_01_N1,StaticMesh,/Game/CitySampleBuildings/Building/CH/A/Kit_Bldg_CHA_L15_A/Mesh/SM_BLDG_CHA_L15_A_CornerExR_01_N1,/Game/CitySampleBuildings/Building/CH/A/Kit_Bldg_CHA_L15_A/Mesh,/Game/CitySampleBuildings/Building/CH/A/Kit_Bldg_CHA_L15_A/Mesh/SM_BLDG_CHA_L15_A_CornerExR_01_N1.SM_BLDG_CHA_L15_A_CornerExR_01_N1
CitySampleBuildings,architecture_general,SHORTLISTED,34,keyword:building;keyword:corner;static_mesh;preferred_city_pack;mesh_naming;penalty:sample;normal_path_depth,SM_BLDG_CHA_L15_A_CornerIn_01_N1,StaticMesh,/Game/CitySampleBuildings/Building/CH/A/Kit_Bldg_CHA_L15_A/Mesh/SM_BLDG_CHA_L15_A_CornerIn_01_N1,/Game/CitySampleBuildings/Building/CH/A/Kit_Bldg_CHA_L15_A/Mesh,/Game/CitySampleBuildings/Building/CH/A/Kit_Bldg_CHA_L15_A/Mesh/SM_BLDG_CHA_L15_A_CornerIn_01_N1.SM_BLDG_CHA_L15_A_CornerIn_01_N1
CitySampleBuildings,architecture_general,SHORTLISTED,34,keyword:building;keyword:corner;static_mesh;preferred_city_pack;mesh_naming;penalty:sample;normal_path_depth,SM_BLDG_CHA_L15_A_CornerInL_01_N1,StaticMesh,/Game/CitySampleBuildings/Building/CH/A/Kit_Bldg_CHA_L15_A/Mesh/SM_BLDG_CHA_L15_A_CornerInL_01_N1,/Game/CitySampleBuildings/Building/CH/A/Kit_Bldg_CHA_L15_A/Mesh,/Game/CitySampleBuildings/Building/CH/A/Kit_Bldg_CHA_L15_A/Mesh/SM_BLDG_CHA_L15_A_CornerInL_01_N1.SM_BLDG_CHA_L15_A_CornerInL_01_N1
CitySampleBuildings,architecture_general,SHORTLISTED,34,keyword:building;keyword:corner;static_mesh;preferred_city_pack;mesh_naming;penalty:sample;normal_path_depth,SM_BLDG_CHA_L15_A_CornerInR_01_N1,StaticMesh,/Game/CitySampleBuildings/Building/CH/A/Kit_Bldg_CHA_L15_A/Mesh/SM_BLDG_CHA_L15_A_CornerInR_01_N1,/Game/CitySampleBuildings/Building/CH/A/Kit_Bldg_CHA_L15_A/Mesh,/Game/CitySampleBuildings/Building/CH/A/Kit_Bldg_CHA_L15_A/Mesh/SM_BLDG_CHA_L15_A_CornerInR_01_N1.SM_BLDG_CHA_L15_A_CornerInR_01_N1
CitySampleBuildings,architecture_general,SHORTLISTED,34,keyword:building;keyword:corner;static_mesh;preferred_city_pack;mesh_naming;penalty:sample;normal_path_depth,SM_BLDG_CHA_L16_A_CornerEx_01_N1,StaticMesh,/Game/CitySampleBuildings/Building/CH/A/Kit_Bldg_CHA_L16_A/Mesh/SM_BLDG_CHA_L16_A_CornerEx_01_N1,/Game/CitySampleBuildings/Building/CH/A/Kit_Bldg_CHA_L16_A/Mesh,/Game/CitySampleBuildings/Building/CH/A/Kit_Bldg_CHA_L16_A/Mesh/SM_BLDG_CHA_L16_A_CornerEx_01_N1.SM_BLDG_CHA_L16_A_CornerEx_01_N1
CitySampleBuildings,architecture_general,SHORTLISTED,34,keyword:building;keyword:corner;static_mesh;preferred_city_pack;mesh_naming;penalty:sample;normal_path_depth,SM_BLDG_CHA_L16_A_CornerExL_01_N1,StaticMesh,/Game/CitySampleBuildings/Building/CH/A/Kit_Bldg_CHA_L16_A/Mesh/SM_BLDG_CHA_L16_A_CornerExL_01_N1,/Game/CitySampleBuildings/Building/CH/A/Kit_Bldg_CHA_L16_A/Mesh,/Game/CitySampleBuildings/Building/CH/A/Kit_Bldg_CHA_L16_A/Mesh/SM_BLDG_CHA_L16_A_CornerExL_01_N1.SM_BLDG_CHA_L16_A_CornerExL_01_N1
CitySampleBuildings,architecture_general,SHORTLISTED,34,keyword:building;keyword:corner;static_mesh;preferred_city_pack;mesh_naming;penalty:sample;normal_path_depth,SM_BLDG_CHA_L16_A_CornerExR_01_N1,StaticMesh,/Game/CitySampleBuildings/Building/CH/A/Kit_Bldg_CHA_L16_A/Mesh/SM_BLDG_CHA_L16_A_CornerExR_01_N1,/Game/CitySampleBuildings/Building/CH/A/Kit_Bldg_CHA_L16_A/Mesh,/Game/CitySampleBuildings/Building/CH/A/Kit_Bldg_CHA_L16_A/Mesh/SM_BLDG_CHA_L16_A_CornerExR_01_N1.SM_BLDG_CHA_L16_A_CornerExR_01_N1
CitySampleBuildings,architecture_general,SHORTLISTED,34,keyword:building;keyword:corner;static_mesh;preferred_city_pack;mesh_naming;penalty:sample;normal_path_depth,SM_BLDG_CHA_L16_A_CornerIn_01_N1,StaticMesh,/Game/CitySampleBuildings/Building/CH/A/Kit_Bldg_CHA_L16_A/Mesh/SM_BLDG_CHA_L16_A_CornerIn_01_N1,/Game/CitySampleBuildings/Building/CH/A/Kit_Bldg_CHA_L16_A/Mesh,/Game/CitySampleBuildings/Building/CH/A/Kit_Bldg_CHA_L16_A/Mesh/SM_BLDG_CHA_L16_A_CornerIn_01_N1.SM_BLDG_CHA_L16_A_CornerIn_01_N1
CitySampleBuildings,architecture_general,SHORTLISTED,34,keyword:building;keyword:corner;static_mesh;preferred_city_pack;mesh_naming;penalty:sample;normal_path_depth,SM_BLDG_CHA_L16_A_CornerInL_01_N1,StaticMesh,/Game/CitySampleBuildings/Building/CH/A/Kit_Bldg_CHA_L16_A/Mesh/SM_BLDG_CHA_L16_A_CornerInL_01_N1,/Game/CitySampleBuildings/Building/CH/A/Kit_Bldg_CHA_L16_A/Mesh,/Game/CitySampleBuildings/Building/CH/A/Kit_Bldg_CHA_L16_A/Mesh/SM_BLDG_CHA_L16_A_CornerInL_01_N1.SM_BLDG_CHA_L16_A_CornerInL_01_N1
CitySampleBuildings,architecture_general,SHORTLISTED,34,keyword:building;keyword:corner;static_mesh;preferred_city_pack;mesh_naming;penalty:sample;normal_path_depth,SM_BLDG_CHA_L16_A_CornerInR_01_N1,StaticMesh,/Game/CitySampleBuildings/Building/CH/A/Kit_Bldg_CHA_L16_A/Mesh/SM_BLDG_CHA_L16_A_CornerInR_01_N1,/Game/CitySampleBuildings/Building/CH/A/Kit_Bldg_CHA_L16_A/Mesh,/Game/CitySampleBuildings/Building/CH/A/Kit_Bldg_CHA_L16_A/Mesh/SM_BLDG_CHA_L16_A_CornerInR_01_N1.SM_BLDG_CHA_L16_A_CornerInR_01_N1
CitySampleBuildings,architecture_general,SHORTLISTED,34,keyword:building;keyword:corner;static_mesh;preferred_city_pack;mesh_naming;penalty:sample;normal_path_depth,SM_BLDG_CHA_L17_A_CornerEx_01_N1,StaticMesh,/Game/CitySampleBuildings/Building/CH/A/Kit_Bldg_CHA_L17_A/Mesh/SM_BLDG_CHA_L17_A_CornerEx_01_N1,/Game/CitySampleBuildings/Building/CH/A/Kit_Bldg_CHA_L17_A/Mesh,/Game/CitySampleBuildings/Building/CH/A/Kit_Bldg_CHA_L17_A/Mesh/SM_BLDG_CHA_L17_A_CornerEx_01_N1.SM_BLDG_CHA_L17_A_CornerEx_01_N1
CitySampleBuildings,architecture_general,SHORTLISTED,34,keyword:building;keyword:corner;static_mesh;preferred_city_pack;mesh_naming;penalty:sample;normal_path_depth,SM_BLDG_CHA_L17_A_CornerExL_01_N1,StaticMesh,/Game/CitySampleBuildings/Building/CH/A/Kit_Bldg_CHA_L17_A/Mesh/SM_BLDG_CHA_L17_A_CornerExL_01_N1,/Game/CitySampleBuildings/Building/CH/A/Kit_Bldg_CHA_L17_A/Mesh,/Game/CitySampleBuildings/Building/CH/A/Kit_Bldg_CHA_L17_A/Mesh/SM_BLDG_CHA_L17_A_CornerExL_01_N1.SM_BLDG_CHA_L17_A_CornerExL_01_N1
CitySampleBuildings,architecture_general,SHORTLISTED,34,keyword:building;keyword:corner;static_mesh;preferred_city_pack;mesh_naming;penalty:sample;normal_path_depth,SM_BLDG_CHA_L17_A_CornerExR_01_N1,StaticMesh,/Game/CitySampleBuildings/Building/CH/A/Kit_Bldg_CHA_L17_A/Mesh/SM_BLDG_CHA_L17_A_CornerExR_01_N1,/Game/CitySampleBuildings/Building/CH/A/Kit_Bldg_CHA_L17_A/Mesh,/Game/CitySampleBuildings/Building/CH/A/Kit_Bldg_CHA_L17_A/Mesh/SM_BLDG_CHA_L17_A_CornerExR_01_N1.SM_BLDG_CHA_L17_A_CornerExR_01_N1
CitySampleBuildings,architecture_general,SHORTLISTED,34,keyword:building;keyword:corner;static_mesh;preferred_city_pack;mesh_naming;penalty:sample;normal_path_depth,SM_BLDG_CHA_L17_A_CornerIn_01_N1,StaticMesh,/Game/CitySampleBuildings/Building/CH/A/Kit_Bldg_CHA_L17_A/Mesh/SM_BLDG_CHA_L17_A_CornerIn_01_N1,/Game/CitySampleBuildings/Building/CH/A/Kit_Bldg_CHA_L17_A/Mesh,/Game/CitySampleBuildings/Building/CH/A/Kit_Bldg_CHA_L17_A/Mesh/SM_BLDG_CHA_L17_A_CornerIn_01_N1.SM_BLDG_CHA_L17_A_CornerIn_01_N1
CitySampleBuildings,architecture_general,SHORTLISTED,34,keyword:building;keyword:corner;static_mesh;preferred_city_pack;mesh_naming;penalty:sample;normal_path_depth,SM_BLDG_CHA_L17_A_CornerInL_01_N1,StaticMesh,/Game/CitySampleBuildings/Building/CH/A/Kit_Bldg_CHA_L17_A/Mesh/SM_BLDG_CHA_L17_A_CornerInL_01_N1,/Game/CitySampleBuildings/Building/CH/A/Kit_Bldg_CHA_L17_A/Mesh,/Game/CitySampleBuildings/Building/CH/A/Kit_Bldg_CHA_L17_A/Mesh/SM_BLDG_CHA_L17_A_CornerInL_01_N1.SM_BLDG_CHA_L17_A_CornerInL_01_N1
CitySampleBuildings,architecture_general,SHORTLISTED,34,keyword:building;keyword:corner;static_mesh;preferred_city_pack;mesh_naming;penalty:sample;normal_path_depth,SM_BLDG_CHA_L17_A_CornerInR_01_N1,StaticMesh,/Game/CitySampleBuildings/Building/CH/A/Kit_Bldg_CHA_L17_A/Mesh/SM_BLDG_CHA_L17_A_CornerInR_01_N1,/Game/CitySampleBuildings/Building/CH/A/Kit_Bldg_CHA_L17_A/Mesh,/Game/CitySampleBuildings/Building/CH/A/Kit_Bldg_CHA_L17_A/Mesh/SM_BLDG_CHA_L17_A_CornerInR_01_N1.SM_BLDG_CHA_L17_A_CornerInR_01_N1
CitySampleBuildings,architecture_general,SHORTLISTED,34,keyword:building;keyword:corner;static_mesh;preferred_city_pack;mesh_naming;penalty:sample;normal_path_depth,SM_BLDG_CHA_L18_A_CornerEx_01_N1,StaticMesh,/Game/CitySampleBuildings/Building/CH/A/Kit_Bldg_CHA_L18_A/Mesh/SM_BLDG_CHA_L18_A_CornerEx_01_N1,/Game/CitySampleBuildings/Building/CH/A/Kit_Bldg_CHA_L18_A/Mesh,/Game/CitySampleBuildings/Building/CH/A/Kit_Bldg_CHA_L18_A/Mesh/SM_BLDG_CHA_L18_A_CornerEx_01_N1.SM_BLDG_CHA_L18_A_CornerEx_01_N1
CitySampleBuildings,architecture_general,SHORTLISTED,34,keyword:building;keyword:corner;static_mesh;preferred_city_pack;mesh_naming;penalty:sample;normal_path_depth,SM_BLDG_CHA_L18_A_CornerExL_01_N1,StaticMesh,/Game/CitySampleBuildings/Building/CH/A/Kit_Bldg_CHA_L18_A/Mesh/SM_BLDG_CHA_L18_A_CornerExL_01_N1,/Game/CitySampleBuildings/Building/CH/A/Kit_Bldg_CHA_L18_A/Mesh,/Game/CitySampleBuildings/Building/CH/A/Kit_Bldg_CHA_L18_A/Mesh/SM_BLDG_CHA_L18_A_CornerExL_01_N1.SM_BLDG_CHA_L18_A_CornerExL_01_N1
CitySampleBuildings,architecture_general,SHORTLISTED,34,keyword:building;keyword:corner;static_mesh;preferred_city_pack;mesh_naming;penalty:sample;normal_path_depth,SM_BLDG_CHA_L18_A_CornerExR_01_N1,StaticMesh,/Game/CitySampleBuildings/Building/CH/A/Kit_Bldg_CHA_L18_A/Mesh/SM_BLDG_CHA_L18_A_CornerExR_01_N1,/Game/CitySampleBuildings/Building/CH/A/Kit_Bldg_CHA_L18_A/Mesh,/Game/CitySampleBuildings/Building/CH/A/Kit_Bldg_CHA_L18_A/Mesh/SM_BLDG_CHA_L18_A_CornerExR_01_N1.SM_BLDG_CHA_L18_A_CornerExR_01_N1
CitySampleBuildings,architecture_general,SHORTLISTED,34,keyword:building;keyword:corner;static_mesh;preferred_city_pack;mesh_naming;penalty:sample;normal_path_depth,SM_BLDG_CHA_L18_A_CornerIn_01_N1,StaticMesh,/Game/CitySampleBuildings/Building/CH/A/Kit_Bldg_CHA_L18_A/Mesh/SM_BLDG_CHA_L18_A_CornerIn_01_N1,/Game/CitySampleBuildings/Building/CH/A/Kit_Bldg_CHA_L18_A/Mesh,/Game/CitySampleBuildings/Building/CH/A/Kit_Bldg_CHA_L18_A/Mesh/SM_BLDG_CHA_L18_A_CornerIn_01_N1.SM_BLDG_CHA_L18_A_CornerIn_01_N1
CitySampleBuildings,architecture_general,SHORTLISTED,34,keyword:building;keyword:corner;static_mesh;preferred_city_pack;mesh_naming;penalty:sample;normal_path_depth,SM_BLDG_CHA_L18_A_CornerInL_01_N1,StaticMesh,/Game/CitySampleBuildings/Building/CH/A/Kit_Bldg_CHA_L18_A/Mesh/SM_BLDG_CHA_L18_A_CornerInL_01_N1,/Game/CitySampleBuildings/Building/CH/A/Kit_Bldg_CHA_L18_A/Mesh,/Game/CitySampleBuildings/Building/CH/A/Kit_Bldg_CHA_L18_A/Mesh/SM_BLDG_CHA_L18_A_CornerInL_01_N1.SM_BLDG_CHA_L18_A_CornerInL_01_N1
CitySampleBuildings,architecture_general,SHORTLISTED,34,keyword:building;keyword:corner;static_mesh;preferred_city_pack;mesh_naming;penalty:sample;normal_path_depth,SM_BLDG_CHA_L18_A_CornerInR_01_N1,StaticMesh,/Game/CitySampleBuildings/Building/CH/A/Kit_Bldg_CHA_L18_A/Mesh/SM_BLDG_CHA_L18_A_CornerInR_01_N1,/Game/CitySampleBuildings/Building/CH/A/Kit_Bldg_CHA_L18_A/Mesh,/Game/CitySampleBuildings/Building/CH/A/Kit_Bldg_CHA_L18_A/Mesh/SM_BLDG_CHA_L18_A_CornerInR_01_N1.SM_BLDG_CHA_L18_A_CornerInR_01_N1
CitySampleBuildings,architecture_general,SHORTLISTED,34,keyword:building;keyword:corner;static_mesh;preferred_city_pack;mesh_naming;penalty:sample;normal_path_depth,SM_BLDG_CHA_L19_A_CornerEx_01_N1,StaticMesh,/Game/CitySampleBuildings/Building/CH/A/Kit_Bldg_CHA_L19_A/Mesh/SM_BLDG_CHA_L19_A_CornerEx_01_N1,/Game/CitySampleBuildings/Building/CH/A/Kit_Bldg_CHA_L19_A/Mesh,/Game/CitySampleBuildings/Building/CH/A/Kit_Bldg_CHA_L19_A/Mesh/SM_BLDG_CHA_L19_A_CornerEx_01_N1.SM_BLDG_CHA_L19_A_CornerEx_01_N1
CitySampleBuildings,architecture_general,SHORTLISTED,34,keyword:building;keyword:corner;static_mesh;preferred_city_pack;mesh_naming;penalty:sample;normal_path_depth,SM_BLDG_CHA_L19_A_CornerExL_01_N1,StaticMesh,/Game/CitySampleBuildings/Building/CH/A/Kit_Bldg_CHA_L19_A/Mesh/SM_BLDG_CHA_L19_A_CornerExL_01_N1,/Game/CitySampleBuildings/Building/CH/A/Kit_Bldg_CHA_L19_A/Mesh,/Game/CitySampleBuildings/Building/CH/A/Kit_Bldg_CHA_L19_A/Mesh/SM_BLDG_CHA_L19_A_CornerExL_01_N1.SM_BLDG_CHA_L19_A_CornerExL_01_N1
CitySampleBuildings,architecture_general,SHORTLISTED,34,keyword:building;keyword:corner;static_mesh;preferred_city_pack;mesh_naming;penalty:sample;normal_path_depth,SM_BLDG_CHA_L19_A_CornerExR_01_N1,StaticMesh,/Game/CitySampleBuildings/Building/CH/A/Kit_Bldg_CHA_L19_A/Mesh/SM_BLDG_CHA_L19_A_CornerExR_01_N1,/Game/CitySampleBuildings/Building/CH/A/Kit_Bldg_CHA_L19_A/Mesh,/Game/CitySampleBuildings/Building/CH/A/Kit_Bldg_CHA_L19_A/Mesh/SM_BLDG_CHA_L19_A_CornerExR_01_N1.SM_BLDG_CHA_L19_A_CornerExR_01_N1
CitySampleBuildings,architecture_general,SHORTLISTED,34,keyword:building;keyword:corner;static_mesh;preferred_city_pack;mesh_naming;penalty:sample;normal_path_depth,SM_BLDG_CHA_L19_A_CornerIn_01_N1,StaticMesh,/Game/CitySampleBuildings/Building/CH/A/Kit_Bldg_CHA_L19_A/Mesh/SM_BLDG_CHA_L19_A_CornerIn_01_N1,/Game/CitySampleBuildings/Building/CH/A/Kit_Bldg_CHA_L19_A/Mesh,/Game/CitySampleBuildings/Building/CH/A/Kit_Bldg_CHA_L19_A/Mesh/SM_BLDG_CHA_L19_A_CornerIn_01_N1.SM_BLDG_CHA_L19_A_CornerIn_01_N1
CitySampleBuildings,architecture_general,SHORTLISTED,34,keyword:building;keyword:corner;static_mesh;preferred_city_pack;mesh_naming;penalty:sample;normal_path_depth,SM_BLDG_CHA_L19_A_CornerInL_01_N1,StaticMesh,/Game/CitySampleBuildings/Building/CH/A/Kit_Bldg_CHA_L19_A/Mesh/SM_BLDG_CHA_L19_A_CornerInL_01_N1,/Game/CitySampleBuildings/Building/CH/A/Kit_Bldg_CHA_L19_A/Mesh,/Game/CitySampleBuildings/Building/CH/A/Kit_Bldg_CHA_L19_A/Mesh/SM_BLDG_CHA_L19_A_CornerInL_01_N1.SM_BLDG_CHA_L19_A_CornerInL_01_N1
CitySampleBuildings,architecture_general,SHORTLISTED,34,keyword:building;keyword:corner;static_mesh;preferred_city_pack;mesh_naming;penalty:sample;normal_path_depth,SM_BLDG_CHA_L19_A_CornerInR_01_N1,StaticMesh,/Game/CitySampleBuildings/Building/CH/A/Kit_Bldg_CHA_L19_A/Mesh/SM_BLDG_CHA_L19_A_CornerInR_01_N1,/Game/CitySampleBuildings/Building/CH/A/Kit_Bldg_CHA_L19_A/Mesh,/Game/CitySampleBuildings/Building/CH/A/Kit_Bldg_CHA_L19_A/Mesh/SM_BLDG_CHA_L19_A_CornerInR_01_N1.SM_BLDG_CHA_L19_A_CornerInR_01_N1
CitySampleBuildings,architecture_general,SHORTLISTED,34,keyword:building;keyword:corner;static_mesh;preferred_city_pack;mesh_naming;penalty:sample;normal_path_depth,SM_BLDG_CHA_L01_A_CornerEx_01_N1,StaticMesh,/Game/CitySampleBuildings/Building/CH/A/Kit_Bldg_CHa_L1_A/Mesh/SM_BLDG_CHA_L01_A_CornerEx_01_N1,/Game/CitySampleBuildings/Building/CH/A/Kit_Bldg_CHa_L1_A/Mesh,/Game/CitySampleBuildings/Building/CH/A/Kit_Bldg_CHa_L1_A/Mesh/SM_BLDG_CHA_L01_A_CornerEx_01_N1.SM_BLDG_CHA_L01_A_CornerEx_01_N1
CitySampleBuildings,architecture_general,SHORTLISTED,34,keyword:building;keyword:corner;static_mesh;preferred_city_pack;mesh_naming;penalty:sample;normal_path_depth,SM_BLDG_CHA_L01_A_CornerExL_01_N1,StaticMesh,/Game/CitySampleBuildings/Building/CH/A/Kit_Bldg_CHa_L1_A/Mesh/SM_BLDG_CHA_L01_A_CornerExL_01_N1,/Game/CitySampleBuildings/Building/CH/A/Kit_Bldg_CHa_L1_A/Mesh,/Game/CitySampleBuildings/Building/CH/A/Kit_Bldg_CHa_L1_A/Mesh/SM_BLDG_CHA_L01_A_CornerExL_01_N1.SM_BLDG_CHA_L01_A_CornerExL_01_N1
CitySampleBuildings,architecture_general,SHORTLISTED,34,keyword:building;keyword:corner;static_mesh;preferred_city_pack;mesh_naming;penalty:sample;normal_path_depth,SM_BLDG_CHA_L01_A_CornerExR_01_N1,StaticMesh,/Game/CitySampleBuildings/Building/CH/A/Kit_Bldg_CHa_L1_A/Mesh/SM_BLDG_CHA_L01_A_CornerExR_01_N1,/Game/CitySampleBuildings/Building/CH/A/Kit_Bldg_CHa_L1_A/Mesh,/Game/CitySampleBuildings/Building/CH/A/Kit_Bldg_CHa_L1_A/Mesh/SM_BLDG_CHA_L01_A_CornerExR_01_N1.SM_BLDG_CHA_L01_A_CornerExR_01_N1
CitySampleBuildings,architecture_general,SHORTLISTED,34,keyword:building;keyword:corner;static_mesh;preferred_city_pack;mesh_naming;penalty:sample;normal_path_depth,SM_BLDG_CHA_L01_A_CornerIn_01_N1,StaticMesh,/Game/CitySampleBuildings/Building/CH/A/Kit_Bldg_CHa_L1_A/Mesh/SM_BLDG_CHA_L01_A_CornerIn_01_N1,/Game/CitySampleBuildings/Building/CH/A/Kit_Bldg_CHa_L1_A/Mesh,/Game/CitySampleBuildings/Building/CH/A/Kit_Bldg_CHa_L1_A/Mesh/SM_BLDG_CHA_L01_A_CornerIn_01_N1.SM_BLDG_CHA_L01_A_CornerIn_01_N1
CitySampleBuildings,architecture_general,SHORTLISTED,34,keyword:building;keyword:corner;static_mesh;preferred_city_pack;mesh_naming;penalty:sample;normal_path_depth,SM_BLDG_CHA_L01_A_CornerInL_01_N1,StaticMesh,/Game/CitySampleBuildings/Building/CH/A/Kit_Bldg_CHa_L1_A/Mesh/SM_BLDG_CHA_L01_A_CornerInL_01_N1,/Game/CitySampleBuildings/Building/CH/A/Kit_Bldg_CHa_L1_A/Mesh,/Game/CitySampleBuildings/Building/CH/A/Kit_Bldg_CHa_L1_A/Mesh/SM_BLDG_CHA_L01_A_CornerInL_01_N1.SM_BLDG_CHA_L01_A_CornerInL_01_N1
CitySampleBuildings,architecture_general,SHORTLISTED,34,keyword:building;keyword:corner;static_mesh;preferred_city_pack;mesh_naming;penalty:sample;normal_path_depth,SM_BLDG_CHA_L01_A_CornerInR_01_N1,StaticMesh,/Game/CitySampleBuildings/Building/CH/A/Kit_Bldg_CHa_L1_A/Mesh/SM_BLDG_CHA_L01_A_CornerInR_01_N1,/Game/CitySampleBuildings/Building/CH/A/Kit_Bldg_CHa_L1_A/Mesh,/Game/CitySampleBuildings/Building/CH/A/Kit_Bldg_CHa_L1_A/Mesh/SM_BLDG_CHA_L01_A_CornerInR_01_N1.SM_BLDG_CHA_L01_A_CornerInR_01_N1
CitySampleBuildings,architecture_general,SHORTLISTED,34,keyword:building;keyword:corner;static_mesh;preferred_city_pack;mesh_naming;penalty:sample;normal_path_depth,SM_BLDG_CHA_L21_A_CornerEx_01_N1,StaticMesh,/Game/CitySampleBuildings/Building/CH/A/Kit_Bldg_CHa_L21_A/Mesh/SM_BLDG_CHA_L21_A_CornerEx_01_N1,/Game/CitySampleBuildings/Building/CH/A/Kit_Bldg_CHa_L21_A/Mesh,/Game/CitySampleBuildings/Building/CH/A/Kit_Bldg_CHa_L21_A/Mesh/SM_BLDG_CHA_L21_A_CornerEx_01_N1.SM_BLDG_CHA_L21_A_CornerEx_01_N1
CitySampleBuildings,architecture_general,SHORTLISTED,34,keyword:building;keyword:corner;static_mesh;preferred_city_pack;mesh_naming;penalty:sample;normal_path_depth,SM_BLDG_CHA_L21_A_CornerExL_01_N1,StaticMesh,/Game/CitySampleBuildings/Building/CH/A/Kit_Bldg_CHa_L21_A/Mesh/SM_BLDG_CHA_L21_A_CornerExL_01_N1,/Game/CitySampleBuildings/Building/CH/A/Kit_Bldg_CHa_L21_A/Mesh,/Game/CitySampleBuildings/Building/CH/A/Kit_Bldg_CHa_L21_A/Mesh/SM_BLDG_CHA_L21_A_CornerExL_01_N1.SM_BLDG_CHA_L21_A_CornerExL_01_N1
CitySampleBuildings,architecture_general,SHORTLISTED,34,keyword:building;keyword:corner;static_mesh;preferred_city_pack;mesh_naming;penalty:sample;normal_path_depth,SM_BLDG_CHA_L21_A_CornerExR_01_N1,StaticMesh,/Game/CitySampleBuildings/Building/CH/A/Kit_Bldg_CHa_L21_A/Mesh/SM_BLDG_CHA_L21_A_CornerExR_01_N1,/Game/CitySampleBuildings/Building/CH/A/Kit_Bldg_CHa_L21_A/Mesh,/Game/CitySampleBuildings/Building/CH/A/Kit_Bldg_CHa_L21_A/Mesh/SM_BLDG_CHA_L21_A_CornerExR_01_N1.SM_BLDG_CHA_L21_A_CornerExR_01_N1
CitySampleBuildings,architecture_general,SHORTLISTED,34,keyword:building;keyword:corner;static_mesh;preferred_city_pack;mesh_naming;penalty:sample;normal_path_depth,SM_BLDG_CHA_L21_A_CornerIn_01_N1,StaticMesh,/Game/CitySampleBuildings/Building/CH/A/Kit_Bldg_CHa_L21_A/Mesh/SM_BLDG_CHA_L21_A_CornerIn_01_N1,/Game/CitySampleBuildings/Building/CH/A/Kit_Bldg_CHa_L21_A/Mesh,/Game/CitySampleBuildings/Building/CH/A/Kit_Bldg_CHa_L21_A/Mesh/SM_BLDG_CHA_L21_A_CornerIn_01_N1.SM_BLDG_CHA_L21_A_CornerIn_01_N1
CitySampleBuildings,architecture_general,SHORTLISTED,34,keyword:building;keyword:corner;static_mesh;preferred_city_pack;mesh_naming;penalty:sample;normal_path_depth,SM_BLDG_CHA_L21_A_CornerInL_01_N1,StaticMesh,/Game/CitySampleBuildings/Building/CH/A/Kit_Bldg_CHa_L21_A/Mesh/SM_BLDG_CHA_L21_A_CornerInL_01_N1,/Game/CitySampleBuildings/Building/CH/A/Kit_Bldg_CHa_L21_A/Mesh,/Game/CitySampleBuildings/Building/CH/A/Kit_Bldg_CHa_L21_A/Mesh/SM_BLDG_CHA_L21_A_CornerInL_01_N1.SM_BLDG_CHA_L21_A_CornerInL_01_N1
CitySampleBuildings,architecture_general,SHORTLISTED,34,keyword:building;keyword:corner;static_mesh;preferred_city_pack;mesh_naming;penalty:sample;normal_path_depth,SM_BLDG_CHA_L21_A_CornerInR_01_N1,StaticMesh,/Game/CitySampleBuildings/Building/CH/A/Kit_Bldg_CHa_L21_A/Mesh/SM_BLDG_CHA_L21_A_CornerInR_01_N1,/Game/CitySampleBuildings/Building/CH/A/Kit_Bldg_CHa_L21_A/Mesh,/Game/CitySampleBuildings/Building/CH/A/Kit_Bldg_CHa_L21_A/Mesh/SM_BLDG_CHA_L21_A_CornerInR_01_N1.SM_BLDG_CHA_L21_A_CornerInR_01_N1
CitySampleBuildings,architecture_general,SHORTLISTED,34,keyword:building;keyword:corner;static_mesh;preferred_city_pack;mesh_naming;penalty:sample;normal_path_depth,SM_BLDG_CHA_L02_A_CornerEx_01_N1,StaticMesh,/Game/CitySampleBuildings/Building/CH/A/Kit_Bldg_CHA_L2_A/Mesh/SM_BLDG_CHA_L02_A_CornerEx_01_N1,/Game/CitySampleBuildings/Building/CH/A/Kit_Bldg_CHA_L2_A/Mesh,/Game/CitySampleBuildings/Building/CH/A/Kit_Bldg_CHA_L2_A/Mesh/SM_BLDG_CHA_L02_A_CornerEx_01_N1.SM_BLDG_CHA_L02_A_CornerEx_01_N1
CitySampleBuildings,architecture_general,SHORTLISTED,34,keyword:building;keyword:corner;static_mesh;preferred_city_pack;mesh_naming;penalty:sample;normal_path_depth,SM_BLDG_CHA_L02_A_CornerExL_01_N1,StaticMesh,/Game/CitySampleBuildings/Building/CH/A/Kit_Bldg_CHA_L2_A/Mesh/SM_BLDG_CHA_L02_A_CornerExL_01_N1,/Game/CitySampleBuildings/Building/CH/A/Kit_Bldg_CHA_L2_A/Mesh,/Game/CitySampleBuildings/Building/CH/A/Kit_Bldg_CHA_L2_A/Mesh/SM_BLDG_CHA_L02_A_CornerExL_01_N1.SM_BLDG_CHA_L02_A_CornerExL_01_N1
CitySampleBuildings,architecture_general,SHORTLISTED,34,keyword:building;keyword:corner;static_mesh;preferred_city_pack;mesh_naming;penalty:sample;normal_path_depth,SM_BLDG_CHA_L02_A_CornerExR_01_N1,StaticMesh,/Game/CitySampleBuildings/Building/CH/A/Kit_Bldg_CHA_L2_A/Mesh/SM_BLDG_CHA_L02_A_CornerExR_01_N1,/Game/CitySampleBuildings/Building/CH/A/Kit_Bldg_CHA_L2_A/Mesh,/Game/CitySampleBuildings/Building/CH/A/Kit_Bldg_CHA_L2_A/Mesh/SM_BLDG_CHA_L02_A_CornerExR_01_N1.SM_BLDG_CHA_L02_A_CornerExR_01_N1
CitySampleBuildings,architecture_general,SHORTLISTED,34,keyword:building;keyword:corner;static_mesh;preferred_city_pack;mesh_naming;penalty:sample;normal_path_depth,SM_BLDG_CHA_L02_A_CornerIn_01_N1,StaticMesh,/Game/CitySampleBuildings/Building/CH/A/Kit_Bldg_CHA_L2_A/Mesh/SM_BLDG_CHA_L02_A_CornerIn_01_N1,/Game/CitySampleBuildings/Building/CH/A/Kit_Bldg_CHA_L2_A/Mesh,/Game/CitySampleBuildings/Building/CH/A/Kit_Bldg_CHA_L2_A/Mesh/SM_BLDG_CHA_L02_A_CornerIn_01_N1.SM_BLDG_CHA_L02_A_CornerIn_01_N1
CitySampleBuildings,architecture_general,SHORTLISTED,34,keyword:building;keyword:corner;static_mesh;preferred_city_pack;mesh_naming;penalty:sample;normal_path_depth,SM_BLDG_CHA_L02_A_CornerInL_01_N1,StaticMesh,/Game/CitySampleBuildings/Building/CH/A/Kit_Bldg_CHA_L2_A/Mesh/SM_BLDG_CHA_L02_A_CornerInL_01_N1,/Game/CitySampleBuildings/Building/CH/A/Kit_Bldg_CHA_L2_A/Mesh,/Game/CitySampleBuildings/Building/CH/A/Kit_Bldg_CHA_L2_A/Mesh/SM_BLDG_CHA_L02_A_CornerInL_01_N1.SM_BLDG_CHA_L02_A_CornerInL_01_N1
CitySampleBuildings,architecture_general,SHORTLISTED,34,keyword:building;keyword:corner;static_mesh;preferred_city_pack;mesh_naming;penalty:sample;normal_path_depth,SM_BLDG_CHA_L02_A_CornerInR_01_N1,StaticMesh,/Game/CitySampleBuildings/Building/CH/A/Kit_Bldg_CHA_L2_A/Mesh/SM_BLDG_CHA_L02_A_CornerInR_01_N1,/Game/CitySampleBuildings/Building/CH/A/Kit_Bldg_CHA_L2_A/Mesh,/Game/CitySampleBuildings/Building/CH/A/Kit_Bldg_CHA_L2_A/Mesh/SM_BLDG_CHA_L02_A_CornerInR_01_N1.SM_BLDG_CHA_L02_A_CornerInR_01_N1
CitySampleBuildings,architecture_general,SHORTLISTED,34,keyword:building;keyword:corner;static_mesh;preferred_city_pack;mesh_naming;penalty:sample;normal_path_depth,SM_BLDG_CHA_L03_A_CornerEx_01_N1,StaticMesh,/Game/CitySampleBuildings/Building/CH/A/Kit_Bldg_CHA_L3_A/Mesh/SM_BLDG_CHA_L03_A_CornerEx_01_N1,/Game/CitySampleBuildings/Building/CH/A/Kit_Bldg_CHA_L3_A/Mesh,/Game/CitySampleBuildings/Building/CH/A/Kit_Bldg_CHA_L3_A/Mesh/SM_BLDG_CHA_L03_A_CornerEx_01_N1.SM_BLDG_CHA_L03_A_CornerEx_01_N1
CitySampleBuildings,architecture_general,SHORTLISTED,34,keyword:building;keyword:corner;static_mesh;preferred_city_pack;mesh_naming;penalty:sample;normal_path_depth,SM_BLDG_CHA_L03_A_CornerExL_01_N1,StaticMesh,/Game/CitySampleBuildings/Building/CH/A/Kit_Bldg_CHA_L3_A/Mesh/SM_BLDG_CHA_L03_A_CornerExL_01_N1,/Game/CitySampleBuildings/Building/CH/A/Kit_Bldg_CHA_L3_A/Mesh,/Game/CitySampleBuildings/Building/CH/A/Kit_Bldg_CHA_L3_A/Mesh/SM_BLDG_CHA_L03_A_CornerExL_01_N1.SM_BLDG_CHA_L03_A_CornerExL_01_N1
Scene_UnfinishedBuilding,construction,SHORTLISTED,42,keyword:concrete;static_mesh;preferred_ruin_pack;mesh_naming;normal_path_depth,SM_Ind_Rub_Block_Cinder_Concrete_Chipped_02,StaticMesh,/Game/Scene_UnfinishedBuilding/Assets/Megascans/3D_Assets/Ind_Rub_Block_Cinder_Concrete_Chipped_02/SM_Ind_Rub_Block_Cinder_Concrete_Chipped_02,/Game/Scene_UnfinishedBuilding/Assets/Megascans/3D_Assets/Ind_Rub_Block_Cinder_Concrete_Chipped_02,/Game/Scene_UnfinishedBuilding/Assets/Megascans/3D_Assets/Ind_Rub_Block_Cinder_Concrete_Chipped_02/SM_Ind_Rub_Block_Cinder_Concrete_Chipped_02.SM_Ind_Rub_Block_Cinder_Concrete_Chipped_02
Scene_UnfinishedBuilding,construction,SHORTLISTED,42,keyword:concrete;static_mesh;preferred_ruin_pack;mesh_naming;normal_path_depth,SM_Ind_Rub_Block_Cinder_Concrete_Chipped_03,StaticMesh,/Game/Scene_UnfinishedBuilding/Assets/Megascans/3D_Assets/Ind_Rub_Block_Cinder_Concrete_Chipped_03/SM_Ind_Rub_Block_Cinder_Concrete_Chipped_03,/Game/Scene_UnfinishedBuilding/Assets/Megascans/3D_Assets/Ind_Rub_Block_Cinder_Concrete_Chipped_03,/Game/Scene_UnfinishedBuilding/Assets/Megascans/3D_Assets/Ind_Rub_Block_Cinder_Concrete_Chipped_03/SM_Ind_Rub_Block_Cinder_Concrete_Chipped_03.SM_Ind_Rub_Block_Cinder_Concrete_Chipped_03
Scene_UnfinishedBuilding,construction,SHORTLISTED,42,keyword:concrete;static_mesh;preferred_ruin_pack;mesh_naming;normal_path_depth,SM_Ind_Rub_Pile_Concrete_M_01,StaticMesh,/Game/Scene_UnfinishedBuilding/Assets/Megascans/3D_Assets/Ind_Rub_Pile_Concrete_M_01/SM_Ind_Rub_Pile_Concrete_M_01,/Game/Scene_UnfinishedBuilding/Assets/Megascans/3D_Assets/Ind_Rub_Pile_Concrete_M_01,/Game/Scene_UnfinishedBuilding/Assets/Megascans/3D_Assets/Ind_Rub_Pile_Concrete_M_01/SM_Ind_Rub_Pile_Concrete_M_01.SM_Ind_Rub_Pile_Concrete_M_01
Scene_UnfinishedBuilding,construction,SHORTLISTED,42,keyword:concrete;static_mesh;preferred_ruin_pack;mesh_naming;normal_path_depth,SM_Ind_Rub_Pile_Concrete_M_05,StaticMesh,/Game/Scene_UnfinishedBuilding/Assets/Megascans/3D_Assets/Ind_Rub_Pile_Concrete_M_05/SM_Ind_Rub_Pile_Concrete_M_05,/Game/Scene_UnfinishedBuilding/Assets/Megascans/3D_Assets/Ind_Rub_Pile_Concrete_M_05,/Game/Scene_UnfinishedBuilding/Assets/Megascans/3D_Assets/Ind_Rub_Pile_Concrete_M_05/SM_Ind_Rub_Pile_Concrete_M_05.SM_Ind_Rub_Pile_Concrete_M_05
Scene_UnfinishedBuilding,debris_rubble,SHORTLISTED,50,keyword:debris;keyword:broken;static_mesh;preferred_ruin_pack;mesh_naming;normal_path_depth,SM_Ind_Rub_Debris_Concrete_Broken_01,StaticMesh,/Game/Scene_UnfinishedBuilding/Assets/Megascans/3D_Assets/Ind_Rub_Debris_Concrete_Broken_01/SM_Ind_Rub_Debris_Concrete_Broken_01,/Game/Scene_UnfinishedBuilding/Assets/Megascans/3D_Assets/Ind_Rub_Debris_Concrete_Broken_01,/Game/Scene_UnfinishedBuilding/Assets/Megascans/3D_Assets/Ind_Rub_Debris_Concrete_Broken_01/SM_Ind_Rub_Debris_Concrete_Broken_01.SM_Ind_Rub_Debris_Concrete_Broken_01
Scene_UnfinishedBuilding,debris_rubble,SHORTLISTED,50,keyword:debris;keyword:broken;static_mesh;preferred_ruin_pack;mesh_naming;normal_path_depth,SM_Ind_Rub_Debris_Concrete_Broken_02,StaticMesh,/Game/Scene_UnfinishedBuilding/Assets/Megascans/3D_Assets/Ind_Rub_Debris_Concrete_Broken_02/SM_Ind_Rub_Debris_Concrete_Broken_02,/Game/Scene_UnfinishedBuilding/Assets/Megascans/3D_Assets/Ind_Rub_Debris_Concrete_Broken_02,/Game/Scene_UnfinishedBuilding/Assets/Megascans/3D_Assets/Ind_Rub_Debris_Concrete_Broken_02/SM_Ind_Rub_Debris_Concrete_Broken_02.SM_Ind_Rub_Debris_Concrete_Broken_02
Scene_UnfinishedBuilding,debris_rubble,SHORTLISTED,50,keyword:debris;keyword:broken;static_mesh;preferred_ruin_pack;mesh_naming;normal_path_depth,SM_Ind_Rub_Debris_Concrete_Broken_03,StaticMesh,/Game/Scene_UnfinishedBuilding/Assets/Megascans/3D_Assets/Ind_Rub_Debris_Concrete_Broken_03/SM_Ind_Rub_Debris_Concrete_Broken_03,/Game/Scene_UnfinishedBuilding/Assets/Megascans/3D_Assets/Ind_Rub_Debris_Concrete_Broken_03,/Game/Scene_UnfinishedBuilding/Assets/Megascans/3D_Assets/Ind_Rub_Debris_Concrete_Broken_03/SM_Ind_Rub_Debris_Concrete_Broken_03.SM_Ind_Rub_Debris_Concrete_Broken_03
Scene_UnfinishedBuilding,debris_rubble,SHORTLISTED,50,keyword:debris;keyword:broken;static_mesh;preferred_ruin_pack;mesh_naming;normal_path_depth,SM_Ind_Rub_Debris_Concrete_Broken_04,StaticMesh,/Game/Scene_UnfinishedBuilding/Assets/Megascans/3D_Assets/Ind_Rub_Debris_Concrete_Broken_04/SM_Ind_Rub_Debris_Concrete_Broken_04,/Game/Scene_UnfinishedBuilding/Assets/Megascans/3D_Assets/Ind_Rub_Debris_Concrete_Broken_04,/Game/Scene_UnfinishedBuilding/Assets/Megascans/3D_Assets/Ind_Rub_Debris_Concrete_Broken_04/SM_Ind_Rub_Debris_Concrete_Broken_04.SM_Ind_Rub_Debris_Concrete_Broken_04
Scene_UnfinishedBuilding,debris_rubble,SHORTLISTED,50,keyword:debris;keyword:broken;static_mesh;preferred_ruin_pack;mesh_naming;normal_path_depth,SM_Ind_Rub_Debris_Concrete_Broken_05,StaticMesh,/Game/Scene_UnfinishedBuilding/Assets/Megascans/3D_Assets/Ind_Rub_Debris_Concrete_Broken_05/SM_Ind_Rub_Debris_Concrete_Broken_05,/Game/Scene_UnfinishedBuilding/Assets/Megascans/3D_Assets/Ind_Rub_Debris_Concrete_Broken_05,/Game/Scene_UnfinishedBuilding/Assets/Megascans/3D_Assets/Ind_Rub_Debris_Concrete_Broken_05/SM_Ind_Rub_Debris_Concrete_Broken_05.SM_Ind_Rub_Debris_Concrete_Broken_05
Scene_UnfinishedBuilding,debris_rubble,SHORTLISTED,50,keyword:debris;keyword:broken;static_mesh;preferred_ruin_pack;mesh_naming;normal_path_depth,SM_Ind_Rub_Debris_Concrete_Broken_06,StaticMesh,/Game/Scene_UnfinishedBuilding/Assets/Megascans/3D_Assets/Ind_Rub_Debris_Concrete_Broken_06/SM_Ind_Rub_Debris_Concrete_Broken_06,/Game/Scene_UnfinishedBuilding/Assets/Megascans/3D_Assets/Ind_Rub_Debris_Concrete_Broken_06,/Game/Scene_UnfinishedBuilding/Assets/Megascans/3D_Assets/Ind_Rub_Debris_Concrete_Broken_06/SM_Ind_Rub_Debris_Concrete_Broken_06.SM_Ind_Rub_Debris_Concrete_Broken_06
Scene_UnfinishedBuilding,debris_rubble,SHORTLISTED,42,keyword:rubble;static_mesh;preferred_ruin_pack;mesh_naming;normal_path_depth,SM_Ind_Con_Pile_Rubble_Gravel_Patch_01,StaticMesh,/Game/Scene_UnfinishedBuilding/Assets/Megascans/3D_Assets/Ind_Con_Pile_Rubble_Gravel_Patch_01/SM_Ind_Con_Pile_Rubble_Gravel_Patch_01,/Game/Scene_UnfinishedBuilding/Assets/Megascans/3D_Assets/Ind_Con_Pile_Rubble_Gravel_Patch_01,/Game/Scene_UnfinishedBuilding/Assets/Megascans/3D_Assets/Ind_Con_Pile_Rubble_Gravel_Patch_01/SM_Ind_Con_Pile_Rubble_Gravel_Patch_01.SM_Ind_Con_Pile_Rubble_Gravel_Patch_01
Scene_UnfinishedBuilding,debris_rubble,SHORTLISTED,42,keyword:debris;static_mesh;preferred_ruin_pack;mesh_naming;normal_path_depth,SM_Ind_Con_Storeage_Sack_Debris_M_01,StaticMesh,/Game/Scene_UnfinishedBuilding/Assets/Megascans/3D_Assets/Ind_Con_Storeage_Sack_Debris_M_01/SM_Ind_Con_Storeage_Sack_Debris_M_01,/Game/Scene_UnfinishedBuilding/Assets/Megascans/3D_Assets/Ind_Con_Storeage_Sack_Debris_M_01,/Game/Scene_UnfinishedBuilding/Assets/Megascans/3D_Assets/Ind_Con_Storeage_Sack_Debris_M_01/SM_Ind_Con_Storeage_Sack_Debris_M_01.SM_Ind_Con_Storeage_Sack_Debris_M_01
Scene_UnfinishedBuilding,debris_rubble,SHORTLISTED,42,keyword:debris;static_mesh;preferred_ruin_pack;mesh_naming;normal_path_depth,SM_Ind_Rub_Debris_Concrete_S_01,StaticMesh,/Game/Scene_UnfinishedBuilding/Assets/Megascans/3D_Assets/Ind_Rub_Debris_Concrete_S_01/SM_Ind_Rub_Debris_Concrete_S_01,/Game/Scene_UnfinishedBuilding/Assets/Megascans/3D_Assets/Ind_Rub_Debris_Concrete_S_01,/Game/Scene_UnfinishedBuilding/Assets/Megascans/3D_Assets/Ind_Rub_Debris_Concrete_S_01/SM_Ind_Rub_Debris_Concrete_S_01.SM_Ind_Rub_Debris_Concrete_S_01
Scene_UnfinishedBuilding,debris_rubble,SHORTLISTED,42,keyword:debris;static_mesh;preferred_ruin_pack;mesh_naming;normal_path_depth,SM_Ind_Rub_Debris_Concrete_S_02,StaticMesh,/Game/Scene_UnfinishedBuilding/Assets/Megascans/3D_Assets/Ind_Rub_Debris_Concrete_S_02/SM_Ind_Rub_Debris_Concrete_S_02,/Game/Scene_UnfinishedBuilding/Assets/Megascans/3D_Assets/Ind_Rub_Debris_Concrete_S_02,/Game/Scene_UnfinishedBuilding/Assets/Megascans/3D_Assets/Ind_Rub_Debris_Concrete_S_02/SM_Ind_Rub_Debris_Concrete_S_02.SM_Ind_Rub_Debris_Concrete_S_02
Scene_UnfinishedBuilding,debris_rubble,SHORTLISTED,42,keyword:debris;static_mesh;preferred_ruin_pack;mesh_naming;normal_path_depth,SM_Ind_Rub_Debris_Concrete_S_03,StaticMesh,/Game/Scene_UnfinishedBuilding/Assets/Megascans/3D_Assets/Ind_Rub_Debris_Concrete_S_03/SM_Ind_Rub_Debris_Concrete_S_03,/Game/Scene_UnfinishedBuilding/Assets/Megascans/3D_Assets/Ind_Rub_Debris_Concrete_S_03,/Game/Scene_UnfinishedBuilding/Assets/Megascans/3D_Assets/Ind_Rub_Debris_Concrete_S_03/SM_Ind_Rub_Debris_Concrete_S_03.SM_Ind_Rub_Debris_Concrete_S_03
Scene_UnfinishedBuilding,debris_rubble,SHORTLISTED,42,keyword:debris;static_mesh;preferred_ruin_pack;mesh_naming;normal_path_depth,SM_Ind_Rub_Pile_Debris_Concrete_M_05,StaticMesh,/Game/Scene_UnfinishedBuilding/Assets/Megascans/3D_Assets/Ind_Rub_Pile_Debris_Concrete_M_05/SM_Ind_Rub_Pile_Debris_Concrete_M_05,/Game/Scene_UnfinishedBuilding/Assets/Megascans/3D_Assets/Ind_Rub_Pile_Debris_Concrete_M_05,/Game/Scene_UnfinishedBuilding/Assets/Megascans/3D_Assets/Ind_Rub_Pile_Debris_Concrete_M_05/SM_Ind_Rub_Pile_Debris_Concrete_M_05.SM_Ind_Rub_Pile_Debris_Concrete_M_05
Scene_UnfinishedBuilding,debris_rubble,SHORTLISTED,42,keyword:debris;static_mesh;preferred_ruin_pack;mesh_naming;normal_path_depth,SM_Ind_Rub_Pile_Debris_Gravel_M_01,StaticMesh,/Game/Scene_UnfinishedBuilding/Assets/Megascans/3D_Assets/Ind_Rub_Pile_Debris_Gravel_M_01/SM_Ind_Rub_Pile_Debris_Gravel_M_01,/Game/Scene_UnfinishedBuilding/Assets/Megascans/3D_Assets/Ind_Rub_Pile_Debris_Gravel_M_01,/Game/Scene_UnfinishedBuilding/Assets/Megascans/3D_Assets/Ind_Rub_Pile_Debris_Gravel_M_01/SM_Ind_Rub_Pile_Debris_Gravel_M_01.SM_Ind_Rub_Pile_Debris_Gravel_M_01
CitySampleBuildings,door_window,SHORTLISTED,26,keyword:entrance;static_mesh;preferred_city_pack;mesh_naming;penalty:sample;normal_path_depth,SM_BLDG_CHA_L01_A_Entrance_01_N1,StaticMesh,/Game/CitySampleBuildings/Building/CH/A/Kit_Bldg_CHa_L1_A/Mesh/SM_BLDG_CHA_L01_A_Entrance_01_N1,/Game/CitySampleBuildings/Building/CH/A/Kit_Bldg_CHa_L1_A/Mesh,/Game/CitySampleBuildings/Building/CH/A/Kit_Bldg_CHa_L1_A/Mesh/SM_BLDG_CHA_L01_A_Entrance_01_N1.SM_BLDG_CHA_L01_A_Entrance_01_N1
CitySampleBuildings,door_window,SHORTLISTED,26,keyword:entrance;static_mesh;preferred_city_pack;mesh_naming;penalty:sample;normal_path_depth,SM_BLDG_CHA_L02_A_Entrance_01_N1,StaticMesh,/Game/CitySampleBuildings/Building/CH/A/Kit_Bldg_CHA_L2_A/Mesh/SM_BLDG_CHA_L02_A_Entrance_01_N1,/Game/CitySampleBuildings/Building/CH/A/Kit_Bldg_CHA_L2_A/Mesh,/Game/CitySampleBuildings/Building/CH/A/Kit_Bldg_CHA_L2_A/Mesh/SM_BLDG_CHA_L02_A_Entrance_01_N1.SM_BLDG_CHA_L02_A_Entrance_01_N1
CitySampleBuildings,door_window,SHORTLISTED,26,keyword:entrance;static_mesh;preferred_city_pack;mesh_naming;penalty:sample;normal_path_depth,SM_BLDG_CHB_L01_A_Entrance_01_N1,StaticMesh,/Game/CitySampleBuildings/Building/CH/B/Kit_Bldg_CHB_L1_A/Mesh/SM_BLDG_CHB_L01_A_Entrance_01_N1,/Game/CitySampleBuildings/Building/CH/B/Kit_Bldg_CHB_L1_A/Mesh,/Game/CitySampleBuildings/Building/CH/B/Kit_Bldg_CHB_L1_A/Mesh/SM_BLDG_CHB_L01_A_Entrance_01_N1.SM_BLDG_CHB_L01_A_Entrance_01_N1
CitySampleBuildings,door_window,SHORTLISTED,26,keyword:entrance;static_mesh;preferred_city_pack;mesh_naming;penalty:sample;normal_path_depth,SM_BLDG_CHB_L03_A_Entrance_01_N1,StaticMesh,/Game/CitySampleBuildings/Building/CH/B/Kit_Bldg_CHB_L3_A/Mesh/SM_BLDG_CHB_L03_A_Entrance_01_N1,/Game/CitySampleBuildings/Building/CH/B/Kit_Bldg_CHB_L3_A/Mesh,/Game/CitySampleBuildings/Building/CH/B/Kit_Bldg_CHB_L3_A/Mesh/SM_BLDG_CHB_L03_A_Entrance_01_N1.SM_BLDG_CHB_L03_A_Entrance_01_N1
CitySampleBuildings,door_window,SHORTLISTED,26,keyword:entrance;static_mesh;preferred_city_pack;mesh_naming;penalty:sample;normal_path_depth,SM_BLDG_CHB_L03_A_Entrance_02_N1,StaticMesh,/Game/CitySampleBuildings/Building/CH/B/Kit_Bldg_CHB_L3_A/Mesh/SM_BLDG_CHB_L03_A_Entrance_02_N1,/Game/CitySampleBuildings/Building/CH/B/Kit_Bldg_CHB_L3_A/Mesh,/Game/CitySampleBuildings/Building/CH/B/Kit_Bldg_CHB_L3_A/Mesh/SM_BLDG_CHB_L03_A_Entrance_02_N1.SM_BLDG_CHB_L03_A_Entrance_02_N1
CitySampleBuildings,door_window,SHORTLISTED,26,keyword:entrance;static_mesh;preferred_city_pack;mesh_naming;penalty:sample;normal_path_depth,SM_BLDG_CHC_L01_A_Entrance_01_N1,StaticMesh,/Game/CitySampleBuildings/Building/CH/C/Kit_Bldg_CHC_L1_A/Mesh/SM_BLDG_CHC_L01_A_Entrance_01_N1,/Game/CitySampleBuildings/Building/CH/C/Kit_Bldg_CHC_L1_A/Mesh,/Game/CitySampleBuildings/Building/CH/C/Kit_Bldg_CHC_L1_A/Mesh/SM_BLDG_CHC_L01_A_Entrance_01_N1.SM_BLDG_CHC_L01_A_Entrance_01_N1
CitySampleBuildings,door_window,SHORTLISTED,26,keyword:entrance;static_mesh;preferred_city_pack;mesh_naming;penalty:sample;normal_path_depth,SM_BLDG_CHC_L02_A_Entrance_01_N1,StaticMesh,/Game/CitySampleBuildings/Building/CH/C/Kit_Bldg_CHC_L2_A/Mesh/SM_BLDG_CHC_L02_A_Entrance_01_N1,/Game/CitySampleBuildings/Building/CH/C/Kit_Bldg_CHC_L2_A/Mesh,/Game/CitySampleBuildings/Building/CH/C/Kit_Bldg_CHC_L2_A/Mesh/SM_BLDG_CHC_L02_A_Entrance_01_N1.SM_BLDG_CHC_L02_A_Entrance_01_N1
CitySampleBuildings,door_window,SHORTLISTED,26,keyword:entrance;static_mesh;preferred_city_pack;mesh_naming;penalty:sample;normal_path_depth,SM_BLDG_CHC_L03_A_Entrance_01_N1,StaticMesh,/Game/CitySampleBuildings/Building/CH/C/Kit_Bldg_CHC_L3_A/Mesh/SM_BLDG_CHC_L03_A_Entrance_01_N1,/Game/CitySampleBuildings/Building/CH/C/Kit_Bldg_CHC_L3_A/Mesh,/Game/CitySampleBuildings/Building/CH/C/Kit_Bldg_CHC_L3_A/Mesh/SM_BLDG_CHC_L03_A_Entrance_01_N1.SM_BLDG_CHC_L03_A_Entrance_01_N1
CitySampleBuildings,door_window,SHORTLISTED,26,keyword:entrance;static_mesh;preferred_city_pack;mesh_naming;penalty:sample;normal_path_depth,SM_BLDG_CHC_L05_A_Entrance_01_N1,StaticMesh,/Game/CitySampleBuildings/Building/CH/C/Kit_Bldg_CHC_L5_A/Mesh/SM_BLDG_CHC_L05_A_Entrance_01_N1,/Game/CitySampleBuildings/Building/CH/C/Kit_Bldg_CHC_L5_A/Mesh,/Game/CitySampleBuildings/Building/CH/C/Kit_Bldg_CHC_L5_A/Mesh/SM_BLDG_CHC_L05_A_Entrance_01_N1.SM_BLDG_CHC_L05_A_Entrance_01_N1
CitySampleBuildings,door_window,SHORTLISTED,26,keyword:entrance;static_mesh;preferred_city_pack;mesh_naming;penalty:sample;normal_path_depth,SM_BLDG_CHD_L1_A_Entrance_01_N1,StaticMesh,/Game/CitySampleBuildings/Building/CH/D/Kit_Bldg_CHD_L1_A/Mesh/SM_BLDG_CHD_L1_A_Entrance_01_N1,/Game/CitySampleBuildings/Building/CH/D/Kit_Bldg_CHD_L1_A/Mesh,/Game/CitySampleBuildings/Building/CH/D/Kit_Bldg_CHD_L1_A/Mesh/SM_BLDG_CHD_L1_A_Entrance_01_N1.SM_BLDG_CHD_L1_A_Entrance_01_N1
CitySampleBuildings,door_window,SHORTLISTED,26,keyword:entrance;static_mesh;preferred_city_pack;mesh_naming;penalty:sample;normal_path_depth,SM_BLDG_CHE_L1_A_Entrance_01_N1,StaticMesh,/Game/CitySampleBuildings/Building/CH/E/Kit_Bldg_CHE_L1_A/Mesh/SM_BLDG_CHE_L1_A_Entrance_01_N1,/Game/CitySampleBuildings/Building/CH/E/Kit_Bldg_CHE_L1_A/Mesh,/Game/CitySampleBuildings/Building/CH/E/Kit_Bldg_CHE_L1_A/Mesh/SM_BLDG_CHE_L1_A_Entrance_01_N1.SM_BLDG_CHE_L1_A_Entrance_01_N1
CitySampleBuildings,door_window,SHORTLISTED,26,keyword:entrance;static_mesh;preferred_city_pack;mesh_naming;penalty:sample;normal_path_depth,SM_BLDG_CHE_L1_A_Entrance_02_N1,StaticMesh,/Game/CitySampleBuildings/Building/CH/E/Kit_Bldg_CHE_L1_A/Mesh/SM_BLDG_CHE_L1_A_Entrance_02_N1,/Game/CitySampleBuildings/Building/CH/E/Kit_Bldg_CHE_L1_A/Mesh,/Game/CitySampleBuildings/Building/CH/E/Kit_Bldg_CHE_L1_A/Mesh/SM_BLDG_CHE_L1_A_Entrance_02_N1.SM_BLDG_CHE_L1_A_Entrance_02_N1
CitySampleBuildings,door_window,SHORTLISTED,26,keyword:entrance;static_mesh;preferred_city_pack;mesh_naming;penalty:sample;normal_path_depth,SM_BLDG_CHE_L1_A_Entrance_03_N1,StaticMesh,/Game/CitySampleBuildings/Building/CH/E/Kit_Bldg_CHE_L1_A/Mesh/SM_BLDG_CHE_L1_A_Entrance_03_N1,/Game/CitySampleBuildings/Building/CH/E/Kit_Bldg_CHE_L1_A/Mesh,/Game/CitySampleBuildings/Building/CH/E/Kit_Bldg_CHE_L1_A/Mesh/SM_BLDG_CHE_L1_A_Entrance_03_N1.SM_BLDG_CHE_L1_A_Entrance_03_N1
CitySampleBuildings,door_window,SHORTLISTED,26,keyword:entrance;static_mesh;preferred_city_pack;mesh_naming;penalty:sample;normal_path_depth,SM_BLDG_CHE_L1_A_Entrance_04_N1,StaticMesh,/Game/CitySampleBuildings/Building/CH/E/Kit_Bldg_CHE_L1_A/Mesh/SM_BLDG_CHE_L1_A_Entrance_04_N1,/Game/CitySampleBuildings/Building/CH/E/Kit_Bldg_CHE_L1_A/Mesh,/Game/CitySampleBuildings/Building/CH/E/Kit_Bldg_CHE_L1_A/Mesh/SM_BLDG_CHE_L1_A_Entrance_04_N1.SM_BLDG_CHE_L1_A_Entrance_04_N1
CitySampleBuildings,door_window,SHORTLISTED,26,keyword:entrance;static_mesh;preferred_city_pack;mesh_naming;penalty:sample;normal_path_depth,SM_BLDG_CHE_L1_A_Entrance_05_N1,StaticMesh,/Game/CitySampleBuildings/Building/CH/E/Kit_Bldg_CHE_L1_A/Mesh/SM_BLDG_CHE_L1_A_Entrance_05_N1,/Game/CitySampleBuildings/Building/CH/E/Kit_Bldg_CHE_L1_A/Mesh,/Game/CitySampleBuildings/Building/CH/E/Kit_Bldg_CHE_L1_A/Mesh/SM_BLDG_CHE_L1_A_Entrance_05_N1.SM_BLDG_CHE_L1_A_Entrance_05_N1
CitySampleBuildings,door_window,SHORTLISTED,26,keyword:entrance;static_mesh;preferred_city_pack;mesh_naming;penalty:sample;normal_path_depth,SM_BLDG_CHE_L1_A_Entrance_06_N1,StaticMesh,/Game/CitySampleBuildings/Building/CH/E/Kit_Bldg_CHE_L1_A/Mesh/SM_BLDG_CHE_L1_A_Entrance_06_N1,/Game/CitySampleBuildings/Building/CH/E/Kit_Bldg_CHE_L1_A/Mesh,/Game/CitySampleBuildings/Building/CH/E/Kit_Bldg_CHE_L1_A/Mesh/SM_BLDG_CHE_L1_A_Entrance_06_N1.SM_BLDG_CHE_L1_A_Entrance_06_N1
CitySampleBuildings,door_window,SHORTLISTED,26,keyword:entrance;static_mesh;preferred_city_pack;mesh_naming;penalty:sample;normal_path_depth,SM_BLDG_CHE_L2_A_Entrance_02_N1,StaticMesh,/Game/CitySampleBuildings/Building/CH/E/Kit_Bldg_CHE_L2_A/Mesh/SM_BLDG_CHE_L2_A_Entrance_02_N1,/Game/CitySampleBuildings/Building/CH/E/Kit_Bldg_CHE_L2_A/Mesh,/Game/CitySampleBuildings/Building/CH/E/Kit_Bldg_CHE_L2_A/Mesh/SM_BLDG_CHE_L2_A_Entrance_02_N1.SM_BLDG_CHE_L2_A_Entrance_02_N1
CitySampleBuildings,door_window,SHORTLISTED,26,keyword:entrance;static_mesh;preferred_city_pack;mesh_naming;penalty:sample;normal_path_depth,SM_BLDG_CHE_L2_A_Entrance_03_N1,StaticMesh,/Game/CitySampleBuildings/Building/CH/E/Kit_Bldg_CHE_L2_A/Mesh/SM_BLDG_CHE_L2_A_Entrance_03_N1,/Game/CitySampleBuildings/Building/CH/E/Kit_Bldg_CHE_L2_A/Mesh,/Game/CitySampleBuildings/Building/CH/E/Kit_Bldg_CHE_L2_A/Mesh/SM_BLDG_CHE_L2_A_Entrance_03_N1.SM_BLDG_CHE_L2_A_Entrance_03_N1
CitySampleBuildings,door_window,SHORTLISTED,26,keyword:entrance;static_mesh;preferred_city_pack;mesh_naming;penalty:sample;normal_path_depth,SM_BLDG_CHF_L01_A_Entrance_01_N1,StaticMesh,/Game/CitySampleBuildings/Building/CH/F/Kit_Bldg_CHF_L1_A/Mesh/SM_BLDG_CHF_L01_A_Entrance_01_N1,/Game/CitySampleBuildings/Building/CH/F/Kit_Bldg_CHF_L1_A/Mesh,/Game/CitySampleBuildings/Building/CH/F/Kit_Bldg_CHF_L1_A/Mesh/SM_BLDG_CHF_L01_A_Entrance_01_N1.SM_BLDG_CHF_L01_A_Entrance_01_N1
CitySampleBuildings,door_window,SHORTLISTED,26,keyword:entrance;static_mesh;preferred_city_pack;mesh_naming;penalty:sample;normal_path_depth,SM_BLDG_CHF_L01_A_Entrance_02_N1,StaticMesh,/Game/CitySampleBuildings/Building/CH/F/Kit_Bldg_CHF_L1_A/Mesh/SM_BLDG_CHF_L01_A_Entrance_02_N1,/Game/CitySampleBuildings/Building/CH/F/Kit_Bldg_CHF_L1_A/Mesh,/Game/CitySampleBuildings/Building/CH/F/Kit_Bldg_CHF_L1_A/Mesh/SM_BLDG_CHF_L01_A_Entrance_02_N1.SM_BLDG_CHF_L01_A_Entrance_02_N1
CitySampleBuildings,door_window,SHORTLISTED,26,keyword:entrance;static_mesh;preferred_city_pack;mesh_naming;penalty:sample;normal_path_depth,SM_BLDG_CHG_L01_A_Entrance_01_N1,StaticMesh,/Game/CitySampleBuildings/Building/CH/G/Kit_Bldg_CHG_L1_A/Mesh/SM_BLDG_CHG_L01_A_Entrance_01_N1,/Game/CitySampleBuildings/Building/CH/G/Kit_Bldg_CHG_L1_A/Mesh,/Game/CitySampleBuildings/Building/CH/G/Kit_Bldg_CHG_L1_A/Mesh/SM_BLDG_CHG_L01_A_Entrance_01_N1.SM_BLDG_CHG_L01_A_Entrance_01_N1
CitySampleBuildings,door_window,SHORTLISTED,26,keyword:entrance;static_mesh;preferred_city_pack;mesh_naming;penalty:sample;normal_path_depth,SM_BLDG_CHI_L1_A_Entrance_01_N1,StaticMesh,/Game/CitySampleBuildings/Building/CH/I/Kit_Bldg_CHI_L1_A/Mesh/SM_BLDG_CHI_L1_A_Entrance_01_N1,/Game/CitySampleBuildings/Building/CH/I/Kit_Bldg_CHI_L1_A/Mesh,/Game/CitySampleBuildings/Building/CH/I/Kit_Bldg_CHI_L1_A/Mesh/SM_BLDG_CHI_L1_A_Entrance_01_N1.SM_BLDG_CHI_L1_A_Entrance_01_N1
CitySampleBuildings,door_window,SHORTLISTED,26,keyword:entrance;static_mesh;preferred_city_pack;mesh_naming;penalty:sample;normal_path_depth,SM_BLDG_CHI_L1_A_Entrance_02_N1,StaticMesh,/Game/CitySampleBuildings/Building/CH/I/Kit_Bldg_CHI_L1_A/Mesh/SM_BLDG_CHI_L1_A_Entrance_02_N1,/Game/CitySampleBuildings/Building/CH/I/Kit_Bldg_CHI_L1_A/Mesh,/Game/CitySampleBuildings/Building/CH/I/Kit_Bldg_CHI_L1_A/Mesh/SM_BLDG_CHI_L1_A_Entrance_02_N1.SM_BLDG_CHI_L1_A_Entrance_02_N1
CitySampleBuildings,door_window,SHORTLISTED,26,keyword:entrance;static_mesh;preferred_city_pack;mesh_naming;penalty:sample;normal_path_depth,SM_BLDG_CHJ_L1_A1_Entrance_01_N1,StaticMesh,/Game/CitySampleBuildings/Building/CH/J/Kit_Bldg_CHJ_L1_A/Mesh/SM_BLDG_CHJ_L1_A1_Entrance_01_N1,/Game/CitySampleBuildings/Building/CH/J/Kit_Bldg_CHJ_L1_A/Mesh,/Game/CitySampleBuildings/Building/CH/J/Kit_Bldg_CHJ_L1_A/Mesh/SM_BLDG_CHJ_L1_A1_Entrance_01_N1.SM_BLDG_CHJ_L1_A1_Entrance_01_N1
CitySampleBuildings,door_window,SHORTLISTED,26,keyword:entrance;static_mesh;preferred_city_pack;mesh_naming;penalty:sample;normal_path_depth,SM_BLDG_NYA_L1_A_Entrance_01_N1,StaticMesh,/Game/CitySampleBuildings/Building/NY/A/Kit_Bldg_NYA_L1_A/Mesh/SM_BLDG_NYA_L1_A_Entrance_01_N1,/Game/CitySampleBuildings/Building/NY/A/Kit_Bldg_NYA_L1_A/Mesh,/Game/CitySampleBuildings/Building/NY/A/Kit_Bldg_NYA_L1_A/Mesh/SM_BLDG_NYA_L1_A_Entrance_01_N1.SM_BLDG_NYA_L1_A_Entrance_01_N1
CitySampleBuildings,door_window,SHORTLISTED,26,keyword:entrance;static_mesh;preferred_city_pack;mesh_naming;penalty:sample;normal_path_depth,SM_BLDG_NYA_L1_A_Entrance_02_N1,StaticMesh,/Game/CitySampleBuildings/Building/NY/A/Kit_Bldg_NYA_L1_A/Mesh/SM_BLDG_NYA_L1_A_Entrance_02_N1,/Game/CitySampleBuildings/Building/NY/A/Kit_Bldg_NYA_L1_A/Mesh,/Game/CitySampleBuildings/Building/NY/A/Kit_Bldg_NYA_L1_A/Mesh/SM_BLDG_NYA_L1_A_Entrance_02_N1.SM_BLDG_NYA_L1_A_Entrance_02_N1
CitySampleBuildings,door_window,SHORTLISTED,26,keyword:entrance;static_mesh;preferred_city_pack;mesh_naming;penalty:sample;normal_path_depth,SM_BLDG_NYA_L1_A_Entrance_03_N1,StaticMesh,/Game/CitySampleBuildings/Building/NY/A/Kit_Bldg_NYA_L1_A/Mesh/SM_BLDG_NYA_L1_A_Entrance_03_N1,/Game/CitySampleBuildings/Building/NY/A/Kit_Bldg_NYA_L1_A/Mesh,/Game/CitySampleBuildings/Building/NY/A/Kit_Bldg_NYA_L1_A/Mesh/SM_BLDG_NYA_L1_A_Entrance_03_N1.SM_BLDG_NYA_L1_A_Entrance_03_N1
CitySampleBuildings,door_window,SHORTLISTED,26,keyword:entrance;static_mesh;preferred_city_pack;mesh_naming;penalty:sample;normal_path_depth,SM_BLDG_NYA_L1_A_Entrance_04_N1,StaticMesh,/Game/CitySampleBuildings/Building/NY/A/Kit_Bldg_NYA_L1_A/Mesh/SM_BLDG_NYA_L1_A_Entrance_04_N1,/Game/CitySampleBuildings/Building/NY/A/Kit_Bldg_NYA_L1_A/Mesh,/Game/CitySampleBuildings/Building/NY/A/Kit_Bldg_NYA_L1_A/Mesh/SM_BLDG_NYA_L1_A_Entrance_04_N1.SM_BLDG_NYA_L1_A_Entrance_04_N1
CitySampleBuildings,door_window,SHORTLISTED,26,keyword:entrance;static_mesh;preferred_city_pack;mesh_naming;penalty:sample;normal_path_depth,SM_BLDG_NYA_L1_A_Entrance_05_N1,StaticMesh,/Game/CitySampleBuildings/Building/NY/A/Kit_Bldg_NYA_L1_A/Mesh/SM_BLDG_NYA_L1_A_Entrance_05_N1,/Game/CitySampleBuildings/Building/NY/A/Kit_Bldg_NYA_L1_A/Mesh,/Game/CitySampleBuildings/Building/NY/A/Kit_Bldg_NYA_L1_A/Mesh/SM_BLDG_NYA_L1_A_Entrance_05_N1.SM_BLDG_NYA_L1_A_Entrance_05_N1
CitySampleBuildings,door_window,SHORTLISTED,26,keyword:entrance;static_mesh;preferred_city_pack;mesh_naming;penalty:sample;normal_path_depth,SM_BLDG_NYA_L1_A_Entrance_06_N1,StaticMesh,/Game/CitySampleBuildings/Building/NY/A/Kit_Bldg_NYA_L1_A/Mesh/SM_BLDG_NYA_L1_A_Entrance_06_N1,/Game/CitySampleBuildings/Building/NY/A/Kit_Bldg_NYA_L1_A/Mesh,/Game/CitySampleBuildings/Building/NY/A/Kit_Bldg_NYA_L1_A/Mesh/SM_BLDG_NYA_L1_A_Entrance_06_N1.SM_BLDG_NYA_L1_A_Entrance_06_N1
CitySampleBuildings,door_window,SHORTLISTED,26,keyword:entrance;static_mesh;preferred_city_pack;mesh_naming;penalty:sample;normal_path_depth,SM_BLDG_NYA_L1_A_Entrance_13_N1,StaticMesh,/Game/CitySampleBuildings/Building/NY/A/Kit_Bldg_NYA_L1_A/Mesh/SM_BLDG_NYA_L1_A_Entrance_13_N1,/Game/CitySampleBuildings/Building/NY/A/Kit_Bldg_NYA_L1_A/Mesh,/Game/CitySampleBuildings/Building/NY/A/Kit_Bldg_NYA_L1_A/Mesh/SM_BLDG_NYA_L1_A_Entrance_13_N1.SM_BLDG_NYA_L1_A_Entrance_13_N1
CitySampleBuildings,door_window,SHORTLISTED,26,keyword:entrance;static_mesh;preferred_city_pack;mesh_naming;penalty:sample;normal_path_depth,SM_BLDG_NYA_L1_A_Entrance_14_N1,StaticMesh,/Game/CitySampleBuildings/Building/NY/A/Kit_Bldg_NYA_L1_A/Mesh/SM_BLDG_NYA_L1_A_Entrance_14_N1,/Game/CitySampleBuildings/Building/NY/A/Kit_Bldg_NYA_L1_A/Mesh,/Game/CitySampleBuildings/Building/NY/A/Kit_Bldg_NYA_L1_A/Mesh/SM_BLDG_NYA_L1_A_Entrance_14_N1.SM_BLDG_NYA_L1_A_Entrance_14_N1
CitySampleBuildings,door_window,SHORTLISTED,26,keyword:entrance;static_mesh;preferred_city_pack;mesh_naming;penalty:sample;normal_path_depth,SM_BLDG_NYA_L1_A_Entrance_16_N1,StaticMesh,/Game/CitySampleBuildings/Building/NY/A/Kit_Bldg_NYA_L1_A/Mesh/SM_BLDG_NYA_L1_A_Entrance_16_N1,/Game/CitySampleBuildings/Building/NY/A/Kit_Bldg_NYA_L1_A/Mesh,/Game/CitySampleBuildings/Building/NY/A/Kit_Bldg_NYA_L1_A/Mesh/SM_BLDG_NYA_L1_A_Entrance_16_N1.SM_BLDG_NYA_L1_A_Entrance_16_N1
CitySampleBuildings,door_window,SHORTLISTED,26,keyword:entrance;static_mesh;preferred_city_pack;mesh_naming;penalty:sample;normal_path_depth,SM_BLDG_NYA_L1_B_Entrance_01_N1,StaticMesh,/Game/CitySampleBuildings/Building/NY/A/Kit_Bldg_NYA_L1_B/Mesh/SM_BLDG_NYA_L1_B_Entrance_01_N1,/Game/CitySampleBuildings/Building/NY/A/Kit_Bldg_NYA_L1_B/Mesh,/Game/CitySampleBuildings/Building/NY/A/Kit_Bldg_NYA_L1_B/Mesh/SM_BLDG_NYA_L1_B_Entrance_01_N1.SM_BLDG_NYA_L1_B_Entrance_01_N1
CitySampleBuildings,door_window,SHORTLISTED,26,keyword:entrance;static_mesh;preferred_city_pack;mesh_naming;penalty:sample;normal_path_depth,SM_BLDG_NYA_L1_B_Entrance_02_N1,StaticMesh,/Game/CitySampleBuildings/Building/NY/A/Kit_Bldg_NYA_L1_B/Mesh/SM_BLDG_NYA_L1_B_Entrance_02_N1,/Game/CitySampleBuildings/Building/NY/A/Kit_Bldg_NYA_L1_B/Mesh,/Game/CitySampleBuildings/Building/NY/A/Kit_Bldg_NYA_L1_B/Mesh/SM_BLDG_NYA_L1_B_Entrance_02_N1.SM_BLDG_NYA_L1_B_Entrance_02_N1
CitySampleBuildings,door_window,SHORTLISTED,26,keyword:entrance;static_mesh;preferred_city_pack;mesh_naming;penalty:sample;normal_path_depth,SM_BLDG_NYA_L1_B_Entrance_03_N1,StaticMesh,/Game/CitySampleBuildings/Building/NY/A/Kit_Bldg_NYA_L1_B/Mesh/SM_BLDG_NYA_L1_B_Entrance_03_N1,/Game/CitySampleBuildings/Building/NY/A/Kit_Bldg_NYA_L1_B/Mesh,/Game/CitySampleBuildings/Building/NY/A/Kit_Bldg_NYA_L1_B/Mesh/SM_BLDG_NYA_L1_B_Entrance_03_N1.SM_BLDG_NYA_L1_B_Entrance_03_N1
Scene_UnfinishedBuilding,road,SHORTLISTED,14,static_mesh;mesh_naming;normal_path_depth,SM_Ind_Unf_FloorPlane_01,StaticMesh,/Game/Scene_UnfinishedBuilding/Assets/Custom/Ind_Unf__FloorPlane_01/SM_Ind_Unf_FloorPlane_01,/Game/Scene_UnfinishedBuilding/Assets/Custom/Ind_Unf__FloorPlane_01,/Game/Scene_UnfinishedBuilding/Assets/Custom/Ind_Unf__FloorPlane_01/SM_Ind_Unf_FloorPlane_01.SM_Ind_Unf_FloorPlane_01
Scene_UnfinishedBuilding,road,SHORTLISTED,14,static_mesh;mesh_naming;normal_path_depth,SM_Ind_Unf_FloorPlane_02,StaticMesh,/Game/Scene_UnfinishedBuilding/Assets/Custom/Ind_Unf__FloorPlane_02/SM_Ind_Unf_FloorPlane_02,/Game/Scene_UnfinishedBuilding/Assets/Custom/Ind_Unf__FloorPlane_02,/Game/Scene_UnfinishedBuilding/Assets/Custom/Ind_Unf__FloorPlane_02/SM_Ind_Unf_FloorPlane_02.SM_Ind_Unf_FloorPlane_02
Scene_UnfinishedBuilding,road,SHORTLISTED,14,static_mesh;mesh_naming;normal_path_depth,SM_Ind_Unf_GlowPlane_01,StaticMesh,/Game/Scene_UnfinishedBuilding/Assets/Custom/Inf_Unf_GlowPlane/SM_Ind_Unf_GlowPlane_01,/Game/Scene_UnfinishedBuilding/Assets/Custom/Inf_Unf_GlowPlane,/Game/Scene_UnfinishedBuilding/Assets/Custom/Inf_Unf_GlowPlane/SM_Ind_Unf_GlowPlane_01.SM_Ind_Unf_GlowPlane_01
CitySampleBuildings,road,SHORTLISTED,8,static_mesh;mesh_naming;penalty:sample;normal_path_depth,SM_Plane_NN_A,StaticMesh,/Game/CitySampleBuildings/Environment/Kit_Primitive/Mesh/SM_Plane_NN_A,/Game/CitySampleBuildings/Environment/Kit_Primitive/Mesh,/Game/CitySampleBuildings/Environment/Kit_Primitive/Mesh/SM_Plane_NN_A.SM_Plane_NN_A
CitySampleBuildings,road,SHORTLISTED,8,static_mesh;mesh_naming;penalty:sample;normal_path_depth,SM_Plane_NN_A2,StaticMesh,/Game/CitySampleBuildings/Environment/Kit_Primitive/Mesh/SM_Plane_NN_A2,/Game/CitySampleBuildings/Environment/Kit_Primitive/Mesh,/Game/CitySampleBuildings/Environment/Kit_Primitive/Mesh/SM_Plane_NN_A2.SM_Plane_NN_A2
CitySampleBuildings,road,SHORTLISTED,8,static_mesh;mesh_naming;penalty:sample;normal_path_depth,SM_Plane_NN_trimmed_corner_A,StaticMesh,/Game/CitySampleBuildings/Environment/Kit_Primitive/Mesh/SM_Plane_NN_trimmed_corner_A,/Game/CitySampleBuildings/Environment/Kit_Primitive/Mesh,/Game/CitySampleBuildings/Environment/Kit_Primitive/Mesh/SM_Plane_NN_trimmed_corner_A.SM_Plane_NN_trimmed_corner_A
CitySampleBuildings,roof,SHORTLISTED,21,keyword:roof;static_mesh;preferred_city_pack;penalty:sample;normal_path_depth,Disc_37428A25,StaticMesh,/Game/CitySampleBuildings/Building/Library/Kit_Hero_Bldg/MeshRoof/Disc_37428A25,/Game/CitySampleBuildings/Building/Library/Kit_Hero_Bldg/MeshRoof,/Game/CitySampleBuildings/Building/Library/Kit_Hero_Bldg/MeshRoof/Disc_37428A25.Disc_37428A25
CitySampleBuildings,roof,SHORTLISTED,21,keyword:roof;static_mesh;preferred_city_pack;penalty:sample;normal_path_depth,Rectangle_2EBA0992,StaticMesh,/Game/CitySampleBuildings/Building/Library/Kit_Hero_Bldg/MeshRoof/Rectangle_2EBA0992,/Game/CitySampleBuildings/Building/Library/Kit_Hero_Bldg/MeshRoof,/Game/CitySampleBuildings/Building/Library/Kit_Hero_Bldg/MeshRoof/Rectangle_2EBA0992.Rectangle_2EBA0992
CitySampleBuildings,roof,SHORTLISTED,21,keyword:roof;static_mesh;preferred_city_pack;penalty:sample;normal_path_depth,Roof_CHB_Ref_01,StaticMesh,/Game/CitySampleBuildings/Building/Library/Kit_Hero_Bldg/MeshRoof/Roof_CHB_Ref_01,/Game/CitySampleBuildings/Building/Library/Kit_Hero_Bldg/MeshRoof,/Game/CitySampleBuildings/Building/Library/Kit_Hero_Bldg/MeshRoof/Roof_CHB_Ref_01.Roof_CHB_Ref_01
CitySampleBuildings,roof,SHORTLISTED,21,keyword:roof;static_mesh;preferred_city_pack;penalty:sample;normal_path_depth,Roof_CHB_Ref_02,StaticMesh,/Game/CitySampleBuildings/Building/Library/Kit_Hero_Bldg/MeshRoof/Roof_CHB_Ref_02,/Game/CitySampleBuildings/Building/Library/Kit_Hero_Bldg/MeshRoof,/Game/CitySampleBuildings/Building/Library/Kit_Hero_Bldg/MeshRoof/Roof_CHB_Ref_02.Roof_CHB_Ref_02
CitySampleBuildings,roof,SHORTLISTED,21,keyword:roof;static_mesh;preferred_city_pack;penalty:sample;normal_path_depth,Roof_HeroBlockThreeBldg_A01_01,StaticMesh,/Game/CitySampleBuildings/Building/Library/Kit_Hero_Bldg/MeshRoof/Roof_HeroBlockThreeBldg_A01_01,/Game/CitySampleBuildings/Building/Library/Kit_Hero_Bldg/MeshRoof,/Game/CitySampleBuildings/Building/Library/Kit_Hero_Bldg/MeshRoof/Roof_HeroBlockThreeBldg_A01_01.Roof_HeroBlockThreeBldg_A01_01
CitySampleBuildings,roof,SHORTLISTED,21,keyword:roof;static_mesh;preferred_city_pack;penalty:sample;normal_path_depth,Roof_HeroBlockThreeBldg_A01_02,StaticMesh,/Game/CitySampleBuildings/Building/Library/Kit_Hero_Bldg/MeshRoof/Roof_HeroBlockThreeBldg_A01_02,/Game/CitySampleBuildings/Building/Library/Kit_Hero_Bldg/MeshRoof,/Game/CitySampleBuildings/Building/Library/Kit_Hero_Bldg/MeshRoof/Roof_HeroBlockThreeBldg_A01_02.Roof_HeroBlockThreeBldg_A01_02
CitySampleBuildings,roof,SHORTLISTED,21,keyword:roof;static_mesh;preferred_city_pack;penalty:sample;normal_path_depth,Roof_HeroBlockThreeBldg_A01_03,StaticMesh,/Game/CitySampleBuildings/Building/Library/Kit_Hero_Bldg/MeshRoof/Roof_HeroBlockThreeBldg_A01_03,/Game/CitySampleBuildings/Building/Library/Kit_Hero_Bldg/MeshRoof,/Game/CitySampleBuildings/Building/Library/Kit_Hero_Bldg/MeshRoof/Roof_HeroBlockThreeBldg_A01_03.Roof_HeroBlockThreeBldg_A01_03
CitySampleBuildings,roof,SHORTLISTED,21,keyword:roof;static_mesh;preferred_city_pack;penalty:sample;normal_path_depth,Roof_HeroBlockThreeBldg_A01_04,StaticMesh,/Game/CitySampleBuildings/Building/Library/Kit_Hero_Bldg/MeshRoof/Roof_HeroBlockThreeBldg_A01_04,/Game/CitySampleBuildings/Building/Library/Kit_Hero_Bldg/MeshRoof,/Game/CitySampleBuildings/Building/Library/Kit_Hero_Bldg/MeshRoof/Roof_HeroBlockThreeBldg_A01_04.Roof_HeroBlockThreeBldg_A01_04
CitySampleBuildings,roof,SHORTLISTED,21,keyword:roof;static_mesh;preferred_city_pack;penalty:sample;normal_path_depth,Roof_HeroBlockThreeBldg_A01_05,StaticMesh,/Game/CitySampleBuildings/Building/Library/Kit_Hero_Bldg/MeshRoof/Roof_HeroBlockThreeBldg_A01_05,/Game/CitySampleBuildings/Building/Library/Kit_Hero_Bldg/MeshRoof,/Game/CitySampleBuildings/Building/Library/Kit_Hero_Bldg/MeshRoof/Roof_HeroBlockThreeBldg_A01_05.Roof_HeroBlockThreeBldg_A01_05
CitySampleBuildings,roof,SHORTLISTED,21,keyword:roof;static_mesh;preferred_city_pack;penalty:sample;normal_path_depth,Roof_HeroChase_A01_01,StaticMesh,/Game/CitySampleBuildings/Building/Library/Kit_Hero_Bldg/MeshRoof/Roof_HeroChase_A01_01,/Game/CitySampleBuildings/Building/Library/Kit_Hero_Bldg/MeshRoof,/Game/CitySampleBuildings/Building/Library/Kit_Hero_Bldg/MeshRoof/Roof_HeroChase_A01_01.Roof_HeroChase_A01_01
CitySampleBuildings,roof,SHORTLISTED,21,keyword:roof;static_mesh;preferred_city_pack;penalty:sample;normal_path_depth,Roof_HeroChase_A01_02,StaticMesh,/Game/CitySampleBuildings/Building/Library/Kit_Hero_Bldg/MeshRoof/Roof_HeroChase_A01_02,/Game/CitySampleBuildings/Building/Library/Kit_Hero_Bldg/MeshRoof,/Game/CitySampleBuildings/Building/Library/Kit_Hero_Bldg/MeshRoof/Roof_HeroChase_A01_02.Roof_HeroChase_A01_02
CitySampleBuildings,roof,SHORTLISTED,21,keyword:roof;static_mesh;preferred_city_pack;penalty:sample;normal_path_depth,Roof_HeroFWYClover_01_01,StaticMesh,/Game/CitySampleBuildings/Building/Library/Kit_Hero_Bldg/MeshRoof/Roof_HeroFWYClover_01_01,/Game/CitySampleBuildings/Building/Library/Kit_Hero_Bldg/MeshRoof,/Game/CitySampleBuildings/Building/Library/Kit_Hero_Bldg/MeshRoof/Roof_HeroFWYClover_01_01.Roof_HeroFWYClover_01_01
CitySampleBuildings,roof,SHORTLISTED,21,keyword:roof;static_mesh;preferred_city_pack;penalty:sample;normal_path_depth,Roof_HeroFWYClover_02_01,StaticMesh,/Game/CitySampleBuildings/Building/Library/Kit_Hero_Bldg/MeshRoof/Roof_HeroFWYClover_02_01,/Game/CitySampleBuildings/Building/Library/Kit_Hero_Bldg/MeshRoof,/Game/CitySampleBuildings/Building/Library/Kit_Hero_Bldg/MeshRoof/Roof_HeroFWYClover_02_01.Roof_HeroFWYClover_02_01
CitySampleBuildings,roof,SHORTLISTED,21,keyword:roof;static_mesh;preferred_city_pack;penalty:sample;normal_path_depth,Roof_HeroLowCHGModern_A01_01,StaticMesh,/Game/CitySampleBuildings/Building/Library/Kit_Hero_Bldg/MeshRoof/Roof_HeroLowCHGModern_A01_01,/Game/CitySampleBuildings/Building/Library/Kit_Hero_Bldg/MeshRoof,/Game/CitySampleBuildings/Building/Library/Kit_Hero_Bldg/MeshRoof/Roof_HeroLowCHGModern_A01_01.Roof_HeroLowCHGModern_A01_01
CitySampleBuildings,roof,SHORTLISTED,21,keyword:roof;static_mesh;preferred_city_pack;penalty:sample;normal_path_depth,Roof_HeroMid_NYG_Modern_A01_01,StaticMesh,/Game/CitySampleBuildings/Building/Library/Kit_Hero_Bldg/MeshRoof/Roof_HeroMid_NYG_Modern_A01_01,/Game/CitySampleBuildings/Building/Library/Kit_Hero_Bldg/MeshRoof,/Game/CitySampleBuildings/Building/Library/Kit_Hero_Bldg/MeshRoof/Roof_HeroMid_NYG_Modern_A01_01.Roof_HeroMid_NYG_Modern_A01_01
CitySampleBuildings,roof,SHORTLISTED,21,keyword:roof;static_mesh;preferred_city_pack;penalty:sample;normal_path_depth,Roof_HeroMidNYGTriangleB01_01,StaticMesh,/Game/CitySampleBuildings/Building/Library/Kit_Hero_Bldg/MeshRoof/Roof_HeroMidNYGTriangleB01_01,/Game/CitySampleBuildings/Building/Library/Kit_Hero_Bldg/MeshRoof,/Game/CitySampleBuildings/Building/Library/Kit_Hero_Bldg/MeshRoof/Roof_HeroMidNYGTriangleB01_01.Roof_HeroMidNYGTriangleB01_01
CitySampleBuildings,roof,SHORTLISTED,21,keyword:roof;static_mesh;preferred_city_pack;penalty:sample;normal_path_depth,Roof_HeroMidNYGTriangleB01_02,StaticMesh,/Game/CitySampleBuildings/Building/Library/Kit_Hero_Bldg/MeshRoof/Roof_HeroMidNYGTriangleB01_02,/Game/CitySampleBuildings/Building/Library/Kit_Hero_Bldg/MeshRoof,/Game/CitySampleBuildings/Building/Library/Kit_Hero_Bldg/MeshRoof/Roof_HeroMidNYGTriangleB01_02.Roof_HeroMidNYGTriangleB01_02
CitySampleBuildings,roof,SHORTLISTED,21,keyword:roof;static_mesh;preferred_city_pack;penalty:sample;normal_path_depth,Roof_HeroMidNYGTriangleB01_03,StaticMesh,/Game/CitySampleBuildings/Building/Library/Kit_Hero_Bldg/MeshRoof/Roof_HeroMidNYGTriangleB01_03,/Game/CitySampleBuildings/Building/Library/Kit_Hero_Bldg/MeshRoof,/Game/CitySampleBuildings/Building/Library/Kit_Hero_Bldg/MeshRoof/Roof_HeroMidNYGTriangleB01_03.Roof_HeroMidNYGTriangleB01_03
CitySampleBuildings,roof,SHORTLISTED,21,keyword:roof;static_mesh;preferred_city_pack;penalty:sample;normal_path_depth,Roof_HeroMidSFATriangle_A01_01,StaticMesh,/Game/CitySampleBuildings/Building/Library/Kit_Hero_Bldg/MeshRoof/Roof_HeroMidSFATriangle_A01_01,/Game/CitySampleBuildings/Building/Library/Kit_Hero_Bldg/MeshRoof,/Game/CitySampleBuildings/Building/Library/Kit_Hero_Bldg/MeshRoof/Roof_HeroMidSFATriangle_A01_01.Roof_HeroMidSFATriangle_A01_01
CitySampleBuildings,roof,SHORTLISTED,21,keyword:roof;static_mesh;preferred_city_pack;penalty:sample;normal_path_depth,Roof_HeroMidSFATriangle_A01_02,StaticMesh,/Game/CitySampleBuildings/Building/Library/Kit_Hero_Bldg/MeshRoof/Roof_HeroMidSFATriangle_A01_02,/Game/CitySampleBuildings/Building/Library/Kit_Hero_Bldg/MeshRoof,/Game/CitySampleBuildings/Building/Library/Kit_Hero_Bldg/MeshRoof/Roof_HeroMidSFATriangle_A01_02.Roof_HeroMidSFATriangle_A01_02
CitySampleBuildings,roof,SHORTLISTED,21,keyword:roof;static_mesh;preferred_city_pack;penalty:sample;normal_path_depth,Roof_HeroMidSFCTriangleB01_01,StaticMesh,/Game/CitySampleBuildings/Building/Library/Kit_Hero_Bldg/MeshRoof/Roof_HeroMidSFCTriangleB01_01,/Game/CitySampleBuildings/Building/Library/Kit_Hero_Bldg/MeshRoof,/Game/CitySampleBuildings/Building/Library/Kit_Hero_Bldg/MeshRoof/Roof_HeroMidSFCTriangleB01_01.Roof_HeroMidSFCTriangleB01_01
CitySampleBuildings,roof,SHORTLISTED,21,keyword:roof;static_mesh;preferred_city_pack;penalty:sample;normal_path_depth,Roof_HeroMidSFCTriangleB01_02,StaticMesh,/Game/CitySampleBuildings/Building/Library/Kit_Hero_Bldg/MeshRoof/Roof_HeroMidSFCTriangleB01_02,/Game/CitySampleBuildings/Building/Library/Kit_Hero_Bldg/MeshRoof,/Game/CitySampleBuildings/Building/Library/Kit_Hero_Bldg/MeshRoof/Roof_HeroMidSFCTriangleB01_02.Roof_HeroMidSFCTriangleB01_02
CitySampleBuildings,roof,SHORTLISTED,21,keyword:roof;static_mesh;preferred_city_pack;penalty:sample;normal_path_depth,Roof_HeroMidSFCTriangleB01_03,StaticMesh,/Game/CitySampleBuildings/Building/Library/Kit_Hero_Bldg/MeshRoof/Roof_HeroMidSFCTriangleB01_03,/Game/CitySampleBuildings/Building/Library/Kit_Hero_Bldg/MeshRoof,/Game/CitySampleBuildings/Building/Library/Kit_Hero_Bldg/MeshRoof/Roof_HeroMidSFCTriangleB01_03.Roof_HeroMidSFCTriangleB01_03
CitySampleBuildings,roof,SHORTLISTED,21,keyword:roof;static_mesh;preferred_city_pack;penalty:sample;normal_path_depth,Roof_HeroMidSFCTriangleB01_04,StaticMesh,/Game/CitySampleBuildings/Building/Library/Kit_Hero_Bldg/MeshRoof/Roof_HeroMidSFCTriangleB01_04,/Game/CitySampleBuildings/Building/Library/Kit_Hero_Bldg/MeshRoof,/Game/CitySampleBuildings/Building/Library/Kit_Hero_Bldg/MeshRoof/Roof_HeroMidSFCTriangleB01_04.Roof_HeroMidSFCTriangleB01_04
Scene_UnfinishedBuilding,ruin_general,SHORTLISTED,42,keyword:unfinished;static_mesh;preferred_ruin_pack;mesh_naming;normal_path_depth,SM_Ind_Unf_Wire,StaticMesh,/Game/Scene_UnfinishedBuilding/Assets/Blueprints/Ind_Unf_Wire/SM_Ind_Unf_Wire,/Game/Scene_UnfinishedBuilding/Assets/Blueprints/Ind_Unf_Wire,/Game/Scene_UnfinishedBuilding/Assets/Blueprints/Ind_Unf_Wire/SM_Ind_Unf_Wire.SM_Ind_Unf_Wire
Scene_UnfinishedBuilding,ruin_general,SHORTLISTED,42,keyword:unfinished;static_mesh;preferred_ruin_pack;mesh_naming;normal_path_depth,SM_Ind_Fac_Container_Drum_Metal_Worn_02,StaticMesh,/Game/Scene_UnfinishedBuilding/Assets/Megascans/3D_Assets/Ind_Fac_Container_Drum_Metal_Worn_02/SM_Ind_Fac_Container_Drum_Metal_Worn_02,/Game/Scene_UnfinishedBuilding/Assets/Megascans/3D_Assets/Ind_Fac_Container_Drum_Metal_Worn_02,/Game/Scene_UnfinishedBuilding/Assets/Megascans/3D_Assets/Ind_Fac_Container_Drum_Metal_Worn_02/SM_Ind_Fac_Container_Drum_Metal_Worn_02.SM_Ind_Fac_Container_Drum_Metal_Worn_02
Scene_UnfinishedBuilding,ruin_general,SHORTLISTED,42,keyword:unfinished;static_mesh;preferred_ruin_pack;mesh_naming;normal_path_depth,SM_Ind_War_Storage_Pallet_Wood_Worn_01,StaticMesh,/Game/Scene_UnfinishedBuilding/Assets/Megascans/3D_Assets/Ind_War_Storage_Pallet_Wood_Worn_01/SM_Ind_War_Storage_Pallet_Wood_Worn_01,/Game/Scene_UnfinishedBuilding/Assets/Megascans/3D_Assets/Ind_War_Storage_Pallet_Wood_Worn_01,/Game/Scene_UnfinishedBuilding/Assets/Megascans/3D_Assets/Ind_War_Storage_Pallet_Wood_Worn_01/SM_Ind_War_Storage_Pallet_Wood_Worn_01.SM_Ind_War_Storage_Pallet_Wood_Worn_01
Scene_UnfinishedBuilding,ruin_general,SHORTLISTED,36,keyword:unfinished;static_mesh;preferred_ruin_pack;mesh_naming;penalty:demo;normal_path_depth,SM_DisplayFrame_Corner,StaticMesh,/Game/Scene_UnfinishedBuilding/VisualFramework/DemoRoom/Meshes/SM_DisplayFrame_Corner,/Game/Scene_UnfinishedBuilding/VisualFramework/DemoRoom/Meshes,/Game/Scene_UnfinishedBuilding/VisualFramework/DemoRoom/Meshes/SM_DisplayFrame_Corner.SM_DisplayFrame_Corner
Scene_UnfinishedBuilding,ruin_general,SHORTLISTED,36,keyword:unfinished;static_mesh;preferred_ruin_pack;mesh_naming;penalty:demo;normal_path_depth,SM_DisplayFrame_Corner_Bottom,StaticMesh,/Game/Scene_UnfinishedBuilding/VisualFramework/DemoRoom/Meshes/SM_DisplayFrame_Corner_Bottom,/Game/Scene_UnfinishedBuilding/VisualFramework/DemoRoom/Meshes,/Game/Scene_UnfinishedBuilding/VisualFramework/DemoRoom/Meshes/SM_DisplayFrame_Corner_Bottom.SM_DisplayFrame_Corner_Bottom
Scene_UnfinishedBuilding,ruin_general,SHORTLISTED,36,keyword:unfinished;static_mesh;preferred_ruin_pack;mesh_naming;penalty:demo;normal_path_depth,SM_DisplayFrame_Corner_Top,StaticMesh,/Game/Scene_UnfinishedBuilding/VisualFramework/DemoRoom/Meshes/SM_DisplayFrame_Corner_Top,/Game/Scene_UnfinishedBuilding/VisualFramework/DemoRoom/Meshes,/Game/Scene_UnfinishedBuilding/VisualFramework/DemoRoom/Meshes/SM_DisplayFrame_Corner_Top.SM_DisplayFrame_Corner_Top
Scene_UnfinishedBuilding,ruin_general,SHORTLISTED,36,keyword:unfinished;static_mesh;preferred_ruin_pack;mesh_naming;penalty:demo;normal_path_depth,SM_DisplayFrame_Side,StaticMesh,/Game/Scene_UnfinishedBuilding/VisualFramework/DemoRoom/Meshes/SM_DisplayFrame_Side,/Game/Scene_UnfinishedBuilding/VisualFramework/DemoRoom/Meshes,/Game/Scene_UnfinishedBuilding/VisualFramework/DemoRoom/Meshes/SM_DisplayFrame_Side.SM_DisplayFrame_Side
Scene_UnfinishedBuilding,ruin_general,SHORTLISTED,36,keyword:unfinished;static_mesh;preferred_ruin_pack;mesh_naming;penalty:demo;normal_path_depth,SM_DisplayFrame_Side_Bottom,StaticMesh,/Game/Scene_UnfinishedBuilding/VisualFramework/DemoRoom/Meshes/SM_DisplayFrame_Side_Bottom,/Game/Scene_UnfinishedBuilding/VisualFramework/DemoRoom/Meshes,/Game/Scene_UnfinishedBuilding/VisualFramework/DemoRoom/Meshes/SM_DisplayFrame_Side_Bottom.SM_DisplayFrame_Side_Bottom
Scene_UnfinishedBuilding,ruin_general,SHORTLISTED,36,keyword:unfinished;static_mesh;preferred_ruin_pack;mesh_naming;penalty:demo;normal_path_depth,SM_DisplayFrame_Side_Top,StaticMesh,/Game/Scene_UnfinishedBuilding/VisualFramework/DemoRoom/Meshes/SM_DisplayFrame_Side_Top,/Game/Scene_UnfinishedBuilding/VisualFramework/DemoRoom/Meshes,/Game/Scene_UnfinishedBuilding/VisualFramework/DemoRoom/Meshes/SM_DisplayFrame_Side_Top.SM_DisplayFrame_Side_Top
Scene_UnfinishedBuilding,ruin_general,SHORTLISTED,31,keyword:unfinished;static_mesh;preferred_ruin_pack;penalty:demo;normal_path_depth,Display_Corner_B,StaticMesh,/Game/Scene_UnfinishedBuilding/VisualFramework/DemoRoom/Meshes/Display_Corner_B,/Game/Scene_UnfinishedBuilding/VisualFramework/DemoRoom/Meshes,/Game/Scene_UnfinishedBuilding/VisualFramework/DemoRoom/Meshes/Display_Corner_B.Display_Corner_B
Scene_UnfinishedBuilding,ruin_general,SHORTLISTED,31,keyword:unfinished;static_mesh;preferred_ruin_pack;penalty:demo;normal_path_depth,Display_Corner_C,StaticMesh,/Game/Scene_UnfinishedBuilding/VisualFramework/DemoRoom/Meshes/Display_Corner_C,/Game/Scene_UnfinishedBuilding/VisualFramework/DemoRoom/Meshes,/Game/Scene_UnfinishedBuilding/VisualFramework/DemoRoom/Meshes/Display_Corner_C.Display_Corner_C
Scene_UnfinishedBuilding,ruin_general,SHORTLISTED,31,keyword:unfinished;static_mesh;preferred_ruin_pack;penalty:demo;normal_path_depth,Display_Curve_B,StaticMesh,/Game/Scene_UnfinishedBuilding/VisualFramework/DemoRoom/Meshes/Display_Curve_B,/Game/Scene_UnfinishedBuilding/VisualFramework/DemoRoom/Meshes,/Game/Scene_UnfinishedBuilding/VisualFramework/DemoRoom/Meshes/Display_Curve_B.Display_Curve_B
Scene_UnfinishedBuilding,ruin_general,SHORTLISTED,31,keyword:unfinished;static_mesh;preferred_ruin_pack;penalty:demo;normal_path_depth,Display_Curve_C,StaticMesh,/Game/Scene_UnfinishedBuilding/VisualFramework/DemoRoom/Meshes/Display_Curve_C,/Game/Scene_UnfinishedBuilding/VisualFramework/DemoRoom/Meshes,/Game/Scene_UnfinishedBuilding/VisualFramework/DemoRoom/Meshes/Display_Curve_C.Display_Curve_C
Scene_UnfinishedBuilding,ruin_general,SHORTLISTED,31,keyword:unfinished;static_mesh;preferred_ruin_pack;penalty:demo;normal_path_depth,Display_EdgeCurve_B,StaticMesh,/Game/Scene_UnfinishedBuilding/VisualFramework/DemoRoom/Meshes/Display_EdgeCurve_B,/Game/Scene_UnfinishedBuilding/VisualFramework/DemoRoom/Meshes,/Game/Scene_UnfinishedBuilding/VisualFramework/DemoRoom/Meshes/Display_EdgeCurve_B.Display_EdgeCurve_B
Scene_UnfinishedBuilding,ruin_general,SHORTLISTED,31,keyword:unfinished;static_mesh;preferred_ruin_pack;penalty:demo;normal_path_depth,Display_EdgeCurve_C,StaticMesh,/Game/Scene_UnfinishedBuilding/VisualFramework/DemoRoom/Meshes/Display_EdgeCurve_C,/Game/Scene_UnfinishedBuilding/VisualFramework/DemoRoom/Meshes,/Game/Scene_UnfinishedBuilding/VisualFramework/DemoRoom/Meshes/Display_EdgeCurve_C.Display_EdgeCurve_C
Scene_UnfinishedBuilding,ruin_general,SHORTLISTED,31,keyword:unfinished;static_mesh;preferred_ruin_pack;penalty:demo;normal_path_depth,Display_Main_B,StaticMesh,/Game/Scene_UnfinishedBuilding/VisualFramework/DemoRoom/Meshes/Display_Main_B,/Game/Scene_UnfinishedBuilding/VisualFramework/DemoRoom/Meshes,/Game/Scene_UnfinishedBuilding/VisualFramework/DemoRoom/Meshes/Display_Main_B.Display_Main_B
Scene_UnfinishedBuilding,ruin_general,SHORTLISTED,31,keyword:unfinished;static_mesh;preferred_ruin_pack;penalty:demo;normal_path_depth,Display_Main_C,StaticMesh,/Game/Scene_UnfinishedBuilding/VisualFramework/DemoRoom/Meshes/Display_Main_C,/Game/Scene_UnfinishedBuilding/VisualFramework/DemoRoom/Meshes,/Game/Scene_UnfinishedBuilding/VisualFramework/DemoRoom/Meshes/Display_Main_C.Display_Main_C
Scene_UnfinishedBuilding,ruin_general,SHORTLISTED,31,keyword:unfinished;static_mesh;preferred_ruin_pack;penalty:demo;normal_path_depth,Display_Side_B,StaticMesh,/Game/Scene_UnfinishedBuilding/VisualFramework/DemoRoom/Meshes/Display_Side_B,/Game/Scene_UnfinishedBuilding/VisualFramework/DemoRoom/Meshes,/Game/Scene_UnfinishedBuilding/VisualFramework/DemoRoom/Meshes/Display_Side_B.Display_Side_B
Scene_UnfinishedBuilding,ruin_general,SHORTLISTED,31,keyword:unfinished;static_mesh;preferred_ruin_pack;penalty:demo;normal_path_depth,Display_Side_C,StaticMesh,/Game/Scene_UnfinishedBuilding/VisualFramework/DemoRoom/Meshes/Display_Side_C,/Game/Scene_UnfinishedBuilding/VisualFramework/DemoRoom/Meshes,/Game/Scene_UnfinishedBuilding/VisualFramework/DemoRoom/Meshes/Display_Side_C.Display_Side_C
Scene_UnfinishedBuilding,ruin_general,SHORTLISTED,31,keyword:unfinished;static_mesh;preferred_ruin_pack;penalty:demo;normal_path_depth,Pipe,StaticMesh,/Game/Scene_UnfinishedBuilding/VisualFramework/DemoRoom/Meshes/Pipe,/Game/Scene_UnfinishedBuilding/VisualFramework/DemoRoom/Meshes,/Game/Scene_UnfinishedBuilding/VisualFramework/DemoRoom/Meshes/Pipe.Pipe
Scene_UnfinishedBuilding,ruin_general,SHORTLISTED,31,keyword:unfinished;static_mesh;preferred_ruin_pack;penalty:demo;normal_path_depth,Podium_01,StaticMesh,/Game/Scene_UnfinishedBuilding/VisualFramework/DemoRoom/Meshes/Podium_01,/Game/Scene_UnfinishedBuilding/VisualFramework/DemoRoom/Meshes,/Game/Scene_UnfinishedBuilding/VisualFramework/DemoRoom/Meshes/Podium_01.Podium_01
Scene_UnfinishedBuilding,ruin_general,SHORTLISTED,31,keyword:unfinished;static_mesh;preferred_ruin_pack;penalty:demo;normal_path_depth,Podium_02,StaticMesh,/Game/Scene_UnfinishedBuilding/VisualFramework/DemoRoom/Meshes/Podium_02,/Game/Scene_UnfinishedBuilding/VisualFramework/DemoRoom/Meshes,/Game/Scene_UnfinishedBuilding/VisualFramework/DemoRoom/Meshes/Podium_02.Podium_02
Scene_UnfinishedBuilding,ruin_general,SHORTLISTED,31,keyword:unfinished;static_mesh;preferred_ruin_pack;penalty:demo;normal_path_depth,QuixelLogo,StaticMesh,/Game/Scene_UnfinishedBuilding/VisualFramework/DemoRoom/Meshes/QuixelLogo,/Game/Scene_UnfinishedBuilding/VisualFramework/DemoRoom/Meshes,/Game/Scene_UnfinishedBuilding/VisualFramework/DemoRoom/Meshes/QuixelLogo.QuixelLogo
Scene_UnfinishedBuilding,ruin_general,SHORTLISTED,31,keyword:unfinished;static_mesh;preferred_ruin_pack;penalty:demo;normal_path_depth,ShadowBox_RoundEdge,StaticMesh,/Game/Scene_UnfinishedBuilding/VisualFramework/DemoRoom/Meshes/ShadowBox_RoundEdge,/Game/Scene_UnfinishedBuilding/VisualFramework/DemoRoom/Meshes,/Game/Scene_UnfinishedBuilding/VisualFramework/DemoRoom/Meshes/ShadowBox_RoundEdge.ShadowBox_RoundEdge
Scene_UnfinishedBuilding,ruin_general,SHORTLISTED,31,keyword:unfinished;static_mesh;preferred_ruin_pack;penalty:demo;normal_path_depth,Splitter_Curve,StaticMesh,/Game/Scene_UnfinishedBuilding/VisualFramework/DemoRoom/Meshes/Splitter_Curve,/Game/Scene_UnfinishedBuilding/VisualFramework/DemoRoom/Meshes,/Game/Scene_UnfinishedBuilding/VisualFramework/DemoRoom/Meshes/Splitter_Curve.Splitter_Curve
Scene_UnfinishedBuilding,ruin_general,SHORTLISTED,31,keyword:unfinished;static_mesh;preferred_ruin_pack;penalty:demo;normal_path_depth,TagBar_Middle,StaticMesh,/Game/Scene_UnfinishedBuilding/VisualFramework/DemoRoom/Meshes/TagBar_Middle,/Game/Scene_UnfinishedBuilding/VisualFramework/DemoRoom/Meshes,/Game/Scene_UnfinishedBuilding/VisualFramework/DemoRoom/Meshes/TagBar_Middle.TagBar_Middle
Scene_UnfinishedBuilding,ruin_general,SHORTLISTED,31,keyword:unfinished;static_mesh;preferred_ruin_pack;penalty:demo;normal_path_depth,TagBar_TitleCap,StaticMesh,/Game/Scene_UnfinishedBuilding/VisualFramework/DemoRoom/Meshes/TagBar_TitleCap,/Game/Scene_UnfinishedBuilding/VisualFramework/DemoRoom/Meshes,/Game/Scene_UnfinishedBuilding/VisualFramework/DemoRoom/Meshes/TagBar_TitleCap.TagBar_TitleCap
Scene_UnfinishedBuilding,ruin_general,SHORTLISTED,31,keyword:unfinished;static_mesh;preferred_ruin_pack;penalty:demo;normal_path_depth,TagBar_TitleCap1,StaticMesh,/Game/Scene_UnfinishedBuilding/VisualFramework/DemoRoom/Meshes/TagBar_TitleCap1,/Game/Scene_UnfinishedBuilding/VisualFramework/DemoRoom/Meshes,/Game/Scene_UnfinishedBuilding/VisualFramework/DemoRoom/Meshes/TagBar_TitleCap1.TagBar_TitleCap1
Scene_UnfinishedBuilding,ruin_general,SHORTLISTED,31,keyword:unfinished;static_mesh;preferred_ruin_pack;penalty:demo;normal_path_depth,Tile_Edge,StaticMesh,/Game/Scene_UnfinishedBuilding/VisualFramework/DemoRoom/Meshes/Tile_Edge,/Game/Scene_UnfinishedBuilding/VisualFramework/DemoRoom/Meshes,/Game/Scene_UnfinishedBuilding/VisualFramework/DemoRoom/Meshes/Tile_Edge.Tile_Edge
Scene_UnfinishedBuilding,ruin_general,SHORTLISTED,31,keyword:unfinished;static_mesh;preferred_ruin_pack;penalty:demo;normal_path_depth,Tile_Edge_2,StaticMesh,/Game/Scene_UnfinishedBuilding/VisualFramework/DemoRoom/Meshes/Tile_Edge_2,/Game/Scene_UnfinishedBuilding/VisualFramework/DemoRoom/Meshes,/Game/Scene_UnfinishedBuilding/VisualFramework/DemoRoom/Meshes/Tile_Edge_2.Tile_Edge_2
Scene_UnfinishedBuilding,ruin_general,SHORTLISTED,31,keyword:unfinished;static_mesh;preferred_ruin_pack;penalty:demo;normal_path_depth,Tile_InnerCurve_B,StaticMesh,/Game/Scene_UnfinishedBuilding/VisualFramework/DemoRoom/Meshes/Tile_InnerCurve_B,/Game/Scene_UnfinishedBuilding/VisualFramework/DemoRoom/Meshes,/Game/Scene_UnfinishedBuilding/VisualFramework/DemoRoom/Meshes/Tile_InnerCurve_B.Tile_InnerCurve_B
Scene_UnfinishedBuilding,ruin_general,SHORTLISTED,31,keyword:unfinished;static_mesh;preferred_ruin_pack;penalty:demo;normal_path_depth,Tile_InnerCurveEdge,StaticMesh,/Game/Scene_UnfinishedBuilding/VisualFramework/DemoRoom/Meshes/Tile_InnerCurveEdge,/Game/Scene_UnfinishedBuilding/VisualFramework/DemoRoom/Meshes,/Game/Scene_UnfinishedBuilding/VisualFramework/DemoRoom/Meshes/Tile_InnerCurveEdge.Tile_InnerCurveEdge
Scene_UnfinishedBuilding,stairs_traversal,SHORTLISTED,30,keyword:stair;keyword:stairs;static_mesh;mesh_naming;normal_path_depth,SM_Ind_Con_Stairs_Concrete_Worn_01,StaticMesh,/Game/Scene_UnfinishedBuilding/Assets/Megascans/3D_Assets/Ind_Con_Stairs_Concrete_Worn_01/SM_Ind_Con_Stairs_Concrete_Worn_01,/Game/Scene_UnfinishedBuilding/Assets/Megascans/3D_Assets/Ind_Con_Stairs_Concrete_Worn_01,/Game/Scene_UnfinishedBuilding/Assets/Megascans/3D_Assets/Ind_Con_Stairs_Concrete_Worn_01/SM_Ind_Con_Stairs_Concrete_Worn_01.SM_Ind_Con_Stairs_Concrete_Worn_01
Scene_UnfinishedBuilding,stairs_traversal,SHORTLISTED,22,keyword:stair;static_mesh;mesh_naming;normal_path_depth,SM_Ind_Unf_StairBase_01,StaticMesh,/Game/Scene_UnfinishedBuilding/Assets/Custom/Ind_Unf__StairBase_01/SM_Ind_Unf_StairBase_01,/Game/Scene_UnfinishedBuilding/Assets/Custom/Ind_Unf__StairBase_01,/Game/Scene_UnfinishedBuilding/Assets/Custom/Ind_Unf__StairBase_01/SM_Ind_Unf_StairBase_01.SM_Ind_Unf_StairBase_01
Scene_UnfinishedBuilding,stairs_traversal,SHORTLISTED,22,keyword:stair;static_mesh;mesh_naming;normal_path_depth,SM_Ind_Unf_StairBase_02,StaticMesh,/Game/Scene_UnfinishedBuilding/Assets/Custom/Ind_Unf__StairBase_01/SM_Ind_Unf_StairBase_02,/Game/Scene_UnfinishedBuilding/Assets/Custom/Ind_Unf__StairBase_01,/Game/Scene_UnfinishedBuilding/Assets/Custom/Ind_Unf__StairBase_01/SM_Ind_Unf_StairBase_02.SM_Ind_Unf_StairBase_02
CitySampleBuildings,street_prop,SHORTLISTED,16,keyword:lamp;static_mesh;mesh_naming;penalty:sample;normal_path_depth,SM_BLDG_Prop_Lamp_CHA_A01_N1,StaticMesh,/Game/CitySampleBuildings/Building/CH/A/Kit_Prop_CHA/Mesh/SM_BLDG_Prop_Lamp_CHA_A01_N1,/Game/CitySampleBuildings/Building/CH/A/Kit_Prop_CHA/Mesh,/Game/CitySampleBuildings/Building/CH/A/Kit_Prop_CHA/Mesh/SM_BLDG_Prop_Lamp_CHA_A01_N1.SM_BLDG_Prop_Lamp_CHA_A01_N1
CitySampleBuildings,street_prop,SHORTLISTED,16,keyword:sign;static_mesh;mesh_naming;penalty:sample;normal_path_depth,SM_PROP_NYA_A_Sign_01_N1,StaticMesh,/Game/CitySampleBuildings/Building/NY/A/Kit_PROP_NYA/Mesh/SM_PROP_NYA_A_Sign_01_N1,/Game/CitySampleBuildings/Building/NY/A/Kit_PROP_NYA/Mesh,/Game/CitySampleBuildings/Building/NY/A/Kit_PROP_NYA/Mesh/SM_PROP_NYA_A_Sign_01_N1.SM_PROP_NYA_A_Sign_01_N1
CitySampleBuildings,street_prop,SHORTLISTED,16,keyword:sign;static_mesh;mesh_naming;penalty:sample;normal_path_depth,SM_PROP_NYA_A_Sign_02_N1,StaticMesh,/Game/CitySampleBuildings/Building/NY/A/Kit_PROP_NYA/Mesh/SM_PROP_NYA_A_Sign_02_N1,/Game/CitySampleBuildings/Building/NY/A/Kit_PROP_NYA/Mesh,/Game/CitySampleBuildings/Building/NY/A/Kit_PROP_NYA/Mesh/SM_PROP_NYA_A_Sign_02_N1.SM_PROP_NYA_A_Sign_02_N1
CitySampleBuildings,street_prop,SHORTLISTED,16,keyword:sign;static_mesh;mesh_naming;penalty:sample;normal_path_depth,SM_PROP_NYA_A_Sign_03_N1,StaticMesh,/Game/CitySampleBuildings/Building/NY/A/Kit_PROP_NYA/Mesh/SM_PROP_NYA_A_Sign_03_N1,/Game/CitySampleBuildings/Building/NY/A/Kit_PROP_NYA/Mesh,/Game/CitySampleBuildings/Building/NY/A/Kit_PROP_NYA/Mesh/SM_PROP_NYA_A_Sign_03_N1.SM_PROP_NYA_A_Sign_03_N1
CitySampleBuildings,street_prop,SHORTLISTED,16,keyword:sign;static_mesh;mesh_naming;penalty:sample;normal_path_depth,SM_PROP_NYA_A_Sign_04_N1,StaticMesh,/Game/CitySampleBuildings/Building/NY/A/Kit_PROP_NYA/Mesh/SM_PROP_NYA_A_Sign_04_N1,/Game/CitySampleBuildings/Building/NY/A/Kit_PROP_NYA/Mesh,/Game/CitySampleBuildings/Building/NY/A/Kit_PROP_NYA/Mesh/SM_PROP_NYA_A_Sign_04_N1.SM_PROP_NYA_A_Sign_04_N1
CitySampleBuildings,street_prop,SHORTLISTED,16,keyword:sign;static_mesh;mesh_naming;penalty:sample;normal_path_depth,SM_PROP_NYA_A_Sign_05_N1,StaticMesh,/Game/CitySampleBuildings/Building/NY/A/Kit_PROP_NYA/Mesh/SM_PROP_NYA_A_Sign_05_N1,/Game/CitySampleBuildings/Building/NY/A/Kit_PROP_NYA/Mesh,/Game/CitySampleBuildings/Building/NY/A/Kit_PROP_NYA/Mesh/SM_PROP_NYA_A_Sign_05_N1.SM_PROP_NYA_A_Sign_05_N1
CitySampleBuildings,street_prop,SHORTLISTED,16,keyword:lamp;static_mesh;mesh_naming;penalty:sample;normal_path_depth,SM_BLDG_Prop_Lamp_SFB_A01,StaticMesh,/Game/CitySampleBuildings/Building/SF/B/Kit_Prop_SFB/Mesh/SM_BLDG_Prop_Lamp_SFB_A01,/Game/CitySampleBuildings/Building/SF/B/Kit_Prop_SFB/Mesh,/Game/CitySampleBuildings/Building/SF/B/Kit_Prop_SFB/Mesh/SM_BLDG_Prop_Lamp_SFB_A01.SM_BLDG_Prop_Lamp_SFB_A01
Scene_UnfinishedBuilding,structural,SHORTLISTED,50,keyword:beam;keyword:ceiling;static_mesh;preferred_ruin_pack;mesh_naming;normal_path_depth,SM_Ind_Con_Beams_Ceiling_Concrete_Rough_01,StaticMesh,/Game/Scene_UnfinishedBuilding/Assets/Megascans/3D_Assets/Ind_Con_Beams_Ceiling_Concrete_Rough_01/SM_Ind_Con_Beams_Ceiling_Concrete_Rough_01,/Game/Scene_UnfinishedBuilding/Assets/Megascans/3D_Assets/Ind_Con_Beams_Ceiling_Concrete_Rough_01,/Game/Scene_UnfinishedBuilding/Assets/Megascans/3D_Assets/Ind_Con_Beams_Ceiling_Concrete_Rough_01/SM_Ind_Con_Beams_Ceiling_Concrete_Rough_01.SM_Ind_Con_Beams_Ceiling_Concrete_Rough_01
Scene_UnfinishedBuilding,structural,SHORTLISTED,50,keyword:beam;keyword:ceiling;static_mesh;preferred_ruin_pack;mesh_naming;normal_path_depth,SM_Ind_Con_Beams_Ceiling_Concrete_Rough_02,StaticMesh,/Game/Scene_UnfinishedBuilding/Assets/Megascans/3D_Assets/Ind_Con_Beams_Ceiling_Concrete_Rough_02/SM_Ind_Con_Beams_Ceiling_Concrete_Rough_02,/Game/Scene_UnfinishedBuilding/Assets/Megascans/3D_Assets/Ind_Con_Beams_Ceiling_Concrete_Rough_02,/Game/Scene_UnfinishedBuilding/Assets/Megascans/3D_Assets/Ind_Con_Beams_Ceiling_Concrete_Rough_02/SM_Ind_Con_Beams_Ceiling_Concrete_Rough_02.SM_Ind_Con_Beams_Ceiling_Concrete_Rough_02
Scene_UnfinishedBuilding,structural,SHORTLISTED,50,keyword:beam;keyword:ceiling;static_mesh;preferred_ruin_pack;mesh_naming;normal_path_depth,SM_Ind_Con_Beams_Ceiling_Concrete_Rough_03,StaticMesh,/Game/Scene_UnfinishedBuilding/Assets/Megascans/3D_Assets/Ind_Con_Beams_Ceiling_Concrete_Rough_03/SM_Ind_Con_Beams_Ceiling_Concrete_Rough_03,/Game/Scene_UnfinishedBuilding/Assets/Megascans/3D_Assets/Ind_Con_Beams_Ceiling_Concrete_Rough_03,/Game/Scene_UnfinishedBuilding/Assets/Megascans/3D_Assets/Ind_Con_Beams_Ceiling_Concrete_Rough_03/SM_Ind_Con_Beams_Ceiling_Concrete_Rough_03.SM_Ind_Con_Beams_Ceiling_Concrete_Rough_03
Scene_UnfinishedBuilding,structural,SHORTLISTED,50,keyword:beam;keyword:ceiling;static_mesh;preferred_ruin_pack;mesh_naming;normal_path_depth,SM_Ind_Con_Beams_Ceiling_Concrete_Worn_01,StaticMesh,/Game/Scene_UnfinishedBuilding/Assets/Megascans/3D_Assets/Ind_Con_Beams_Ceiling_Concrete_Worn_01/SM_Ind_Con_Beams_Ceiling_Concrete_Worn_01,/Game/Scene_UnfinishedBuilding/Assets/Megascans/3D_Assets/Ind_Con_Beams_Ceiling_Concrete_Worn_01,/Game/Scene_UnfinishedBuilding/Assets/Megascans/3D_Assets/Ind_Con_Beams_Ceiling_Concrete_Worn_01/SM_Ind_Con_Beams_Ceiling_Concrete_Worn_01.SM_Ind_Con_Beams_Ceiling_Concrete_Worn_01
Scene_UnfinishedBuilding,structural,SHORTLISTED,50,keyword:beam;keyword:ceiling;static_mesh;preferred_ruin_pack;mesh_naming;normal_path_depth,SM_Ind_Con_Beams_Ceiling_Concrete_Worn_02,StaticMesh,/Game/Scene_UnfinishedBuilding/Assets/Megascans/3D_Assets/Ind_Con_Beams_Ceiling_Concrete_Worn_02/SM_Ind_Con_Beams_Ceiling_Concrete_Worn_02,/Game/Scene_UnfinishedBuilding/Assets/Megascans/3D_Assets/Ind_Con_Beams_Ceiling_Concrete_Worn_02,/Game/Scene_UnfinishedBuilding/Assets/Megascans/3D_Assets/Ind_Con_Beams_Ceiling_Concrete_Worn_02/SM_Ind_Con_Beams_Ceiling_Concrete_Worn_02.SM_Ind_Con_Beams_Ceiling_Concrete_Worn_02
Scene_UnfinishedBuilding,structural,SHORTLISTED,50,keyword:beam;keyword:ceiling;static_mesh;preferred_ruin_pack;mesh_naming;normal_path_depth,SM_Ind_Con_Beams_Ceiling_Concrete_Worn_03,StaticMesh,/Game/Scene_UnfinishedBuilding/Assets/Megascans/3D_Assets/Ind_Con_Beams_Ceiling_Concrete_Worn_03/SM_Ind_Con_Beams_Ceiling_Concrete_Worn_03,/Game/Scene_UnfinishedBuilding/Assets/Megascans/3D_Assets/Ind_Con_Beams_Ceiling_Concrete_Worn_03,/Game/Scene_UnfinishedBuilding/Assets/Megascans/3D_Assets/Ind_Con_Beams_Ceiling_Concrete_Worn_03/SM_Ind_Con_Beams_Ceiling_Concrete_Worn_03.SM_Ind_Con_Beams_Ceiling_Concrete_Worn_03
Scene_UnfinishedBuilding,structural,SHORTLISTED,42,keyword:pillar;static_mesh;preferred_ruin_pack;mesh_naming;normal_path_depth,SM_Ind_Unf_Pillar_01,StaticMesh,/Game/Scene_UnfinishedBuilding/Assets/Custom/Ind_Unf__Pillar_01/SM_Ind_Unf_Pillar_01,/Game/Scene_UnfinishedBuilding/Assets/Custom/Ind_Unf__Pillar_01,/Game/Scene_UnfinishedBuilding/Assets/Custom/Ind_Unf__Pillar_01/SM_Ind_Unf_Pillar_01.SM_Ind_Unf_Pillar_01
Scene_UnfinishedBuilding,structural,SHORTLISTED,42,keyword:ceiling;static_mesh;preferred_ruin_pack;mesh_naming;normal_path_depth,SM_Ind_Unf_Ceiling_01,StaticMesh,/Game/Scene_UnfinishedBuilding/Assets/Custom/Ind_Unf_Ceiling_01/SM_Ind_Unf_Ceiling_01,/Game/Scene_UnfinishedBuilding/Assets/Custom/Ind_Unf_Ceiling_01,/Game/Scene_UnfinishedBuilding/Assets/Custom/Ind_Unf_Ceiling_01/SM_Ind_Unf_Ceiling_01.SM_Ind_Unf_Ceiling_01
Scene_UnfinishedBuilding,structural,SHORTLISTED,42,keyword:pillar;static_mesh;preferred_ruin_pack;mesh_naming;normal_path_depth,SM_Ind_Con_Pillar_Concrete_Round_01,StaticMesh,/Game/Scene_UnfinishedBuilding/Assets/Megascans/3D_Assets/Ind_Con_Pillar_Concrete_Round_01/SM_Ind_Con_Pillar_Concrete_Round_01,/Game/Scene_UnfinishedBuilding/Assets/Megascans/3D_Assets/Ind_Con_Pillar_Concrete_Round_01,/Game/Scene_UnfinishedBuilding/Assets/Megascans/3D_Assets/Ind_Con_Pillar_Concrete_Round_01/SM_Ind_Con_Pillar_Concrete_Round_01.SM_Ind_Con_Pillar_Concrete_Round_01
Scene_UnfinishedBuilding,structural,SHORTLISTED,42,keyword:pillar;static_mesh;preferred_ruin_pack;mesh_naming;normal_path_depth,SM_Ind_Con_Pillar_Round_Concrete_01,StaticMesh,/Game/Scene_UnfinishedBuilding/Assets/Megascans/3D_Assets/Ind_Con_Pillar_Round_Concrete_01/SM_Ind_Con_Pillar_Round_Concrete_01,/Game/Scene_UnfinishedBuilding/Assets/Megascans/3D_Assets/Ind_Con_Pillar_Round_Concrete_01,/Game/Scene_UnfinishedBuilding/Assets/Megascans/3D_Assets/Ind_Con_Pillar_Round_Concrete_01/SM_Ind_Con_Pillar_Round_Concrete_01.SM_Ind_Con_Pillar_Round_Concrete_01
Scene_UnfinishedBuilding,structural,SHORTLISTED,42,keyword:pillar;static_mesh;preferred_ruin_pack;mesh_naming;normal_path_depth,SM_Ind_Con_Pillar_Round_Concrete_02,StaticMesh,/Game/Scene_UnfinishedBuilding/Assets/Megascans/3D_Assets/Ind_Con_Pillar_Round_Concrete_02/SM_Ind_Con_Pillar_Round_Concrete_02,/Game/Scene_UnfinishedBuilding/Assets/Megascans/3D_Assets/Ind_Con_Pillar_Round_Concrete_02,/Game/Scene_UnfinishedBuilding/Assets/Megascans/3D_Assets/Ind_Con_Pillar_Round_Concrete_02/SM_Ind_Con_Pillar_Round_Concrete_02.SM_Ind_Con_Pillar_Round_Concrete_02
Scene_UnfinishedBuilding,structural,SHORTLISTED,42,keyword:pillar;static_mesh;preferred_ruin_pack;mesh_naming;normal_path_depth,SM_Ind_Con_Pillar_Square_Concrete_Stained_01,StaticMesh,/Game/Scene_UnfinishedBuilding/Assets/Megascans/3D_Assets/Ind_Con_Pillar_Square_Concrete_Stained_01/SM_Ind_Con_Pillar_Square_Concrete_Stained_01,/Game/Scene_UnfinishedBuilding/Assets/Megascans/3D_Assets/Ind_Con_Pillar_Square_Concrete_Stained_01,/Game/Scene_UnfinishedBuilding/Assets/Megascans/3D_Assets/Ind_Con_Pillar_Square_Concrete_Stained_01/SM_Ind_Con_Pillar_Square_Concrete_Stained_01.SM_Ind_Con_Pillar_Square_Concrete_Stained_01
Scene_UnfinishedBuilding,structural,SHORTLISTED,42,keyword:ceiling;static_mesh;preferred_ruin_pack;mesh_naming;normal_path_depth,SM_Ind_War_Light_Ceiling_Metal_Hanging_02,StaticMesh,/Game/Scene_UnfinishedBuilding/Assets/Megascans/3D_Assets/Ind_War_Light_Ceiling_Metal_Hanging_02/SM_Ind_War_Light_Ceiling_Metal_Hanging_02,/Game/Scene_UnfinishedBuilding/Assets/Megascans/3D_Assets/Ind_War_Light_Ceiling_Metal_Hanging_02,/Game/Scene_UnfinishedBuilding/Assets/Megascans/3D_Assets/Ind_War_Light_Ceiling_Metal_Hanging_02/SM_Ind_War_Light_Ceiling_Metal_Hanging_02.SM_Ind_War_Light_Ceiling_Metal_Hanging_02
Scene_UnfinishedBuilding,structural,SHORTLISTED,31,keyword:floor;static_mesh;preferred_ruin_pack;penalty:demo;normal_path_depth,Floor_Corner,StaticMesh,/Game/Scene_UnfinishedBuilding/VisualFramework/DemoRoom/Meshes/Floor_Corner,/Game/Scene_UnfinishedBuilding/VisualFramework/DemoRoom/Meshes,/Game/Scene_UnfinishedBuilding/VisualFramework/DemoRoom/Meshes/Floor_Corner.Floor_Corner
Scene_UnfinishedBuilding,structural,SHORTLISTED,31,keyword:floor;static_mesh;preferred_ruin_pack;penalty:demo;normal_path_depth,Floor_Edge,StaticMesh,/Game/Scene_UnfinishedBuilding/VisualFramework/DemoRoom/Meshes/Floor_Edge,/Game/Scene_UnfinishedBuilding/VisualFramework/DemoRoom/Meshes,/Game/Scene_UnfinishedBuilding/VisualFramework/DemoRoom/Meshes/Floor_Edge.Floor_Edge
Scene_UnfinishedBuilding,structural,SHORTLISTED,31,keyword:pillar;static_mesh;preferred_ruin_pack;penalty:demo;normal_path_depth,Tile_10MPillar_B,StaticMesh,/Game/Scene_UnfinishedBuilding/VisualFramework/DemoRoom/Meshes/Tile_10MPillar_B,/Game/Scene_UnfinishedBuilding/VisualFramework/DemoRoom/Meshes,/Game/Scene_UnfinishedBuilding/VisualFramework/DemoRoom/Meshes/Tile_10MPillar_B.Tile_10MPillar_B
Scene_UnfinishedBuilding,structural,SHORTLISTED,31,keyword:pillar;static_mesh;preferred_ruin_pack;penalty:demo;normal_path_depth,Tile_10MPillar_B_2,StaticMesh,/Game/Scene_UnfinishedBuilding/VisualFramework/DemoRoom/Meshes/Tile_10MPillar_B_2,/Game/Scene_UnfinishedBuilding/VisualFramework/DemoRoom/Meshes,/Game/Scene_UnfinishedBuilding/VisualFramework/DemoRoom/Meshes/Tile_10MPillar_B_2.Tile_10MPillar_B_2
CitySampleBuildings,structural,SHORTLISTED,26,keyword:column;static_mesh;preferred_city_pack;mesh_naming;penalty:sample;normal_path_depth,SM_BLDG_CHA_L10_A_Column_01_N1,StaticMesh,/Game/CitySampleBuildings/Building/CH/A/Kit_Bldg_CHA_L10_A/Mesh/SM_BLDG_CHA_L10_A_Column_01_N1,/Game/CitySampleBuildings/Building/CH/A/Kit_Bldg_CHA_L10_A/Mesh,/Game/CitySampleBuildings/Building/CH/A/Kit_Bldg_CHA_L10_A/Mesh/SM_BLDG_CHA_L10_A_Column_01_N1.SM_BLDG_CHA_L10_A_Column_01_N1
CitySampleBuildings,structural,SHORTLISTED,26,keyword:column;static_mesh;preferred_city_pack;mesh_naming;penalty:sample;normal_path_depth,SM_BLDG_CHA_L11_A_Column_01_N1,StaticMesh,/Game/CitySampleBuildings/Building/CH/A/Kit_Bldg_CHA_L11_A/Mesh/SM_BLDG_CHA_L11_A_Column_01_N1,/Game/CitySampleBuildings/Building/CH/A/Kit_Bldg_CHA_L11_A/Mesh,/Game/CitySampleBuildings/Building/CH/A/Kit_Bldg_CHA_L11_A/Mesh/SM_BLDG_CHA_L11_A_Column_01_N1.SM_BLDG_CHA_L11_A_Column_01_N1
CitySampleBuildings,structural,SHORTLISTED,26,keyword:column;static_mesh;preferred_city_pack;mesh_naming;penalty:sample;normal_path_depth,SM_BLDG_CHA_L12_A_Column_01_N1,StaticMesh,/Game/CitySampleBuildings/Building/CH/A/Kit_Bldg_CHA_L12_A/Mesh/SM_BLDG_CHA_L12_A_Column_01_N1,/Game/CitySampleBuildings/Building/CH/A/Kit_Bldg_CHA_L12_A/Mesh,/Game/CitySampleBuildings/Building/CH/A/Kit_Bldg_CHA_L12_A/Mesh/SM_BLDG_CHA_L12_A_Column_01_N1.SM_BLDG_CHA_L12_A_Column_01_N1
CitySampleBuildings,structural,SHORTLISTED,26,keyword:column;static_mesh;preferred_city_pack;mesh_naming;penalty:sample;normal_path_depth,SM_BLDG_CHA_L13_A_Column_01_N1,StaticMesh,/Game/CitySampleBuildings/Building/CH/A/Kit_Bldg_CHA_L13_A/Mesh/SM_BLDG_CHA_L13_A_Column_01_N1,/Game/CitySampleBuildings/Building/CH/A/Kit_Bldg_CHA_L13_A/Mesh,/Game/CitySampleBuildings/Building/CH/A/Kit_Bldg_CHA_L13_A/Mesh/SM_BLDG_CHA_L13_A_Column_01_N1.SM_BLDG_CHA_L13_A_Column_01_N1
CitySampleBuildings,structural,SHORTLISTED,26,keyword:column;static_mesh;preferred_city_pack;mesh_naming;penalty:sample;normal_path_depth,SM_BLDG_CHA_L14_A_Column_01_N1,StaticMesh,/Game/CitySampleBuildings/Building/CH/A/Kit_Bldg_CHA_L14_A/Mesh/SM_BLDG_CHA_L14_A_Column_01_N1,/Game/CitySampleBuildings/Building/CH/A/Kit_Bldg_CHA_L14_A/Mesh,/Game/CitySampleBuildings/Building/CH/A/Kit_Bldg_CHA_L14_A/Mesh/SM_BLDG_CHA_L14_A_Column_01_N1.SM_BLDG_CHA_L14_A_Column_01_N1
CitySampleBuildings,structural,SHORTLISTED,26,keyword:column;static_mesh;preferred_city_pack;mesh_naming;penalty:sample;normal_path_depth,SM_BLDG_CHA_L15_A_Column_01_N1,StaticMesh,/Game/CitySampleBuildings/Building/CH/A/Kit_Bldg_CHA_L15_A/Mesh/SM_BLDG_CHA_L15_A_Column_01_N1,/Game/CitySampleBuildings/Building/CH/A/Kit_Bldg_CHA_L15_A/Mesh,/Game/CitySampleBuildings/Building/CH/A/Kit_Bldg_CHA_L15_A/Mesh/SM_BLDG_CHA_L15_A_Column_01_N1.SM_BLDG_CHA_L15_A_Column_01_N1
CitySampleBuildings,structural,SHORTLISTED,26,keyword:column;static_mesh;preferred_city_pack;mesh_naming;penalty:sample;normal_path_depth,SM_BLDG_CHA_L16_A_Column_01_N1,StaticMesh,/Game/CitySampleBuildings/Building/CH/A/Kit_Bldg_CHA_L16_A/Mesh/SM_BLDG_CHA_L16_A_Column_01_N1,/Game/CitySampleBuildings/Building/CH/A/Kit_Bldg_CHA_L16_A/Mesh,/Game/CitySampleBuildings/Building/CH/A/Kit_Bldg_CHA_L16_A/Mesh/SM_BLDG_CHA_L16_A_Column_01_N1.SM_BLDG_CHA_L16_A_Column_01_N1
CitySampleBuildings,structural,SHORTLISTED,26,keyword:column;static_mesh;preferred_city_pack;mesh_naming;penalty:sample;normal_path_depth,SM_BLDG_CHA_L17_A_Column_01_N1,StaticMesh,/Game/CitySampleBuildings/Building/CH/A/Kit_Bldg_CHA_L17_A/Mesh/SM_BLDG_CHA_L17_A_Column_01_N1,/Game/CitySampleBuildings/Building/CH/A/Kit_Bldg_CHA_L17_A/Mesh,/Game/CitySampleBuildings/Building/CH/A/Kit_Bldg_CHA_L17_A/Mesh/SM_BLDG_CHA_L17_A_Column_01_N1.SM_BLDG_CHA_L17_A_Column_01_N1
CitySampleBuildings,structural,SHORTLISTED,26,keyword:column;static_mesh;preferred_city_pack;mesh_naming;penalty:sample;normal_path_depth,SM_BLDG_CHA_L18_A_Column_01_N1,StaticMesh,/Game/CitySampleBuildings/Building/CH/A/Kit_Bldg_CHA_L18_A/Mesh/SM_BLDG_CHA_L18_A_Column_01_N1,/Game/CitySampleBuildings/Building/CH/A/Kit_Bldg_CHA_L18_A/Mesh,/Game/CitySampleBuildings/Building/CH/A/Kit_Bldg_CHA_L18_A/Mesh/SM_BLDG_CHA_L18_A_Column_01_N1.SM_BLDG_CHA_L18_A_Column_01_N1
CitySampleBuildings,structural,SHORTLISTED,26,keyword:column;static_mesh;preferred_city_pack;mesh_naming;penalty:sample;normal_path_depth,SM_BLDG_CHA_L18_A_Column_02_N1,StaticMesh,/Game/CitySampleBuildings/Building/CH/A/Kit_Bldg_CHA_L18_A/Mesh/SM_BLDG_CHA_L18_A_Column_02_N1,/Game/CitySampleBuildings/Building/CH/A/Kit_Bldg_CHA_L18_A/Mesh,/Game/CitySampleBuildings/Building/CH/A/Kit_Bldg_CHA_L18_A/Mesh/SM_BLDG_CHA_L18_A_Column_02_N1.SM_BLDG_CHA_L18_A_Column_02_N1
CitySampleBuildings,structural,SHORTLISTED,26,keyword:column;static_mesh;preferred_city_pack;mesh_naming;penalty:sample;normal_path_depth,SM_BLDG_CHA_L01_A_Column_01_N1,StaticMesh,/Game/CitySampleBuildings/Building/CH/A/Kit_Bldg_CHa_L1_A/Mesh/SM_BLDG_CHA_L01_A_Column_01_N1,/Game/CitySampleBuildings/Building/CH/A/Kit_Bldg_CHa_L1_A/Mesh,/Game/CitySampleBuildings/Building/CH/A/Kit_Bldg_CHa_L1_A/Mesh/SM_BLDG_CHA_L01_A_Column_01_N1.SM_BLDG_CHA_L01_A_Column_01_N1
CitySampleBuildings,structural,SHORTLISTED,26,keyword:column;static_mesh;preferred_city_pack;mesh_naming;penalty:sample;normal_path_depth,SM_BLDG_CHA_L20_A_Column_01_N1,StaticMesh,/Game/CitySampleBuildings/Building/CH/A/Kit_Bldg_CHA_L20_A/Mesh/SM_BLDG_CHA_L20_A_Column_01_N1,/Game/CitySampleBuildings/Building/CH/A/Kit_Bldg_CHA_L20_A/Mesh,/Game/CitySampleBuildings/Building/CH/A/Kit_Bldg_CHA_L20_A/Mesh/SM_BLDG_CHA_L20_A_Column_01_N1.SM_BLDG_CHA_L20_A_Column_01_N1
CitySampleBuildings,structural,SHORTLISTED,26,keyword:column;static_mesh;preferred_city_pack;mesh_naming;penalty:sample;normal_path_depth,SM_BLDG_CHA_L20_A_Column_02_N1,StaticMesh,/Game/CitySampleBuildings/Building/CH/A/Kit_Bldg_CHA_L20_A/Mesh/SM_BLDG_CHA_L20_A_Column_02_N1,/Game/CitySampleBuildings/Building/CH/A/Kit_Bldg_CHA_L20_A/Mesh,/Game/CitySampleBuildings/Building/CH/A/Kit_Bldg_CHA_L20_A/Mesh/SM_BLDG_CHA_L20_A_Column_02_N1.SM_BLDG_CHA_L20_A_Column_02_N1
CitySampleBuildings,structural,SHORTLISTED,26,keyword:column;static_mesh;preferred_city_pack;mesh_naming;penalty:sample;normal_path_depth,SM_BLDG_CHA_L20_A_Column_03_N1,StaticMesh,/Game/CitySampleBuildings/Building/CH/A/Kit_Bldg_CHA_L20_A/Mesh/SM_BLDG_CHA_L20_A_Column_03_N1,/Game/CitySampleBuildings/Building/CH/A/Kit_Bldg_CHA_L20_A/Mesh,/Game/CitySampleBuildings/Building/CH/A/Kit_Bldg_CHA_L20_A/Mesh/SM_BLDG_CHA_L20_A_Column_03_N1.SM_BLDG_CHA_L20_A_Column_03_N1
CitySampleBuildings,structural,SHORTLISTED,26,keyword:column;static_mesh;preferred_city_pack;mesh_naming;penalty:sample;normal_path_depth,SM_BLDG_CHA_L21_A_Column_01_N1,StaticMesh,/Game/CitySampleBuildings/Building/CH/A/Kit_Bldg_CHa_L21_A/Mesh/SM_BLDG_CHA_L21_A_Column_01_N1,/Game/CitySampleBuildings/Building/CH/A/Kit_Bldg_CHa_L21_A/Mesh,/Game/CitySampleBuildings/Building/CH/A/Kit_Bldg_CHa_L21_A/Mesh/SM_BLDG_CHA_L21_A_Column_01_N1.SM_BLDG_CHA_L21_A_Column_01_N1
CitySampleBuildings,structural,SHORTLISTED,26,keyword:column;static_mesh;preferred_city_pack;mesh_naming;penalty:sample;normal_path_depth,SM_BLDG_CHA_L02_A_Column_01_N1,StaticMesh,/Game/CitySampleBuildings/Building/CH/A/Kit_Bldg_CHA_L2_A/Mesh/SM_BLDG_CHA_L02_A_Column_01_N1,/Game/CitySampleBuildings/Building/CH/A/Kit_Bldg_CHA_L2_A/Mesh,/Game/CitySampleBuildings/Building/CH/A/Kit_Bldg_CHA_L2_A/Mesh/SM_BLDG_CHA_L02_A_Column_01_N1.SM_BLDG_CHA_L02_A_Column_01_N1
CitySampleBuildings,structural,SHORTLISTED,26,keyword:column;static_mesh;preferred_city_pack;mesh_naming;penalty:sample;normal_path_depth,SM_BLDG_CHA_L02_A_Column_02_N1,StaticMesh,/Game/CitySampleBuildings/Building/CH/A/Kit_Bldg_CHA_L2_A/Mesh/SM_BLDG_CHA_L02_A_Column_02_N1,/Game/CitySampleBuildings/Building/CH/A/Kit_Bldg_CHA_L2_A/Mesh,/Game/CitySampleBuildings/Building/CH/A/Kit_Bldg_CHA_L2_A/Mesh/SM_BLDG_CHA_L02_A_Column_02_N1.SM_BLDG_CHA_L02_A_Column_02_N1
CitySampleBuildings,structural,SHORTLISTED,26,keyword:column;static_mesh;preferred_city_pack;mesh_naming;penalty:sample;normal_path_depth,SM_BLDG_CHA_L03_A_Column_01_N1,StaticMesh,/Game/CitySampleBuildings/Building/CH/A/Kit_Bldg_CHA_L3_A/Mesh/SM_BLDG_CHA_L03_A_Column_01_N1,/Game/CitySampleBuildings/Building/CH/A/Kit_Bldg_CHA_L3_A/Mesh,/Game/CitySampleBuildings/Building/CH/A/Kit_Bldg_CHA_L3_A/Mesh/SM_BLDG_CHA_L03_A_Column_01_N1.SM_BLDG_CHA_L03_A_Column_01_N1
CitySampleBuildings,structural,SHORTLISTED,26,keyword:column;static_mesh;preferred_city_pack;mesh_naming;penalty:sample;normal_path_depth,SM_BLDG_CHA_L03_A_Column_02_N1,StaticMesh,/Game/CitySampleBuildings/Building/CH/A/Kit_Bldg_CHA_L3_A/Mesh/SM_BLDG_CHA_L03_A_Column_02_N1,/Game/CitySampleBuildings/Building/CH/A/Kit_Bldg_CHA_L3_A/Mesh,/Game/CitySampleBuildings/Building/CH/A/Kit_Bldg_CHA_L3_A/Mesh/SM_BLDG_CHA_L03_A_Column_02_N1.SM_BLDG_CHA_L03_A_Column_02_N1
CitySampleVehicles,vehicle,SHORTLISTED,40,keyword:van;keyword:vehicle;static_mesh;preferred_vehicle_pack;mesh_naming;penalty:sample;normal_path_depth,SM_All_Trans_vehVan_vehicle01,StaticMesh,/Game/CitySampleVehicles/vehicle01_Van/Mesh/SM_All_Trans_vehVan_vehicle01,/Game/CitySampleVehicles/vehicle01_Van/Mesh,/Game/CitySampleVehicles/vehicle01_Van/Mesh/SM_All_Trans_vehVan_vehicle01.SM_All_Trans_vehVan_vehicle01
CitySampleVehicles,vehicle,SHORTLISTED,40,keyword:car;keyword:vehicle;static_mesh;preferred_vehicle_pack;mesh_naming;penalty:sample;normal_path_depth,SM_All_Trans_vehCar_vehicle02,StaticMesh,/Game/CitySampleVehicles/vehicle02_Car/Mesh/SM_All_Trans_vehCar_vehicle02,/Game/CitySampleVehicles/vehicle02_Car/Mesh,/Game/CitySampleVehicles/vehicle02_Car/Mesh/SM_All_Trans_vehCar_vehicle02.SM_All_Trans_vehCar_vehicle02
CitySampleVehicles,vehicle,SHORTLISTED,40,keyword:car;keyword:vehicle;static_mesh;preferred_vehicle_pack;mesh_naming;penalty:sample;normal_path_depth,SM_All_Trans_vehCar_vehicle03,StaticMesh,/Game/CitySampleVehicles/vehicle03_Car/Mesh/SM_All_Trans_vehCar_vehicle03,/Game/CitySampleVehicles/vehicle03_Car/Mesh,/Game/CitySampleVehicles/vehicle03_Car/Mesh/SM_All_Trans_vehCar_vehicle03.SM_All_Trans_vehCar_vehicle03
CitySampleVehicles,vehicle,SHORTLISTED,40,keyword:truck;keyword:vehicle;static_mesh;preferred_vehicle_pack;mesh_naming;penalty:sample;normal_path_depth,SM_All_Trans_vehTruck_vehicle04,StaticMesh,/Game/CitySampleVehicles/vehicle04_Truck/Mesh/SM_All_Trans_vehTruck_vehicle04,/Game/CitySampleVehicles/vehicle04_Truck/Mesh,/Game/CitySampleVehicles/vehicle04_Truck/Mesh/SM_All_Trans_vehTruck_vehicle04.SM_All_Trans_vehTruck_vehicle04
CitySampleVehicles,vehicle,SHORTLISTED,40,keyword:car;keyword:vehicle;static_mesh;preferred_vehicle_pack;mesh_naming;penalty:sample;normal_path_depth,SM_All_Trans_vehCar_vehicle05,StaticMesh,/Game/CitySampleVehicles/vehicle05_Car/Mesh/SM_All_Trans_vehCar_vehicle05,/Game/CitySampleVehicles/vehicle05_Car/Mesh,/Game/CitySampleVehicles/vehicle05_Car/Mesh/SM_All_Trans_vehCar_vehicle05.SM_All_Trans_vehCar_vehicle05
CitySampleVehicles,vehicle,SHORTLISTED,40,keyword:car;keyword:vehicle;static_mesh;preferred_vehicle_pack;mesh_naming;penalty:sample;normal_path_depth,SM_All_Trans_vehCar_vehicle06,StaticMesh,/Game/CitySampleVehicles/vehicle06_Car/Mesh/SM_All_Trans_vehCar_vehicle06,/Game/CitySampleVehicles/vehicle06_Car/Mesh,/Game/CitySampleVehicles/vehicle06_Car/Mesh/SM_All_Trans_vehCar_vehicle06.SM_All_Trans_vehCar_vehicle06
CitySampleVehicles,vehicle,SHORTLISTED,40,keyword:car;keyword:vehicle;static_mesh;preferred_vehicle_pack;mesh_naming;penalty:sample;normal_path_depth,SM_All_Trans_vehCar_vehicle07,StaticMesh,/Game/CitySampleVehicles/vehicle07_Car/Mesh/SM_All_Trans_vehCar_vehicle07,/Game/CitySampleVehicles/vehicle07_Car/Mesh,/Game/CitySampleVehicles/vehicle07_Car/Mesh/SM_All_Trans_vehCar_vehicle07.SM_All_Trans_vehCar_vehicle07
CitySampleVehicles,vehicle,SHORTLISTED,40,keyword:truck;keyword:vehicle;static_mesh;preferred_vehicle_pack;mesh_naming;penalty:sample;normal_path_depth,SM_vehTruck_trailer01_Trans,StaticMesh,/Game/CitySampleVehicles/vehicle08_Trailer/Mesh/SM_vehTruck_trailer01_Trans,/Game/CitySampleVehicles/vehicle08_Trailer/Mesh,/Game/CitySampleVehicles/vehicle08_Trailer/Mesh/SM_vehTruck_trailer01_Trans.SM_vehTruck_trailer01_Trans
CitySampleVehicles,vehicle,SHORTLISTED,40,keyword:truck;keyword:vehicle;static_mesh;preferred_vehicle_pack;mesh_naming;penalty:sample;normal_path_depth,SM_All_Trans_vehTruck_vehicle08,StaticMesh,/Game/CitySampleVehicles/vehicle08_Truck/Mesh/SM_All_Trans_vehTruck_vehicle08,/Game/CitySampleVehicles/vehicle08_Truck/Mesh,/Game/CitySampleVehicles/vehicle08_Truck/Mesh/SM_All_Trans_vehTruck_vehicle08.SM_All_Trans_vehTruck_vehicle08
CitySampleVehicles,vehicle,SHORTLISTED,40,keyword:van;keyword:vehicle;static_mesh;preferred_vehicle_pack;mesh_naming;penalty:sample;normal_path_depth,SM_All_Trans_vehVan_vehicle09,StaticMesh,/Game/CitySampleVehicles/vehicle09_Van/Mesh/SM_All_Trans_vehVan_vehicle09,/Game/CitySampleVehicles/vehicle09_Van/Mesh,/Game/CitySampleVehicles/vehicle09_Van/Mesh/SM_All_Trans_vehVan_vehicle09.SM_All_Trans_vehVan_vehicle09
CitySampleVehicles,vehicle,SHORTLISTED,40,keyword:bus;keyword:vehicle;static_mesh;preferred_vehicle_pack;mesh_naming;penalty:sample;normal_path_depth,SM_vehBus_vehicle10_Trans,StaticMesh,/Game/CitySampleVehicles/vehicle10_Bus/Mesh/SM_vehBus_vehicle10_Trans,/Game/CitySampleVehicles/vehicle10_Bus/Mesh,/Game/CitySampleVehicles/vehicle10_Bus/Mesh/SM_vehBus_vehicle10_Trans.SM_vehBus_vehicle10_Trans
CitySampleVehicles,vehicle,SHORTLISTED,40,keyword:truck;keyword:vehicle;static_mesh;preferred_vehicle_pack;mesh_naming;penalty:sample;normal_path_depth,SM_All_Trans_vehTruck_vehicle11,StaticMesh,/Game/CitySampleVehicles/vehicle11_Truck/Mesh/SM_All_Trans_vehTruck_vehicle11,/Game/CitySampleVehicles/vehicle11_Truck/Mesh,/Game/CitySampleVehicles/vehicle11_Truck/Mesh/SM_All_Trans_vehTruck_vehicle11.SM_All_Trans_vehTruck_vehicle11
CitySampleVehicles,vehicle,SHORTLISTED,40,keyword:car;keyword:vehicle;static_mesh;preferred_vehicle_pack;mesh_naming;penalty:sample;normal_path_depth,SM_All_Trans_vehCar_vehicle12,StaticMesh,/Game/CitySampleVehicles/vehicle12_Car/Mesh/SM_All_Trans_vehCar_vehicle12,/Game/CitySampleVehicles/vehicle12_Car/Mesh,/Game/CitySampleVehicles/vehicle12_Car/Mesh/SM_All_Trans_vehCar_vehicle12.SM_All_Trans_vehCar_vehicle12
CitySampleVehicles,vehicle,SHORTLISTED,40,keyword:car;keyword:vehicle;static_mesh;preferred_vehicle_pack;mesh_naming;penalty:sample;normal_path_depth,SM_All_Trans_vehCar_vehicle13,StaticMesh,/Game/CitySampleVehicles/vehicle13_Car/Mesh/SM_All_Trans_vehCar_vehicle13,/Game/CitySampleVehicles/vehicle13_Car/Mesh,/Game/CitySampleVehicles/vehicle13_Car/Mesh/SM_All_Trans_vehCar_vehicle13.SM_All_Trans_vehCar_vehicle13
CitySampleVehicles,vehicle,SHORTLISTED,35,keyword:car;keyword:vehicle;static_mesh;preferred_vehicle_pack;penalty:sample;normal_path_depth,lightBar_01_trans,StaticMesh,/Game/CitySampleVehicles/vehicle13_Car/Mesh/Transparent/lightBar_01_trans,/Game/CitySampleVehicles/vehicle13_Car/Mesh/Transparent,/Game/CitySampleVehicles/vehicle13_Car/Mesh/Transparent/lightBar_01_trans.lightBar_01_trans
CitySampleVehicles,vehicle,SHORTLISTED,33,keyword:van;keyword:vehicle;vehicle_skeletal_mesh;preferred_vehicle_pack;penalty:sample;normal_path_depth,SKM_vehVan_vehicle01,SkeletalMesh,/Game/CitySampleVehicles/vehicle01_Van/Mesh/SKM_vehVan_vehicle01,/Game/CitySampleVehicles/vehicle01_Van/Mesh,/Game/CitySampleVehicles/vehicle01_Van/Mesh/SKM_vehVan_vehicle01.SKM_vehVan_vehicle01
CitySampleVehicles,vehicle,SHORTLISTED,33,keyword:car;keyword:vehicle;vehicle_skeletal_mesh;preferred_vehicle_pack;penalty:sample;normal_path_depth,SKM_vehCar_vehicle02,SkeletalMesh,/Game/CitySampleVehicles/vehicle02_Car/Mesh/SKM_vehCar_vehicle02,/Game/CitySampleVehicles/vehicle02_Car/Mesh,/Game/CitySampleVehicles/vehicle02_Car/Mesh/SKM_vehCar_vehicle02.SKM_vehCar_vehicle02
CitySampleVehicles,vehicle,SHORTLISTED,33,keyword:car;keyword:vehicle;vehicle_skeletal_mesh;preferred_vehicle_pack;penalty:sample;normal_path_depth,SKM_vehCar_vehicle03,SkeletalMesh,/Game/CitySampleVehicles/vehicle03_Car/Mesh/SKM_vehCar_vehicle03,/Game/CitySampleVehicles/vehicle03_Car/Mesh,/Game/CitySampleVehicles/vehicle03_Car/Mesh/SKM_vehCar_vehicle03.SKM_vehCar_vehicle03
CitySampleVehicles,vehicle,SHORTLISTED,33,keyword:truck;keyword:vehicle;vehicle_skeletal_mesh;preferred_vehicle_pack;penalty:sample;normal_path_depth,SKM_vehTruck_vehicle04,SkeletalMesh,/Game/CitySampleVehicles/vehicle04_Truck/Mesh/SKM_vehTruck_vehicle04,/Game/CitySampleVehicles/vehicle04_Truck/Mesh,/Game/CitySampleVehicles/vehicle04_Truck/Mesh/SKM_vehTruck_vehicle04.SKM_vehTruck_vehicle04
CitySampleVehicles,vehicle,SHORTLISTED,33,keyword:car;keyword:vehicle;vehicle_skeletal_mesh;preferred_vehicle_pack;penalty:sample;normal_path_depth,SKM_vehCar_vehicle05,SkeletalMesh,/Game/CitySampleVehicles/vehicle05_Car/Mesh/SKM_vehCar_vehicle05,/Game/CitySampleVehicles/vehicle05_Car/Mesh,/Game/CitySampleVehicles/vehicle05_Car/Mesh/SKM_vehCar_vehicle05.SKM_vehCar_vehicle05
CitySampleVehicles,vehicle,SHORTLISTED,33,keyword:car;keyword:vehicle;vehicle_skeletal_mesh;preferred_vehicle_pack;penalty:sample;normal_path_depth,SKM_vehCar_vehicle06,SkeletalMesh,/Game/CitySampleVehicles/vehicle06_Car/Mesh/SKM_vehCar_vehicle06,/Game/CitySampleVehicles/vehicle06_Car/Mesh,/Game/CitySampleVehicles/vehicle06_Car/Mesh/SKM_vehCar_vehicle06.SKM_vehCar_vehicle06
CitySampleVehicles,vehicle,SHORTLISTED,33,keyword:car;keyword:vehicle;vehicle_skeletal_mesh;preferred_vehicle_pack;penalty:sample;normal_path_depth,SKM_vehCar_vehicle07,SkeletalMesh,/Game/CitySampleVehicles/vehicle07_Car/Mesh/SKM_vehCar_vehicle07,/Game/CitySampleVehicles/vehicle07_Car/Mesh,/Game/CitySampleVehicles/vehicle07_Car/Mesh/SKM_vehCar_vehicle07.SKM_vehCar_vehicle07
CitySampleVehicles,vehicle,SHORTLISTED,33,keyword:truck;keyword:vehicle;vehicle_skeletal_mesh;preferred_vehicle_pack;penalty:sample;normal_path_depth,SKM_vehTruck_trailer01,SkeletalMesh,/Game/CitySampleVehicles/vehicle08_Trailer/Mesh/SKM_vehTruck_trailer01,/Game/CitySampleVehicles/vehicle08_Trailer/Mesh,/Game/CitySampleVehicles/vehicle08_Trailer/Mesh/SKM_vehTruck_trailer01.SKM_vehTruck_trailer01
CitySampleVehicles,vehicle,SHORTLISTED,33,keyword:truck;keyword:vehicle;vehicle_skeletal_mesh;preferred_vehicle_pack;penalty:sample;normal_path_depth,SKM_vehTruck_vehicle08,SkeletalMesh,/Game/CitySampleVehicles/vehicle08_Truck/Mesh/SKM_vehTruck_vehicle08,/Game/CitySampleVehicles/vehicle08_Truck/Mesh,/Game/CitySampleVehicles/vehicle08_Truck/Mesh/SKM_vehTruck_vehicle08.SKM_vehTruck_vehicle08
CitySampleVehicles,vehicle,SHORTLISTED,33,keyword:van;keyword:vehicle;vehicle_skeletal_mesh;preferred_vehicle_pack;penalty:sample;normal_path_depth,SKM_vehVan_vehicle09,SkeletalMesh,/Game/CitySampleVehicles/vehicle09_Van/Mesh/SKM_vehVan_vehicle09,/Game/CitySampleVehicles/vehicle09_Van/Mesh,/Game/CitySampleVehicles/vehicle09_Van/Mesh/SKM_vehVan_vehicle09.SKM_vehVan_vehicle09
CitySampleVehicles,vehicle,SHORTLISTED,33,keyword:bus;keyword:vehicle;vehicle_skeletal_mesh;preferred_vehicle_pack;penalty:sample;normal_path_depth,SKM_vehBus_vehicle10,SkeletalMesh,/Game/CitySampleVehicles/vehicle10_Bus/Mesh/SKM_vehBus_vehicle10,/Game/CitySampleVehicles/vehicle10_Bus/Mesh,/Game/CitySampleVehicles/vehicle10_Bus/Mesh/SKM_vehBus_vehicle10.SKM_vehBus_vehicle10
CitySampleVehicles,vehicle,SHORTLISTED,33,keyword:truck;keyword:vehicle;vehicle_skeletal_mesh;preferred_vehicle_pack;penalty:sample;normal_path_depth,SKM_vehTruck_vehicle11,SkeletalMesh,/Game/CitySampleVehicles/vehicle11_Truck/Mesh/SKM_vehTruck_vehicle11,/Game/CitySampleVehicles/vehicle11_Truck/Mesh,/Game/CitySampleVehicles/vehicle11_Truck/Mesh/SKM_vehTruck_vehicle11.SKM_vehTruck_vehicle11
Scene_UnfinishedBuilding,vehicle,SHORTLISTED,22,keyword:car;static_mesh;mesh_naming;normal_path_depth,SM_Ind_War_Storage_Sheet_Cardboard_Flattened_02,StaticMesh,/Game/Scene_UnfinishedBuilding/Assets/Megascans/3D_Assets/Ind_War_Storage_Sheet_Cardboard_Flattened_02/SM_Ind_War_Storage_Sheet_Cardboard_Flattened_02,/Game/Scene_UnfinishedBuilding/Assets/Megascans/3D_Assets/Ind_War_Storage_Sheet_Cardboard_Flattened_02,/Game/Scene_UnfinishedBuilding/Assets/Megascans/3D_Assets/Ind_War_Storage_Sheet_Cardboard_Flattened_02/SM_Ind_War_Storage_Sheet_Cardboard_Flattened_02.SM_Ind_War_Storage_Sheet_Cardboard_Flattened_02
Scene_UnfinishedBuilding,vehicle,SHORTLISTED,22,keyword:car;static_mesh;mesh_naming;normal_path_depth,SM_Ind_War_Storage_Sheet_Cardboard_Flattened_04,StaticMesh,/Game/Scene_UnfinishedBuilding/Assets/Megascans/3D_Assets/Ind_War_Storage_Sheet_Cardboard_Flattened_04/SM_Ind_War_Storage_Sheet_Cardboard_Flattened_04,/Game/Scene_UnfinishedBuilding/Assets/Megascans/3D_Assets/Ind_War_Storage_Sheet_Cardboard_Flattened_04,/Game/Scene_UnfinishedBuilding/Assets/Megascans/3D_Assets/Ind_War_Storage_Sheet_Cardboard_Flattened_04/SM_Ind_War_Storage_Sheet_Cardboard_Flattened_04.SM_Ind_War_Storage_Sheet_Cardboard_Flattened_04
Scene_UnfinishedBuilding,vehicle,SHORTLISTED,22,keyword:car;static_mesh;mesh_naming;normal_path_depth,SM_Ind_War_Storage_Sheet_Cardboard_Flattened_05,StaticMesh,/Game/Scene_UnfinishedBuilding/Assets/Megascans/3D_Assets/Ind_War_Storage_Sheet_Cardboard_Flattened_05/SM_Ind_War_Storage_Sheet_Cardboard_Flattened_05,/Game/Scene_UnfinishedBuilding/Assets/Megascans/3D_Assets/Ind_War_Storage_Sheet_Cardboard_Flattened_05,/Game/Scene_UnfinishedBuilding/Assets/Megascans/3D_Assets/Ind_War_Storage_Sheet_Cardboard_Flattened_05/SM_Ind_War_Storage_Sheet_Cardboard_Flattened_05.SM_Ind_War_Storage_Sheet_Cardboard_Flattened_05
CitySampleBuildings,wall_facade,SHORTLISTED,34,keyword:wall;keyword:building;static_mesh;preferred_city_pack;mesh_naming;penalty:sample;normal_path_depth,SM_BLDG_CHA_L10_A_Wall_01_N1,StaticMesh,/Game/CitySampleBuildings/Building/CH/A/Kit_Bldg_CHA_L10_A/Mesh/SM_BLDG_CHA_L10_A_Wall_01_N1,/Game/CitySampleBuildings/Building/CH/A/Kit_Bldg_CHA_L10_A/Mesh,/Game/CitySampleBuildings/Building/CH/A/Kit_Bldg_CHA_L10_A/Mesh/SM_BLDG_CHA_L10_A_Wall_01_N1.SM_BLDG_CHA_L10_A_Wall_01_N1
CitySampleBuildings,wall_facade,SHORTLISTED,34,keyword:wall;keyword:building;static_mesh;preferred_city_pack;mesh_naming;penalty:sample;normal_path_depth,SM_BLDG_CHA_L11_A_Wall_01_N1,StaticMesh,/Game/CitySampleBuildings/Building/CH/A/Kit_Bldg_CHA_L11_A/Mesh/SM_BLDG_CHA_L11_A_Wall_01_N1,/Game/CitySampleBuildings/Building/CH/A/Kit_Bldg_CHA_L11_A/Mesh,/Game/CitySampleBuildings/Building/CH/A/Kit_Bldg_CHA_L11_A/Mesh/SM_BLDG_CHA_L11_A_Wall_01_N1.SM_BLDG_CHA_L11_A_Wall_01_N1
CitySampleBuildings,wall_facade,SHORTLISTED,34,keyword:wall;keyword:building;static_mesh;preferred_city_pack;mesh_naming;penalty:sample;normal_path_depth,SM_BLDG_CHA_L11_A_Wall_02_N1,StaticMesh,/Game/CitySampleBuildings/Building/CH/A/Kit_Bldg_CHA_L11_A/Mesh/SM_BLDG_CHA_L11_A_Wall_02_N1,/Game/CitySampleBuildings/Building/CH/A/Kit_Bldg_CHA_L11_A/Mesh,/Game/CitySampleBuildings/Building/CH/A/Kit_Bldg_CHA_L11_A/Mesh/SM_BLDG_CHA_L11_A_Wall_02_N1.SM_BLDG_CHA_L11_A_Wall_02_N1
CitySampleBuildings,wall_facade,SHORTLISTED,34,keyword:wall;keyword:building;static_mesh;preferred_city_pack;mesh_naming;penalty:sample;normal_path_depth,SM_BLDG_CHA_L12_A_Wall_01_N1,StaticMesh,/Game/CitySampleBuildings/Building/CH/A/Kit_Bldg_CHA_L12_A/Mesh/SM_BLDG_CHA_L12_A_Wall_01_N1,/Game/CitySampleBuildings/Building/CH/A/Kit_Bldg_CHA_L12_A/Mesh,/Game/CitySampleBuildings/Building/CH/A/Kit_Bldg_CHA_L12_A/Mesh/SM_BLDG_CHA_L12_A_Wall_01_N1.SM_BLDG_CHA_L12_A_Wall_01_N1
CitySampleBuildings,wall_facade,SHORTLISTED,34,keyword:wall;keyword:building;static_mesh;preferred_city_pack;mesh_naming;penalty:sample;normal_path_depth,SM_BLDG_CHA_L13_A_Wall_01_N1,StaticMesh,/Game/CitySampleBuildings/Building/CH/A/Kit_Bldg_CHA_L13_A/Mesh/SM_BLDG_CHA_L13_A_Wall_01_N1,/Game/CitySampleBuildings/Building/CH/A/Kit_Bldg_CHA_L13_A/Mesh,/Game/CitySampleBuildings/Building/CH/A/Kit_Bldg_CHA_L13_A/Mesh/SM_BLDG_CHA_L13_A_Wall_01_N1.SM_BLDG_CHA_L13_A_Wall_01_N1
CitySampleBuildings,wall_facade,SHORTLISTED,34,keyword:wall;keyword:building;static_mesh;preferred_city_pack;mesh_naming;penalty:sample;normal_path_depth,SM_BLDG_CHA_L14_A_Wall_01_N1,StaticMesh,/Game/CitySampleBuildings/Building/CH/A/Kit_Bldg_CHA_L14_A/Mesh/SM_BLDG_CHA_L14_A_Wall_01_N1,/Game/CitySampleBuildings/Building/CH/A/Kit_Bldg_CHA_L14_A/Mesh,/Game/CitySampleBuildings/Building/CH/A/Kit_Bldg_CHA_L14_A/Mesh/SM_BLDG_CHA_L14_A_Wall_01_N1.SM_BLDG_CHA_L14_A_Wall_01_N1
CitySampleBuildings,wall_facade,SHORTLISTED,34,keyword:wall;keyword:building;static_mesh;preferred_city_pack;mesh_naming;penalty:sample;normal_path_depth,SM_BLDG_CHA_L15_A_Wall_01_N1,StaticMesh,/Game/CitySampleBuildings/Building/CH/A/Kit_Bldg_CHA_L15_A/Mesh/SM_BLDG_CHA_L15_A_Wall_01_N1,/Game/CitySampleBuildings/Building/CH/A/Kit_Bldg_CHA_L15_A/Mesh,/Game/CitySampleBuildings/Building/CH/A/Kit_Bldg_CHA_L15_A/Mesh/SM_BLDG_CHA_L15_A_Wall_01_N1.SM_BLDG_CHA_L15_A_Wall_01_N1
CitySampleBuildings,wall_facade,SHORTLISTED,34,keyword:wall;keyword:building;static_mesh;preferred_city_pack;mesh_naming;penalty:sample;normal_path_depth,SM_BLDG_CHA_L16_A_Wall_01_N1,StaticMesh,/Game/CitySampleBuildings/Building/CH/A/Kit_Bldg_CHA_L16_A/Mesh/SM_BLDG_CHA_L16_A_Wall_01_N1,/Game/CitySampleBuildings/Building/CH/A/Kit_Bldg_CHA_L16_A/Mesh,/Game/CitySampleBuildings/Building/CH/A/Kit_Bldg_CHA_L16_A/Mesh/SM_BLDG_CHA_L16_A_Wall_01_N1.SM_BLDG_CHA_L16_A_Wall_01_N1
CitySampleBuildings,wall_facade,SHORTLISTED,34,keyword:wall;keyword:building;static_mesh;preferred_city_pack;mesh_naming;penalty:sample;normal_path_depth,SM_BLDG_CHA_L17_A_Wall_01_N1,StaticMesh,/Game/CitySampleBuildings/Building/CH/A/Kit_Bldg_CHA_L17_A/Mesh/SM_BLDG_CHA_L17_A_Wall_01_N1,/Game/CitySampleBuildings/Building/CH/A/Kit_Bldg_CHA_L17_A/Mesh,/Game/CitySampleBuildings/Building/CH/A/Kit_Bldg_CHA_L17_A/Mesh/SM_BLDG_CHA_L17_A_Wall_01_N1.SM_BLDG_CHA_L17_A_Wall_01_N1
CitySampleBuildings,wall_facade,SHORTLISTED,34,keyword:wall;keyword:building;static_mesh;preferred_city_pack;mesh_naming;penalty:sample;normal_path_depth,SM_BLDG_CHA_L17_A_Wall_02_N1,StaticMesh,/Game/CitySampleBuildings/Building/CH/A/Kit_Bldg_CHA_L17_A/Mesh/SM_BLDG_CHA_L17_A_Wall_02_N1,/Game/CitySampleBuildings/Building/CH/A/Kit_Bldg_CHA_L17_A/Mesh,/Game/CitySampleBuildings/Building/CH/A/Kit_Bldg_CHA_L17_A/Mesh/SM_BLDG_CHA_L17_A_Wall_02_N1.SM_BLDG_CHA_L17_A_Wall_02_N1
CitySampleBuildings,wall_facade,SHORTLISTED,34,keyword:wall;keyword:building;static_mesh;preferred_city_pack;mesh_naming;penalty:sample;normal_path_depth,SM_BLDG_CHA_L18_A_Wall_01_N1,StaticMesh,/Game/CitySampleBuildings/Building/CH/A/Kit_Bldg_CHA_L18_A/Mesh/SM_BLDG_CHA_L18_A_Wall_01_N1,/Game/CitySampleBuildings/Building/CH/A/Kit_Bldg_CHA_L18_A/Mesh,/Game/CitySampleBuildings/Building/CH/A/Kit_Bldg_CHA_L18_A/Mesh/SM_BLDG_CHA_L18_A_Wall_01_N1.SM_BLDG_CHA_L18_A_Wall_01_N1
CitySampleBuildings,wall_facade,SHORTLISTED,34,keyword:wall;keyword:building;static_mesh;preferred_city_pack;mesh_naming;penalty:sample;normal_path_depth,SM_BLDG_CHA_L18_A_Wall_02_N1,StaticMesh,/Game/CitySampleBuildings/Building/CH/A/Kit_Bldg_CHA_L18_A/Mesh/SM_BLDG_CHA_L18_A_Wall_02_N1,/Game/CitySampleBuildings/Building/CH/A/Kit_Bldg_CHA_L18_A/Mesh,/Game/CitySampleBuildings/Building/CH/A/Kit_Bldg_CHA_L18_A/Mesh/SM_BLDG_CHA_L18_A_Wall_02_N1.SM_BLDG_CHA_L18_A_Wall_02_N1
CitySampleBuildings,wall_facade,SHORTLISTED,34,keyword:wall;keyword:building;static_mesh;preferred_city_pack;mesh_naming;penalty:sample;normal_path_depth,SM_BLDG_CHA_L19_A_Wall_01_N1,StaticMesh,/Game/CitySampleBuildings/Building/CH/A/Kit_Bldg_CHA_L19_A/Mesh/SM_BLDG_CHA_L19_A_Wall_01_N1,/Game/CitySampleBuildings/Building/CH/A/Kit_Bldg_CHA_L19_A/Mesh,/Game/CitySampleBuildings/Building/CH/A/Kit_Bldg_CHA_L19_A/Mesh/SM_BLDG_CHA_L19_A_Wall_01_N1.SM_BLDG_CHA_L19_A_Wall_01_N1
CitySampleBuildings,wall_facade,SHORTLISTED,34,keyword:wall;keyword:building;static_mesh;preferred_city_pack;mesh_naming;penalty:sample;normal_path_depth,SM_BLDG_CHA_L19_A_Wall_02_N1,StaticMesh,/Game/CitySampleBuildings/Building/CH/A/Kit_Bldg_CHA_L19_A/Mesh/SM_BLDG_CHA_L19_A_Wall_02_N1,/Game/CitySampleBuildings/Building/CH/A/Kit_Bldg_CHA_L19_A/Mesh,/Game/CitySampleBuildings/Building/CH/A/Kit_Bldg_CHA_L19_A/Mesh/SM_BLDG_CHA_L19_A_Wall_02_N1.SM_BLDG_CHA_L19_A_Wall_02_N1
CitySampleBuildings,wall_facade,SHORTLISTED,34,keyword:wall;keyword:building;static_mesh;preferred_city_pack;mesh_naming;penalty:sample;normal_path_depth,SM_BLDG_CHA_L01_A_Wall_01_N1,StaticMesh,/Game/CitySampleBuildings/Building/CH/A/Kit_Bldg_CHa_L1_A/Mesh/SM_BLDG_CHA_L01_A_Wall_01_N1,/Game/CitySampleBuildings/Building/CH/A/Kit_Bldg_CHa_L1_A/Mesh,/Game/CitySampleBuildings/Building/CH/A/Kit_Bldg_CHa_L1_A/Mesh/SM_BLDG_CHA_L01_A_Wall_01_N1.SM_BLDG_CHA_L01_A_Wall_01_N1
CitySampleBuildings,wall_facade,SHORTLISTED,34,keyword:wall;keyword:building;static_mesh;preferred_city_pack;mesh_naming;penalty:sample;normal_path_depth,SM_BLDG_CHA_L20_A_Wall_01_N1,StaticMesh,/Game/CitySampleBuildings/Building/CH/A/Kit_Bldg_CHA_L20_A/Mesh/SM_BLDG_CHA_L20_A_Wall_01_N1,/Game/CitySampleBuildings/Building/CH/A/Kit_Bldg_CHA_L20_A/Mesh,/Game/CitySampleBuildings/Building/CH/A/Kit_Bldg_CHA_L20_A/Mesh/SM_BLDG_CHA_L20_A_Wall_01_N1.SM_BLDG_CHA_L20_A_Wall_01_N1
CitySampleBuildings,wall_facade,SHORTLISTED,34,keyword:wall;keyword:building;static_mesh;preferred_city_pack;mesh_naming;penalty:sample;normal_path_depth,SM_BLDG_CHA_L20_A_Wall_02_N1,StaticMesh,/Game/CitySampleBuildings/Building/CH/A/Kit_Bldg_CHA_L20_A/Mesh/SM_BLDG_CHA_L20_A_Wall_02_N1,/Game/CitySampleBuildings/Building/CH/A/Kit_Bldg_CHA_L20_A/Mesh,/Game/CitySampleBuildings/Building/CH/A/Kit_Bldg_CHA_L20_A/Mesh/SM_BLDG_CHA_L20_A_Wall_02_N1.SM_BLDG_CHA_L20_A_Wall_02_N1
CitySampleBuildings,wall_facade,SHORTLISTED,34,keyword:wall;keyword:building;static_mesh;preferred_city_pack;mesh_naming;penalty:sample;normal_path_depth,SM_BLDG_CHA_L21_A_Wall_01_N1,StaticMesh,/Game/CitySampleBuildings/Building/CH/A/Kit_Bldg_CHa_L21_A/Mesh/SM_BLDG_CHA_L21_A_Wall_01_N1,/Game/CitySampleBuildings/Building/CH/A/Kit_Bldg_CHa_L21_A/Mesh,/Game/CitySampleBuildings/Building/CH/A/Kit_Bldg_CHa_L21_A/Mesh/SM_BLDG_CHA_L21_A_Wall_01_N1.SM_BLDG_CHA_L21_A_Wall_01_N1
CitySampleBuildings,wall_facade,SHORTLISTED,34,keyword:wall;keyword:building;static_mesh;preferred_city_pack;mesh_naming;penalty:sample;normal_path_depth,SM_BLDG_CHA_L02_A_Wall_01_N1,StaticMesh,/Game/CitySampleBuildings/Building/CH/A/Kit_Bldg_CHA_L2_A/Mesh/SM_BLDG_CHA_L02_A_Wall_01_N1,/Game/CitySampleBuildings/Building/CH/A/Kit_Bldg_CHA_L2_A/Mesh,/Game/CitySampleBuildings/Building/CH/A/Kit_Bldg_CHA_L2_A/Mesh/SM_BLDG_CHA_L02_A_Wall_01_N1.SM_BLDG_CHA_L02_A_Wall_01_N1
CitySampleBuildings,wall_facade,SHORTLISTED,34,keyword:wall;keyword:building;static_mesh;preferred_city_pack;mesh_naming;penalty:sample;normal_path_depth,SM_BLDG_CHA_L03_A_Wall_01_N1,StaticMesh,/Game/CitySampleBuildings/Building/CH/A/Kit_Bldg_CHA_L3_A/Mesh/SM_BLDG_CHA_L03_A_Wall_01_N1,/Game/CitySampleBuildings/Building/CH/A/Kit_Bldg_CHA_L3_A/Mesh,/Game/CitySampleBuildings/Building/CH/A/Kit_Bldg_CHA_L3_A/Mesh/SM_BLDG_CHA_L03_A_Wall_01_N1.SM_BLDG_CHA_L03_A_Wall_01_N1
CitySampleBuildings,wall_facade,SHORTLISTED,34,keyword:wall;keyword:building;static_mesh;preferred_city_pack;mesh_naming;penalty:sample;normal_path_depth,SM_BLDG_CHA_L04_A_Wall_01_N1,StaticMesh,/Game/CitySampleBuildings/Building/CH/A/Kit_Bldg_CHA_L4_A/Mesh/SM_BLDG_CHA_L04_A_Wall_01_N1,/Game/CitySampleBuildings/Building/CH/A/Kit_Bldg_CHA_L4_A/Mesh,/Game/CitySampleBuildings/Building/CH/A/Kit_Bldg_CHA_L4_A/Mesh/SM_BLDG_CHA_L04_A_Wall_01_N1.SM_BLDG_CHA_L04_A_Wall_01_N1
CitySampleBuildings,wall_facade,SHORTLISTED,34,keyword:wall;keyword:building;static_mesh;preferred_city_pack;mesh_naming;penalty:sample;normal_path_depth,SM_BLDG_CHA_L05_A_Wall_01_N1,StaticMesh,/Game/CitySampleBuildings/Building/CH/A/Kit_Bldg_CHA_L5_A/Mesh/SM_BLDG_CHA_L05_A_Wall_01_N1,/Game/CitySampleBuildings/Building/CH/A/Kit_Bldg_CHA_L5_A/Mesh,/Game/CitySampleBuildings/Building/CH/A/Kit_Bldg_CHA_L5_A/Mesh/SM_BLDG_CHA_L05_A_Wall_01_N1.SM_BLDG_CHA_L05_A_Wall_01_N1
CitySampleBuildings,wall_facade,SHORTLISTED,34,keyword:wall;keyword:building;static_mesh;preferred_city_pack;mesh_naming;penalty:sample;normal_path_depth,SM_BLDG_CHA_L06_A_Wall_01_N1,StaticMesh,/Game/CitySampleBuildings/Building/CH/A/Kit_Bldg_CHA_L6_A/Mesh/SM_BLDG_CHA_L06_A_Wall_01_N1,/Game/CitySampleBuildings/Building/CH/A/Kit_Bldg_CHA_L6_A/Mesh,/Game/CitySampleBuildings/Building/CH/A/Kit_Bldg_CHA_L6_A/Mesh/SM_BLDG_CHA_L06_A_Wall_01_N1.SM_BLDG_CHA_L06_A_Wall_01_N1
CitySampleBuildings,wall_facade,SHORTLISTED,34,keyword:wall;keyword:building;static_mesh;preferred_city_pack;mesh_naming;penalty:sample;normal_path_depth,SM_BLDG_CHA_L06_A_Wall_02_N1,StaticMesh,/Game/CitySampleBuildings/Building/CH/A/Kit_Bldg_CHA_L6_A/Mesh/SM_BLDG_CHA_L06_A_Wall_02_N1,/Game/CitySampleBuildings/Building/CH/A/Kit_Bldg_CHA_L6_A/Mesh,/Game/CitySampleBuildings/Building/CH/A/Kit_Bldg_CHA_L6_A/Mesh/SM_BLDG_CHA_L06_A_Wall_02_N1.SM_BLDG_CHA_L06_A_Wall_02_N1
CitySampleBuildings,wall_facade,SHORTLISTED,34,keyword:wall;keyword:building;static_mesh;preferred_city_pack;mesh_naming;penalty:sample;normal_path_depth,SM_BLDG_CHA_L07_A_Wall_01_N1,StaticMesh,/Game/CitySampleBuildings/Building/CH/A/Kit_Bldg_CHA_L7_A/Mesh/SM_BLDG_CHA_L07_A_Wall_01_N1,/Game/CitySampleBuildings/Building/CH/A/Kit_Bldg_CHA_L7_A/Mesh,/Game/CitySampleBuildings/Building/CH/A/Kit_Bldg_CHA_L7_A/Mesh/SM_BLDG_CHA_L07_A_Wall_01_N1.SM_BLDG_CHA_L07_A_Wall_01_N1
CitySampleBuildings,wall_facade,SHORTLISTED,34,keyword:wall;keyword:building;static_mesh;preferred_city_pack;mesh_naming;penalty:sample;normal_path_depth,SM_BLDG_CHA_L08_A_Wall_01_N1,StaticMesh,/Game/CitySampleBuildings/Building/CH/A/Kit_Bldg_CHA_L8_A/Mesh/SM_BLDG_CHA_L08_A_Wall_01_N1,/Game/CitySampleBuildings/Building/CH/A/Kit_Bldg_CHA_L8_A/Mesh,/Game/CitySampleBuildings/Building/CH/A/Kit_Bldg_CHA_L8_A/Mesh/SM_BLDG_CHA_L08_A_Wall_01_N1.SM_BLDG_CHA_L08_A_Wall_01_N1
CitySampleBuildings,wall_facade,SHORTLISTED,34,keyword:wall;keyword:building;static_mesh;preferred_city_pack;mesh_naming;penalty:sample;normal_path_depth,SM_BLDG_CHA_L09_A_Wall_01_N1,StaticMesh,/Game/CitySampleBuildings/Building/CH/A/Kit_Bldg_CHA_L9_A/Mesh/SM_BLDG_CHA_L09_A_Wall_01_N1,/Game/CitySampleBuildings/Building/CH/A/Kit_Bldg_CHA_L9_A/Mesh,/Game/CitySampleBuildings/Building/CH/A/Kit_Bldg_CHA_L9_A/Mesh/SM_BLDG_CHA_L09_A_Wall_01_N1.SM_BLDG_CHA_L09_A_Wall_01_N1
CitySampleBuildings,wall_facade,SHORTLISTED,34,keyword:wall;keyword:building;static_mesh;preferred_city_pack;mesh_naming;penalty:sample;normal_path_depth,SM_BLDG_CHB_L10_A_Wall_01_N1,StaticMesh,/Game/CitySampleBuildings/Building/CH/B/Kit_Bldg_CHB_L10_A/Mesh/SM_BLDG_CHB_L10_A_Wall_01_N1,/Game/CitySampleBuildings/Building/CH/B/Kit_Bldg_CHB_L10_A/Mesh,/Game/CitySampleBuildings/Building/CH/B/Kit_Bldg_CHB_L10_A/Mesh/SM_BLDG_CHB_L10_A_Wall_01_N1.SM_BLDG_CHB_L10_A_Wall_01_N1
CitySampleBuildings,wall_facade,SHORTLISTED,34,keyword:wall;keyword:building;static_mesh;preferred_city_pack;mesh_naming;penalty:sample;normal_path_depth,SM_BLDG_CHB_L10_A_Wall_02_N1,StaticMesh,/Game/CitySampleBuildings/Building/CH/B/Kit_Bldg_CHB_L10_A/Mesh/SM_BLDG_CHB_L10_A_Wall_02_N1,/Game/CitySampleBuildings/Building/CH/B/Kit_Bldg_CHB_L10_A/Mesh,/Game/CitySampleBuildings/Building/CH/B/Kit_Bldg_CHB_L10_A/Mesh/SM_BLDG_CHB_L10_A_Wall_02_N1.SM_BLDG_CHB_L10_A_Wall_02_N1
CitySampleBuildings,wall_facade,SHORTLISTED,34,keyword:wall;keyword:building;static_mesh;preferred_city_pack;mesh_naming;penalty:sample;normal_path_depth,SM_BLDG_CHB_L01_A_Wall_01_N1,StaticMesh,/Game/CitySampleBuildings/Building/CH/B/Kit_Bldg_CHB_L1_A/Mesh/SM_BLDG_CHB_L01_A_Wall_01_N1,/Game/CitySampleBuildings/Building/CH/B/Kit_Bldg_CHB_L1_A/Mesh,/Game/CitySampleBuildings/Building/CH/B/Kit_Bldg_CHB_L1_A/Mesh/SM_BLDG_CHB_L01_A_Wall_01_N1.SM_BLDG_CHB_L01_A_Wall_01_N1
CitySampleBuildings,wall_facade,SHORTLISTED,34,keyword:wall;keyword:building;static_mesh;preferred_city_pack;mesh_naming;penalty:sample;normal_path_depth,SM_BLDG_CHB_L01_A_Wall_02_N1,StaticMesh,/Game/CitySampleBuildings/Building/CH/B/Kit_Bldg_CHB_L1_A/Mesh/SM_BLDG_CHB_L01_A_Wall_02_N1,/Game/CitySampleBuildings/Building/CH/B/Kit_Bldg_CHB_L1_A/Mesh,/Game/CitySampleBuildings/Building/CH/B/Kit_Bldg_CHB_L1_A/Mesh/SM_BLDG_CHB_L01_A_Wall_02_N1.SM_BLDG_CHB_L01_A_Wall_02_N1
CitySampleBuildings,wall_facade,SHORTLISTED,34,keyword:wall;keyword:building;static_mesh;preferred_city_pack;mesh_naming;penalty:sample;normal_path_depth,SM_BLDG_CHB_L01_A_Wall_03_N1,StaticMesh,/Game/CitySampleBuildings/Building/CH/B/Kit_Bldg_CHB_L1_A/Mesh/SM_BLDG_CHB_L01_A_Wall_03_N1,/Game/CitySampleBuildings/Building/CH/B/Kit_Bldg_CHB_L1_A/Mesh,/Game/CitySampleBuildings/Building/CH/B/Kit_Bldg_CHB_L1_A/Mesh/SM_BLDG_CHB_L01_A_Wall_03_N1.SM_BLDG_CHB_L01_A_Wall_03_N1
CitySampleBuildings,wall_facade,SHORTLISTED,34,keyword:wall;keyword:building;static_mesh;preferred_city_pack;mesh_naming;penalty:sample;normal_path_depth,SM_BLDG_CHB_L01_A_Wall_04_N1,StaticMesh,/Game/CitySampleBuildings/Building/CH/B/Kit_Bldg_CHB_L1_A/Mesh/SM_BLDG_CHB_L01_A_Wall_04_N1,/Game/CitySampleBuildings/Building/CH/B/Kit_Bldg_CHB_L1_A/Mesh,/Game/CitySampleBuildings/Building/CH/B/Kit_Bldg_CHB_L1_A/Mesh/SM_BLDG_CHB_L01_A_Wall_04_N1.SM_BLDG_CHB_L01_A_Wall_04_N1
CitySampleBuildings,wall_facade,SHORTLISTED,34,keyword:wall;keyword:building;static_mesh;preferred_city_pack;mesh_naming;penalty:sample;normal_path_depth,SM_BLDG_CHB_L01_A_Wall_05_N1,StaticMesh,/Game/CitySampleBuildings/Building/CH/B/Kit_Bldg_CHB_L1_A/Mesh/SM_BLDG_CHB_L01_A_Wall_05_N1,/Game/CitySampleBuildings/Building/CH/B/Kit_Bldg_CHB_L1_A/Mesh,/Game/CitySampleBuildings/Building/CH/B/Kit_Bldg_CHB_L1_A/Mesh/SM_BLDG_CHB_L01_A_Wall_05_N1.SM_BLDG_CHB_L01_A_Wall_05_N1
CitySampleBuildings,wall_facade,SHORTLISTED,34,keyword:wall;keyword:building;static_mesh;preferred_city_pack;mesh_naming;penalty:sample;normal_path_depth,SM_BLDG_CHB_L01_A_Wall_06_N1,StaticMesh,/Game/CitySampleBuildings/Building/CH/B/Kit_Bldg_CHB_L1_A/Mesh/SM_BLDG_CHB_L01_A_Wall_06_N1,/Game/CitySampleBuildings/Building/CH/B/Kit_Bldg_CHB_L1_A/Mesh,/Game/CitySampleBuildings/Building/CH/B/Kit_Bldg_CHB_L1_A/Mesh/SM_BLDG_CHB_L01_A_Wall_06_N1.SM_BLDG_CHB_L01_A_Wall_06_N1
CitySampleBuildings,wall_facade,SHORTLISTED,34,keyword:wall;keyword:building;static_mesh;preferred_city_pack;mesh_naming;penalty:sample;normal_path_depth,SM_BLDG_CHB_L01_A_Wall_07_N1,StaticMesh,/Game/CitySampleBuildings/Building/CH/B/Kit_Bldg_CHB_L1_A/Mesh/SM_BLDG_CHB_L01_A_Wall_07_N1,/Game/CitySampleBuildings/Building/CH/B/Kit_Bldg_CHB_L1_A/Mesh,/Game/CitySampleBuildings/Building/CH/B/Kit_Bldg_CHB_L1_A/Mesh/SM_BLDG_CHB_L01_A_Wall_07_N1.SM_BLDG_CHB_L01_A_Wall_07_N1
CitySampleBuildings,wall_facade,SHORTLISTED,34,keyword:wall;keyword:building;static_mesh;preferred_city_pack;mesh_naming;penalty:sample;normal_path_depth,SM_BLDG_CHB_L01_A_Wall_08_N1,StaticMesh,/Game/CitySampleBuildings/Building/CH/B/Kit_Bldg_CHB_L1_A/Mesh/SM_BLDG_CHB_L01_A_Wall_08_N1,/Game/CitySampleBuildings/Building/CH/B/Kit_Bldg_CHB_L1_A/Mesh,/Game/CitySampleBuildings/Building/CH/B/Kit_Bldg_CHB_L1_A/Mesh/SM_BLDG_CHB_L01_A_Wall_08_N1.SM_BLDG_CHB_L01_A_Wall_08_N1
CitySampleBuildings,wall_facade,SHORTLISTED,34,keyword:wall;keyword:building;static_mesh;preferred_city_pack;mesh_naming;penalty:sample;normal_path_depth,SM_BLDG_CHB_L02_A_Wall_01_N1,StaticMesh,/Game/CitySampleBuildings/Building/CH/B/Kit_Bldg_CHB_L2_A/Mesh/SM_BLDG_CHB_L02_A_Wall_01_N1,/Game/CitySampleBuildings/Building/CH/B/Kit_Bldg_CHB_L2_A/Mesh,/Game/CitySampleBuildings/Building/CH/B/Kit_Bldg_CHB_L2_A/Mesh/SM_BLDG_CHB_L02_A_Wall_01_N1.SM_BLDG_CHB_L02_A_Wall_01_N1
CitySampleBuildings,wall_facade,SHORTLISTED,34,keyword:wall;keyword:building;static_mesh;preferred_city_pack;mesh_naming;penalty:sample;normal_path_depth,SM_BLDG_CHB_L02_A_Wall_02_N1,StaticMesh,/Game/CitySampleBuildings/Building/CH/B/Kit_Bldg_CHB_L2_A/Mesh/SM_BLDG_CHB_L02_A_Wall_02_N1,/Game/CitySampleBuildings/Building/CH/B/Kit_Bldg_CHB_L2_A/Mesh,/Game/CitySampleBuildings/Building/CH/B/Kit_Bldg_CHB_L2_A/Mesh/SM_BLDG_CHB_L02_A_Wall_02_N1.SM_BLDG_CHB_L02_A_Wall_02_N1
CitySampleBuildings,wall_facade,SHORTLISTED,34,keyword:wall;keyword:building;static_mesh;preferred_city_pack;mesh_naming;penalty:sample;normal_path_depth,SM_BLDG_CHB_L02_A_Wall_03_N1,StaticMesh,/Game/CitySampleBuildings/Building/CH/B/Kit_Bldg_CHB_L2_A/Mesh/SM_BLDG_CHB_L02_A_Wall_03_N1,/Game/CitySampleBuildings/Building/CH/B/Kit_Bldg_CHB_L2_A/Mesh,/Game/CitySampleBuildings/Building/CH/B/Kit_Bldg_CHB_L2_A/Mesh/SM_BLDG_CHB_L02_A_Wall_03_N1.SM_BLDG_CHB_L02_A_Wall_03_N1
CitySampleBuildings,wall_facade,SHORTLISTED,34,keyword:wall;keyword:building;static_mesh;preferred_city_pack;mesh_naming;penalty:sample;normal_path_depth,SM_BLDG_CHB_L02_A_Wall_04_N1,StaticMesh,/Game/CitySampleBuildings/Building/CH/B/Kit_Bldg_CHB_L2_A/Mesh/SM_BLDG_CHB_L02_A_Wall_04_N1,/Game/CitySampleBuildings/Building/CH/B/Kit_Bldg_CHB_L2_A/Mesh,/Game/CitySampleBuildings/Building/CH/B/Kit_Bldg_CHB_L2_A/Mesh/SM_BLDG_CHB_L02_A_Wall_04_N1.SM_BLDG_CHB_L02_A_Wall_04_N1
CitySampleBuildings,wall_facade,SHORTLISTED,34,keyword:wall;keyword:building;static_mesh;preferred_city_pack;mesh_naming;penalty:sample;normal_path_depth,SM_BLDG_CHB_L02_A_Wall_05_N1,StaticMesh,/Game/CitySampleBuildings/Building/CH/B/Kit_Bldg_CHB_L2_A/Mesh/SM_BLDG_CHB_L02_A_Wall_05_N1,/Game/CitySampleBuildings/Building/CH/B/Kit_Bldg_CHB_L2_A/Mesh,/Game/CitySampleBuildings/Building/CH/B/Kit_Bldg_CHB_L2_A/Mesh/SM_BLDG_CHB_L02_A_Wall_05_N1.SM_BLDG_CHB_L02_A_Wall_05_N1
CitySampleBuildings,wall_facade,SHORTLISTED,34,keyword:wall;keyword:building;static_mesh;preferred_city_pack;mesh_naming;penalty:sample;normal_path_depth,SM_BLDG_CHB_L02_A_Wall_06_N1,StaticMesh,/Game/CitySampleBuildings/Building/CH/B/Kit_Bldg_CHB_L2_A/Mesh/SM_BLDG_CHB_L02_A_Wall_06_N1,/Game/CitySampleBuildings/Building/CH/B/Kit_Bldg_CHB_L2_A/Mesh,/Game/CitySampleBuildings/Building/CH/B/Kit_Bldg_CHB_L2_A/Mesh/SM_BLDG_CHB_L02_A_Wall_06_N1.SM_BLDG_CHB_L02_A_Wall_06_N1
CitySampleBuildings,wall_facade,SHORTLISTED,34,keyword:wall;keyword:building;static_mesh;preferred_city_pack;mesh_naming;penalty:sample;normal_path_depth,SM_BLDG_CHB_L02_A_Wall_07_N1,StaticMesh,/Game/CitySampleBuildings/Building/CH/B/Kit_Bldg_CHB_L2_A/Mesh/SM_BLDG_CHB_L02_A_Wall_07_N1,/Game/CitySampleBuildings/Building/CH/B/Kit_Bldg_CHB_L2_A/Mesh,/Game/CitySampleBuildings/Building/CH/B/Kit_Bldg_CHB_L2_A/Mesh/SM_BLDG_CHB_L02_A_Wall_07_N1.SM_BLDG_CHB_L02_A_Wall_07_N1
CitySampleBuildings,wall_facade,SHORTLISTED,34,keyword:wall;keyword:building;static_mesh;preferred_city_pack;mesh_naming;penalty:sample;normal_path_depth,SM_BLDG_CHB_L02_A_Wall_08_N1,StaticMesh,/Game/CitySampleBuildings/Building/CH/B/Kit_Bldg_CHB_L2_A/Mesh/SM_BLDG_CHB_L02_A_Wall_08_N1,/Game/CitySampleBuildings/Building/CH/B/Kit_Bldg_CHB_L2_A/Mesh,/Game/CitySampleBuildings/Building/CH/B/Kit_Bldg_CHB_L2_A/Mesh/SM_BLDG_CHB_L02_A_Wall_08_N1.SM_BLDG_CHB_L02_A_Wall_08_N1
CitySampleBuildings,wall_facade,SHORTLISTED,34,keyword:wall;keyword:building;static_mesh;preferred_city_pack;mesh_naming;penalty:sample;normal_path_depth,SM_BLDG_CHB_L03_A_Wall_01_N1,StaticMesh,/Game/CitySampleBuildings/Building/CH/B/Kit_Bldg_CHB_L3_A/Mesh/SM_BLDG_CHB_L03_A_Wall_01_N1,/Game/CitySampleBuildings/Building/CH/B/Kit_Bldg_CHB_L3_A/Mesh,/Game/CitySampleBuildings/Building/CH/B/Kit_Bldg_CHB_L3_A/Mesh/SM_BLDG_CHB_L03_A_Wall_01_N1.SM_BLDG_CHB_L03_A_Wall_01_N1
CitySampleBuildings,wall_facade,SHORTLISTED,34,keyword:wall;keyword:building;static_mesh;preferred_city_pack;mesh_naming;penalty:sample;normal_path_depth,SM_BLDG_CHB_L03_A_Wall_02_N1,StaticMesh,/Game/CitySampleBuildings/Building/CH/B/Kit_Bldg_CHB_L3_A/Mesh/SM_BLDG_CHB_L03_A_Wall_02_N1,/Game/CitySampleBuildings/Building/CH/B/Kit_Bldg_CHB_L3_A/Mesh,/Game/CitySampleBuildings/Building/CH/B/Kit_Bldg_CHB_L3_A/Mesh/SM_BLDG_CHB_L03_A_Wall_02_N1.SM_BLDG_CHB_L03_A_Wall_02_N1
CitySampleBuildings,wall_facade,SHORTLISTED,34,keyword:wall;keyword:building;static_mesh;preferred_city_pack;mesh_naming;penalty:sample;normal_path_depth,SM_BLDG_CHB_L03_A_Wall_03_N1,StaticMesh,/Game/CitySampleBuildings/Building/CH/B/Kit_Bldg_CHB_L3_A/Mesh/SM_BLDG_CHB_L03_A_Wall_03_N1,/Game/CitySampleBuildings/Building/CH/B/Kit_Bldg_CHB_L3_A/Mesh,/Game/CitySampleBuildings/Building/CH/B/Kit_Bldg_CHB_L3_A/Mesh/SM_BLDG_CHB_L03_A_Wall_03_N1.SM_BLDG_CHB_L03_A_Wall_03_N1
CitySampleBuildings,wall_facade,SHORTLISTED,34,keyword:wall;keyword:building;static_mesh;preferred_city_pack;mesh_naming;penalty:sample;normal_path_depth,SM_BLDG_CHB_L03_A_Wall_04_N1,StaticMesh,/Game/CitySampleBuildings/Building/CH/B/Kit_Bldg_CHB_L3_A/Mesh/SM_BLDG_CHB_L03_A_Wall_04_N1,/Game/CitySampleBuildings/Building/CH/B/Kit_Bldg_CHB_L3_A/Mesh,/Game/CitySampleBuildings/Building/CH/B/Kit_Bldg_CHB_L3_A/Mesh/SM_BLDG_CHB_L03_A_Wall_04_N1.SM_BLDG_CHB_L03_A_Wall_04_N1
CitySampleBuildings,wall_facade,SHORTLISTED,34,keyword:wall;keyword:building;static_mesh;preferred_city_pack;mesh_naming;penalty:sample;normal_path_depth,SM_BLDG_CHB_L03_A_Wall_05_N1,StaticMesh,/Game/CitySampleBuildings/Building/CH/B/Kit_Bldg_CHB_L3_A/Mesh/SM_BLDG_CHB_L03_A_Wall_05_N1,/Game/CitySampleBuildings/Building/CH/B/Kit_Bldg_CHB_L3_A/Mesh,/Game/CitySampleBuildings/Building/CH/B/Kit_Bldg_CHB_L3_A/Mesh/SM_BLDG_CHB_L03_A_Wall_05_N1.SM_BLDG_CHB_L03_A_Wall_05_N1
CitySampleBuildings,wall_facade,SHORTLISTED,34,keyword:wall;keyword:building;static_mesh;preferred_city_pack;mesh_naming;penalty:sample;normal_path_depth,SM_BLDG_CHB_L03_A_Wall_06_N1,StaticMesh,/Game/CitySampleBuildings/Building/CH/B/Kit_Bldg_CHB_L3_A/Mesh/SM_BLDG_CHB_L03_A_Wall_06_N1,/Game/CitySampleBuildings/Building/CH/B/Kit_Bldg_CHB_L3_A/Mesh,/Game/CitySampleBuildings/Building/CH/B/Kit_Bldg_CHB_L3_A/Mesh/SM_BLDG_CHB_L03_A_Wall_06_N1.SM_BLDG_CHB_L03_A_Wall_06_N1
CitySampleBuildings,wall_facade,SHORTLISTED,34,keyword:wall;keyword:building;static_mesh;preferred_city_pack;mesh_naming;penalty:sample;normal_path_depth,SM_BLDG_CHB_L03_A_Wall_08_N1,StaticMesh,/Game/CitySampleBuildings/Building/CH/B/Kit_Bldg_CHB_L3_A/Mesh/SM_BLDG_CHB_L03_A_Wall_08_N1,/Game/CitySampleBuildings/Building/CH/B/Kit_Bldg_CHB_L3_A/Mesh,/Game/CitySampleBuildings/Building/CH/B/Kit_Bldg_CHB_L3_A/Mesh/SM_BLDG_CHB_L03_A_Wall_08_N1.SM_BLDG_CHB_L03_A_Wall_08_N1
CitySampleBuildings,wall_facade,SHORTLISTED,34,keyword:wall;keyword:building;static_mesh;preferred_city_pack;mesh_naming;penalty:sample;normal_path_depth,SM_BLDG_CHB_L04_A_Wall_01_N1,StaticMesh,/Game/CitySampleBuildings/Building/CH/B/Kit_Bldg_CHB_L4_A/Mesh/SM_BLDG_CHB_L04_A_Wall_01_N1,/Game/CitySampleBuildings/Building/CH/B/Kit_Bldg_CHB_L4_A/Mesh,/Game/CitySampleBuildings/Building/CH/B/Kit_Bldg_CHB_L4_A/Mesh/SM_BLDG_CHB_L04_A_Wall_01_N1.SM_BLDG_CHB_L04_A_Wall_01_N1
CitySampleBuildings,wall_facade,SHORTLISTED,34,keyword:wall;keyword:building;static_mesh;preferred_city_pack;mesh_naming;penalty:sample;normal_path_depth,SM_BLDG_CHB_L04_A_Wall_02_N1,StaticMesh,/Game/CitySampleBuildings/Building/CH/B/Kit_Bldg_CHB_L4_A/Mesh/SM_BLDG_CHB_L04_A_Wall_02_N1,/Game/CitySampleBuildings/Building/CH/B/Kit_Bldg_CHB_L4_A/Mesh,/Game/CitySampleBuildings/Building/CH/B/Kit_Bldg_CHB_L4_A/Mesh/SM_BLDG_CHB_L04_A_Wall_02_N1.SM_BLDG_CHB_L04_A_Wall_02_N1
CitySampleBuildings,wall_facade,SHORTLISTED,34,keyword:wall;keyword:building;static_mesh;preferred_city_pack;mesh_naming;penalty:sample;normal_path_depth,SM_BLDG_CHB_L04_A_Wall_03_N1,StaticMesh,/Game/CitySampleBuildings/Building/CH/B/Kit_Bldg_CHB_L4_A/Mesh/SM_BLDG_CHB_L04_A_Wall_03_N1,/Game/CitySampleBuildings/Building/CH/B/Kit_Bldg_CHB_L4_A/Mesh,/Game/CitySampleBuildings/Building/CH/B/Kit_Bldg_CHB_L4_A/Mesh/SM_BLDG_CHB_L04_A_Wall_03_N1.SM_BLDG_CHB_L04_A_Wall_03_N1
CitySampleBuildings,wall_facade,SHORTLISTED,34,keyword:wall;keyword:building;static_mesh;preferred_city_pack;mesh_naming;penalty:sample;normal_path_depth,SM_BLDG_CHB_L04_A_Wall_05_N1,StaticMesh,/Game/CitySampleBuildings/Building/CH/B/Kit_Bldg_CHB_L4_A/Mesh/SM_BLDG_CHB_L04_A_Wall_05_N1,/Game/CitySampleBuildings/Building/CH/B/Kit_Bldg_CHB_L4_A/Mesh,/Game/CitySampleBuildings/Building/CH/B/Kit_Bldg_CHB_L4_A/Mesh/SM_BLDG_CHB_L04_A_Wall_05_N1.SM_BLDG_CHB_L04_A_Wall_05_N1
CitySampleBuildings,wall_facade,SHORTLISTED,34,keyword:wall;keyword:building;static_mesh;preferred_city_pack;mesh_naming;penalty:sample;normal_path_depth,SM_BLDG_CHB_L04_B_Wall_01_N1,StaticMesh,/Game/CitySampleBuildings/Building/CH/B/Kit_Bldg_CHB_L4_B/Mesh/SM_BLDG_CHB_L04_B_Wall_01_N1,/Game/CitySampleBuildings/Building/CH/B/Kit_Bldg_CHB_L4_B/Mesh,/Game/CitySampleBuildings/Building/CH/B/Kit_Bldg_CHB_L4_B/Mesh/SM_BLDG_CHB_L04_B_Wall_01_N1.SM_BLDG_CHB_L04_B_Wall_01_N1
CitySampleBuildings,wall_facade,SHORTLISTED,34,keyword:wall;keyword:building;static_mesh;preferred_city_pack;mesh_naming;penalty:sample;normal_path_depth,SM_BLDG_CHB_L04_B_Wall_02_N1,StaticMesh,/Game/CitySampleBuildings/Building/CH/B/Kit_Bldg_CHB_L4_B/Mesh/SM_BLDG_CHB_L04_B_Wall_02_N1,/Game/CitySampleBuildings/Building/CH/B/Kit_Bldg_CHB_L4_B/Mesh,/Game/CitySampleBuildings/Building/CH/B/Kit_Bldg_CHB_L4_B/Mesh/SM_BLDG_CHB_L04_B_Wall_02_N1.SM_BLDG_CHB_L04_B_Wall_02_N1
CitySampleBuildings,wall_facade,SHORTLISTED,34,keyword:wall;keyword:building;static_mesh;preferred_city_pack;mesh_naming;penalty:sample;normal_path_depth,SM_BLDG_CHB_L04_B_Wall_03_N1,StaticMesh,/Game/CitySampleBuildings/Building/CH/B/Kit_Bldg_CHB_L4_B/Mesh/SM_BLDG_CHB_L04_B_Wall_03_N1,/Game/CitySampleBuildings/Building/CH/B/Kit_Bldg_CHB_L4_B/Mesh,/Game/CitySampleBuildings/Building/CH/B/Kit_Bldg_CHB_L4_B/Mesh/SM_BLDG_CHB_L04_B_Wall_03_N1.SM_BLDG_CHB_L04_B_Wall_03_N1
CitySampleBuildings,wall_facade,SHORTLISTED,34,keyword:wall;keyword:building;static_mesh;preferred_city_pack;mesh_naming;penalty:sample;normal_path_depth,SM_BLDG_CHB_L05_A_Wall_01_N1,StaticMesh,/Game/CitySampleBuildings/Building/CH/B/Kit_Bldg_CHB_L5_A/Mesh/SM_BLDG_CHB_L05_A_Wall_01_N1,/Game/CitySampleBuildings/Building/CH/B/Kit_Bldg_CHB_L5_A/Mesh,/Game/CitySampleBuildings/Building/CH/B/Kit_Bldg_CHB_L5_A/Mesh/SM_BLDG_CHB_L05_A_Wall_01_N1.SM_BLDG_CHB_L05_A_Wall_01_N1
CitySampleBuildings,wall_facade,SHORTLISTED,34,keyword:wall;keyword:building;static_mesh;preferred_city_pack;mesh_naming;penalty:sample;normal_path_depth,SM_BLDG_CHB_L05_A_Wall_02_N1,StaticMesh,/Game/CitySampleBuildings/Building/CH/B/Kit_Bldg_CHB_L5_A/Mesh/SM_BLDG_CHB_L05_A_Wall_02_N1,/Game/CitySampleBuildings/Building/CH/B/Kit_Bldg_CHB_L5_A/Mesh,/Game/CitySampleBuildings/Building/CH/B/Kit_Bldg_CHB_L5_A/Mesh/SM_BLDG_CHB_L05_A_Wall_02_N1.SM_BLDG_CHB_L05_A_Wall_02_N1
CitySampleBuildings,wall_facade,SHORTLISTED,34,keyword:wall;keyword:building;static_mesh;preferred_city_pack;mesh_naming;penalty:sample;normal_path_depth,SM_BLDG_CHB_L05_A_Wall_03_N1,StaticMesh,/Game/CitySampleBuildings/Building/CH/B/Kit_Bldg_CHB_L5_A/Mesh/SM_BLDG_CHB_L05_A_Wall_03_N1,/Game/CitySampleBuildings/Building/CH/B/Kit_Bldg_CHB_L5_A/Mesh,/Game/CitySampleBuildings/Building/CH/B/Kit_Bldg_CHB_L5_A/Mesh/SM_BLDG_CHB_L05_A_Wall_03_N1.SM_BLDG_CHB_L05_A_Wall_03_N1
CitySampleBuildings,wall_facade,SHORTLISTED,34,keyword:wall;keyword:building;static_mesh;preferred_city_pack;mesh_naming;penalty:sample;normal_path_depth,SM_BLDG_CHB_L05_A_Wall_04_N1,StaticMesh,/Game/CitySampleBuildings/Building/CH/B/Kit_Bldg_CHB_L5_A/Mesh/SM_BLDG_CHB_L05_A_Wall_04_N1,/Game/CitySampleBuildings/Building/CH/B/Kit_Bldg_CHB_L5_A/Mesh,/Game/CitySampleBuildings/Building/CH/B/Kit_Bldg_CHB_L5_A/Mesh/SM_BLDG_CHB_L05_A_Wall_04_N1.SM_BLDG_CHB_L05_A_Wall_04_N1
CitySampleBuildings,wall_facade,SHORTLISTED,34,keyword:wall;keyword:building;static_mesh;preferred_city_pack;mesh_naming;penalty:sample;normal_path_depth,SM_BLDG_CHB_L05_A_Wall_05_N1,StaticMesh,/Game/CitySampleBuildings/Building/CH/B/Kit_Bldg_CHB_L5_A/Mesh/SM_BLDG_CHB_L05_A_Wall_05_N1,/Game/CitySampleBuildings/Building/CH/B/Kit_Bldg_CHB_L5_A/Mesh,/Game/CitySampleBuildings/Building/CH/B/Kit_Bldg_CHB_L5_A/Mesh/SM_BLDG_CHB_L05_A_Wall_05_N1.SM_BLDG_CHB_L05_A_Wall_05_N1
CitySampleBuildings,wall_facade,SHORTLISTED,34,keyword:wall;keyword:building;static_mesh;preferred_city_pack;mesh_naming;penalty:sample;normal_path_depth,SM_BLDG_CHB_L05_B_Wall_01_N1,StaticMesh,/Game/CitySampleBuildings/Building/CH/B/Kit_Bldg_CHB_L5_B/Mesh/SM_BLDG_CHB_L05_B_Wall_01_N1,/Game/CitySampleBuildings/Building/CH/B/Kit_Bldg_CHB_L5_B/Mesh,/Game/CitySampleBuildings/Building/CH/B/Kit_Bldg_CHB_L5_B/Mesh/SM_BLDG_CHB_L05_B_Wall_01_N1.SM_BLDG_CHB_L05_B_Wall_01_N1
CitySampleBuildings,wall_facade,SHORTLISTED,34,keyword:wall;keyword:building;static_mesh;preferred_city_pack;mesh_naming;penalty:sample;normal_path_depth,SM_BLDG_CHB_L05_B_Wall_02_N1,StaticMesh,/Game/CitySampleBuildings/Building/CH/B/Kit_Bldg_CHB_L5_B/Mesh/SM_BLDG_CHB_L05_B_Wall_02_N1,/Game/CitySampleBuildings/Building/CH/B/Kit_Bldg_CHB_L5_B/Mesh,/Game/CitySampleBuildings/Building/CH/B/Kit_Bldg_CHB_L5_B/Mesh/SM_BLDG_CHB_L05_B_Wall_02_N1.SM_BLDG_CHB_L05_B_Wall_02_N1
CitySampleBuildings,wall_facade,SHORTLISTED,34,keyword:wall;keyword:building;static_mesh;preferred_city_pack;mesh_naming;penalty:sample;normal_path_depth,SM_BLDG_CHB_L06_A_Wall_01_N1,StaticMesh,/Game/CitySampleBuildings/Building/CH/B/Kit_Bldg_CHB_L6_A/Mesh/SM_BLDG_CHB_L06_A_Wall_01_N1,/Game/CitySampleBuildings/Building/CH/B/Kit_Bldg_CHB_L6_A/Mesh,/Game/CitySampleBuildings/Building/CH/B/Kit_Bldg_CHB_L6_A/Mesh/SM_BLDG_CHB_L06_A_Wall_01_N1.SM_BLDG_CHB_L06_A_Wall_01_N1
CitySampleBuildings,wall_facade,SHORTLISTED,34,keyword:wall;keyword:building;static_mesh;preferred_city_pack;mesh_naming;penalty:sample;normal_path_depth,SM_BLDG_CHB_L06_A_Wall_02_N1,StaticMesh,/Game/CitySampleBuildings/Building/CH/B/Kit_Bldg_CHB_L6_A/Mesh/SM_BLDG_CHB_L06_A_Wall_02_N1,/Game/CitySampleBuildings/Building/CH/B/Kit_Bldg_CHB_L6_A/Mesh,/Game/CitySampleBuildings/Building/CH/B/Kit_Bldg_CHB_L6_A/Mesh/SM_BLDG_CHB_L06_A_Wall_02_N1.SM_BLDG_CHB_L06_A_Wall_02_N1
CitySampleBuildings,wall_facade,SHORTLISTED,34,keyword:wall;keyword:building;static_mesh;preferred_city_pack;mesh_naming;penalty:sample;normal_path_depth,SM_BLDG_CHB_L06_A_Wall_03_N1,StaticMesh,/Game/CitySampleBuildings/Building/CH/B/Kit_Bldg_CHB_L6_A/Mesh/SM_BLDG_CHB_L06_A_Wall_03_N1,/Game/CitySampleBuildings/Building/CH/B/Kit_Bldg_CHB_L6_A/Mesh,/Game/CitySampleBuildings/Building/CH/B/Kit_Bldg_CHB_L6_A/Mesh/SM_BLDG_CHB_L06_A_Wall_03_N1.SM_BLDG_CHB_L06_A_Wall_03_N1
CitySampleBuildings,wall_facade,SHORTLISTED,34,keyword:wall;keyword:building;static_mesh;preferred_city_pack;mesh_naming;penalty:sample;normal_path_depth,SM_BLDG_CHB_L06_A_Wall_04_N1,StaticMesh,/Game/CitySampleBuildings/Building/CH/B/Kit_Bldg_CHB_L6_A/Mesh/SM_BLDG_CHB_L06_A_Wall_04_N1,/Game/CitySampleBuildings/Building/CH/B/Kit_Bldg_CHB_L6_A/Mesh,/Game/CitySampleBuildings/Building/CH/B/Kit_Bldg_CHB_L6_A/Mesh/SM_BLDG_CHB_L06_A_Wall_04_N1.SM_BLDG_CHB_L06_A_Wall_04_N1
CitySampleBuildings,wall_facade,SHORTLISTED,34,keyword:wall;keyword:building;static_mesh;preferred_city_pack;mesh_naming;penalty:sample;normal_path_depth,SM_BLDG_CHB_L06_A_Wall_05_N1,StaticMesh,/Game/CitySampleBuildings/Building/CH/B/Kit_Bldg_CHB_L6_A/Mesh/SM_BLDG_CHB_L06_A_Wall_05_N1,/Game/CitySampleBuildings/Building/CH/B/Kit_Bldg_CHB_L6_A/Mesh,/Game/CitySampleBuildings/Building/CH/B/Kit_Bldg_CHB_L6_A/Mesh/SM_BLDG_CHB_L06_A_Wall_05_N1.SM_BLDG_CHB_L06_A_Wall_05_N1
CitySampleBuildings,wall_facade,SHORTLISTED,34,keyword:wall;keyword:building;static_mesh;preferred_city_pack;mesh_naming;penalty:sample;normal_path_depth,SM_BLDG_CHB_L06_A_Wall_06_N1,StaticMesh,/Game/CitySampleBuildings/Building/CH/B/Kit_Bldg_CHB_L6_A/Mesh/SM_BLDG_CHB_L06_A_Wall_06_N1,/Game/CitySampleBuildings/Building/CH/B/Kit_Bldg_CHB_L6_A/Mesh,/Game/CitySampleBuildings/Building/CH/B/Kit_Bldg_CHB_L6_A/Mesh/SM_BLDG_CHB_L06_A_Wall_06_N1.SM_BLDG_CHB_L06_A_Wall_06_N1
CitySampleBuildings,wall_facade,SHORTLISTED,34,keyword:wall;keyword:building;static_mesh;preferred_city_pack;mesh_naming;penalty:sample;normal_path_depth,SM_BLDG_CHB_L06_B_Wall_01_N1,StaticMesh,/Game/CitySampleBuildings/Building/CH/B/Kit_Bldg_CHB_L6_B/Mesh/SM_BLDG_CHB_L06_B_Wall_01_N1,/Game/CitySampleBuildings/Building/CH/B/Kit_Bldg_CHB_L6_B/Mesh,/Game/CitySampleBuildings/Building/CH/B/Kit_Bldg_CHB_L6_B/Mesh/SM_BLDG_CHB_L06_B_Wall_01_N1.SM_BLDG_CHB_L06_B_Wall_01_N1
CitySampleBuildings,wall_facade,SHORTLISTED,34,keyword:wall;keyword:building;static_mesh;preferred_city_pack;mesh_naming;penalty:sample;normal_path_depth,SM_BLDG_CHB_L07_A_Wall_01_N1,StaticMesh,/Game/CitySampleBuildings/Building/CH/B/Kit_Bldg_CHB_L7_A/Mesh/SM_BLDG_CHB_L07_A_Wall_01_N1,/Game/CitySampleBuildings/Building/CH/B/Kit_Bldg_CHB_L7_A/Mesh,/Game/CitySampleBuildings/Building/CH/B/Kit_Bldg_CHB_L7_A/Mesh/SM_BLDG_CHB_L07_A_Wall_01_N1.SM_BLDG_CHB_L07_A_Wall_01_N1
CitySampleBuildings,wall_facade,SHORTLISTED,34,keyword:wall;keyword:building;static_mesh;preferred_city_pack;mesh_naming;penalty:sample;normal_path_depth,SM_BLDG_CHB_L07_A_Wall_02_N1,StaticMesh,/Game/CitySampleBuildings/Building/CH/B/Kit_Bldg_CHB_L7_A/Mesh/SM_BLDG_CHB_L07_A_Wall_02_N1,/Game/CitySampleBuildings/Building/CH/B/Kit_Bldg_CHB_L7_A/Mesh,/Game/CitySampleBuildings/Building/CH/B/Kit_Bldg_CHB_L7_A/Mesh/SM_BLDG_CHB_L07_A_Wall_02_N1.SM_BLDG_CHB_L07_A_Wall_02_N1
CitySampleBuildings,wall_facade,SHORTLISTED,34,keyword:wall;keyword:building;static_mesh;preferred_city_pack;mesh_naming;penalty:sample;normal_path_depth,SM_BLDG_CHB_L08_A_Wall_01_N1,StaticMesh,/Game/CitySampleBuildings/Building/CH/B/Kit_Bldg_CHB_L8_A/Mesh/SM_BLDG_CHB_L08_A_Wall_01_N1,/Game/CitySampleBuildings/Building/CH/B/Kit_Bldg_CHB_L8_A/Mesh,/Game/CitySampleBuildings/Building/CH/B/Kit_Bldg_CHB_L8_A/Mesh/SM_BLDG_CHB_L08_A_Wall_01_N1.SM_BLDG_CHB_L08_A_Wall_01_N1
CitySampleBuildings,wall_facade,SHORTLISTED,34,keyword:wall;keyword:building;static_mesh;preferred_city_pack;mesh_naming;penalty:sample;normal_path_depth,SM_BLDG_CHB_L08_A_Wall_02_N1,StaticMesh,/Game/CitySampleBuildings/Building/CH/B/Kit_Bldg_CHB_L8_A/Mesh/SM_BLDG_CHB_L08_A_Wall_02_N1,/Game/CitySampleBuildings/Building/CH/B/Kit_Bldg_CHB_L8_A/Mesh,/Game/CitySampleBuildings/Building/CH/B/Kit_Bldg_CHB_L8_A/Mesh/SM_BLDG_CHB_L08_A_Wall_02_N1.SM_BLDG_CHB_L08_A_Wall_02_N1
CitySampleBuildings,wall_facade,SHORTLISTED,34,keyword:wall;keyword:building;static_mesh;preferred_city_pack;mesh_naming;penalty:sample;normal_path_depth,SM_BLDG_CHB_L09_A_Wall_01_N1,StaticMesh,/Game/CitySampleBuildings/Building/CH/B/Kit_Bldg_CHB_L9_A/Mesh/SM_BLDG_CHB_L09_A_Wall_01_N1,/Game/CitySampleBuildings/Building/CH/B/Kit_Bldg_CHB_L9_A/Mesh,/Game/CitySampleBuildings/Building/CH/B/Kit_Bldg_CHB_L9_A/Mesh/SM_BLDG_CHB_L09_A_Wall_01_N1.SM_BLDG_CHB_L09_A_Wall_01_N1
CitySampleBuildings,wall_facade,SHORTLISTED,34,keyword:wall;keyword:building;static_mesh;preferred_city_pack;mesh_naming;penalty:sample;normal_path_depth,SM_BLDG_CHB_L09_A_Wall_02_N1,StaticMesh,/Game/CitySampleBuildings/Building/CH/B/Kit_Bldg_CHB_L9_A/Mesh/SM_BLDG_CHB_L09_A_Wall_02_N1,/Game/CitySampleBuildings/Building/CH/B/Kit_Bldg_CHB_L9_A/Mesh,/Game/CitySampleBuildings/Building/CH/B/Kit_Bldg_CHB_L9_A/Mesh/SM_BLDG_CHB_L09_A_Wall_02_N1.SM_BLDG_CHB_L09_A_Wall_02_N1
CitySampleBuildings,wall_facade,SHORTLISTED,34,keyword:wall;keyword:building;static_mesh;preferred_city_pack;mesh_naming;penalty:sample;normal_path_depth,SM_BLDG_CHC_L10_A_Wall_01_N1,StaticMesh,/Game/CitySampleBuildings/Building/CH/C/Kit_Bldg_CHC_L10_A/Mesh/SM_BLDG_CHC_L10_A_Wall_01_N1,/Game/CitySampleBuildings/Building/CH/C/Kit_Bldg_CHC_L10_A/Mesh,/Game/CitySampleBuildings/Building/CH/C/Kit_Bldg_CHC_L10_A/Mesh/SM_BLDG_CHC_L10_A_Wall_01_N1.SM_BLDG_CHC_L10_A_Wall_01_N1
