mount_point,asset_name,asset_class,package_name,package_path,object_path,is_redirector,dependencies,tags_json
/Fab,BP_GlobalFoliageActor_UE5,Blueprint,/Fab/Actors/GlobalFoliageActor/BP_GlobalFoliageActor_UE5,/Fab/Actors/GlobalFoliageActor,/Fab/Actors/GlobalFoliageActor/BP_GlobalFoliageActor_UE5.BP_GlobalFoliageActor_UE5,False,/Engine/BasicShapes/BasicShapeMaterial|/Engine/BasicShapes/Sphere|/Fab/Actors/GlobalFoliageActor/Geometry/Icon_Arrow_Test|/Fab/Actors/GlobalFoliageActor/Geometry/Icon_Base|/Fab/Actors/GlobalFoliageActor/Geometry/Icon_Sock|/Fab/MaterialParameterCollection/QMPC_GlobalFoliageActor,"{""__audit_error__"": ""'AssetData' object has no attribute 'tags_and_values'""}"
/Fab,Icon_Arrow,StaticMesh,/Fab/Actors/GlobalFoliageActor/Geometry/Icon_Arrow,/Fab/Actors/GlobalFoliageActor/Geometry,/Fab/Actors/GlobalFoliageActor/Geometry/Icon_Arrow.Icon_Arrow,False,/Fab/Actors/GlobalFoliageActor/Materials/MA_UI_Element_Inst|/Script/NavigationSystem,"{""__audit_error__"": ""'AssetData' object has no attribute 'tags_and_values'""}"
/Fab,Icon_Arrow_Test,StaticMesh,/Fab/Actors/GlobalFoliageActor/Geometry/Icon_Arrow_Test,/Fab/Actors/GlobalFoliageActor/Geometry,/Fab/Actors/GlobalFoliageActor/Geometry/Icon_Arrow_Test.Icon_Arrow_Test,False,/Fab/Actors/GlobalFoliageActor/Materials/MA_UI_Element_Inst|/Script/NavigationSystem,"{""__audit_error__"": ""'AssetData' object has no attribute 'tags_and_values'""}"
/Fab,Icon_Base,StaticMesh,/Fab/Actors/GlobalFoliageActor/Geometry/Icon_Base,/Fab/Actors/GlobalFoliageActor/Geometry,/Fab/Actors/GlobalFoliageActor/Geometry/Icon_Base.Icon_Base,False,/Fab/Actors/GlobalFoliageActor/Materials/MA_UI_Element_Inst|/Script/NavigationSystem,"{""__audit_error__"": ""'AssetData' object has no attribute 'tags_and_values'""}"
/Fab,Icon_Sock,StaticMesh,/Fab/Actors/GlobalFoliageActor/Geometry/Icon_Sock,/Fab/Actors/GlobalFoliageActor/Geometry,/Fab/Actors/GlobalFoliageActor/Geometry/Icon_Sock.Icon_Sock,False,/Fab/Actors/GlobalFoliageActor/Materials/MA_UI_Element_Inst|/Script/NavigationSystem,"{""__audit_error__"": ""'AssetData' object has no attribute 'tags_and_values'""}"
/Fab,MA_UI_Element,Material,/Fab/Actors/GlobalFoliageActor/Materials/MA_UI_Element,/Fab/Actors/GlobalFoliageActor/Materials,/Fab/Actors/GlobalFoliageActor/Materials/MA_UI_Element.MA_UI_Element,False,/Engine/Functions/Engine_MaterialFunctions01/WorldPositionOffset/SimpleGrassWind|/Fab/MaterialParameterCollection/QMPC_GlobalFoliageActor,"{""__audit_error__"": ""'AssetData' object has no attribute 'tags_and_values'""}"
/Fab,MA_UI_Element_Inst,MaterialInstanceConstant,/Fab/Actors/GlobalFoliageActor/Materials/MA_UI_Element_Inst,/Fab/Actors/GlobalFoliageActor/Materials,/Fab/Actors/GlobalFoliageActor/Materials/MA_UI_Element_Inst.MA_UI_Element_Inst,False,/Fab/Actors/GlobalFoliageActor/Materials/MA_UI_Element,"{""__audit_error__"": ""'AssetData' object has no attribute 'tags_and_values'""}"
/Fab,FabEos,EosConstants,/Fab/Data/FabEos,/Fab/Data,/Fab/Data/FabEos.FabEos,False,/Script/Fab,"{""__audit_error__"": ""'AssetData' object has no attribute 'tags_and_values'""}"
/Fab,QMF_AdjustTwoSidedBaseColor,MaterialFunction,/Fab/MaterialFunctions/QMF_AdjustTwoSidedBaseColor,/Fab/MaterialFunctions,/Fab/MaterialFunctions/QMF_AdjustTwoSidedBaseColor.QMF_AdjustTwoSidedBaseColor,False,/Engine/Functions/Engine_MaterialFunctions03/Blends/Blend_Overlay|/Fab/MaterialFunctions/QMF_GenerateBranchMask_Plants,"{""__audit_error__"": ""'AssetData' object has no attribute 'tags_and_values'""}"
/Fab,QMF_AdjustTwoSidedNormal,MaterialFunction,/Fab/MaterialFunctions/QMF_AdjustTwoSidedNormal,/Fab/MaterialFunctions,/Fab/MaterialFunctions/QMF_AdjustTwoSidedNormal.QMF_AdjustTwoSidedNormal,False,/Engine/Functions/Engine_MaterialFunctions01/Texturing/FlattenNormal,"{""__audit_error__"": ""'AssetData' object has no attribute 'tags_and_values'""}"
/Fab,QMF_AOAdjustments,MaterialFunction,/Fab/MaterialFunctions/QMF_AOAdjustments,/Fab/MaterialFunctions,/Fab/MaterialFunctions/QMF_AOAdjustments.QMF_AOAdjustments,False,,"{""__audit_error__"": ""'AssetData' object has no attribute 'tags_and_values'""}"
/Fab,QMF_BaseColorAdjustments,MaterialFunction,/Fab/MaterialFunctions/QMF_BaseColorAdjustments,/Fab/MaterialFunctions,/Fab/MaterialFunctions/QMF_BaseColorAdjustments.QMF_BaseColorAdjustments,False,,"{""__audit_error__"": ""'AssetData' object has no attribute 'tags_and_values'""}"
/Fab,QMF_DistanceBasedGradient,MaterialFunction,/Fab/MaterialFunctions/QMF_DistanceBasedGradient,/Fab/MaterialFunctions,/Fab/MaterialFunctions/QMF_DistanceBasedGradient.QMF_DistanceBasedGradient,False,,"{""__audit_error__"": ""'AssetData' object has no attribute 'tags_and_values'""}"
/Fab,QMF_DistanceBasedOpacity,MaterialFunction,/Fab/MaterialFunctions/QMF_DistanceBasedOpacity,/Fab/MaterialFunctions,/Fab/MaterialFunctions/QMF_DistanceBasedOpacity.QMF_DistanceBasedOpacity,False,/Fab/MaterialFunctions/QMF_DistanceBasedGradient,"{""__audit_error__"": ""'AssetData' object has no attribute 'tags_and_values'""}"
/Fab,QMF_FabricFuzz,MaterialFunction,/Fab/MaterialFunctions/QMF_FabricFuzz,/Fab/MaterialFunctions,/Fab/MaterialFunctions/QMF_FabricFuzz.QMF_FabricFuzz,False,,"{""__audit_error__"": ""'AssetData' object has no attribute 'tags_and_values'""}"
/Fab,QMF_FabricMasked,MaterialFunction,/Fab/MaterialFunctions/QMF_FabricMasked,/Fab/MaterialFunctions,/Fab/MaterialFunctions/QMF_FabricMasked.QMF_FabricMasked,False,/Engine/Functions/Engine_MaterialFunctions02/Utility/DitherTemporalAA,"{""__audit_error__"": ""'AssetData' object has no attribute 'tags_and_values'""}"
/Fab,QMF_FabricSpecular,MaterialFunction,/Fab/MaterialFunctions/QMF_FabricSpecular,/Fab/MaterialFunctions,/Fab/MaterialFunctions/QMF_FabricSpecular.QMF_FabricSpecular,False,,"{""__audit_error__"": ""'AssetData' object has no attribute 'tags_and_values'""}"
/Fab,QMF_FabricSSAdjustments,MaterialFunction,/Fab/MaterialFunctions/QMF_FabricSSAdjustments,/Fab/MaterialFunctions,/Fab/MaterialFunctions/QMF_FabricSSAdjustments.QMF_FabricSSAdjustments,False,,"{""__audit_error__"": ""'AssetData' object has no attribute 'tags_and_values'""}"
/Fab,QMF_FrameBlend,MaterialFunction,/Fab/MaterialFunctions/QMF_FrameBlend,/Fab/MaterialFunctions,/Fab/MaterialFunctions/QMF_FrameBlend.QMF_FrameBlend,False,,"{""__audit_error__"": ""'AssetData' object has no attribute 'tags_and_values'""}"
/Fab,QMF_Fuzz,MaterialFunction,/Fab/MaterialFunctions/QMF_Fuzz,/Fab/MaterialFunctions,/Fab/MaterialFunctions/QMF_Fuzz.QMF_Fuzz,False,/Engine/Functions/Engine_MaterialFunctions01/Shading/FuzzyShading,"{""__audit_error__"": ""'AssetData' object has no attribute 'tags_and_values'""}"
/Fab,QMF_GenerateBranchMask_Plants,MaterialFunction,/Fab/MaterialFunctions/QMF_GenerateBranchMask_Plants,/Fab/MaterialFunctions,/Fab/MaterialFunctions/QMF_GenerateBranchMask_Plants.QMF_GenerateBranchMask_Plants,False,,"{""__audit_error__"": ""'AssetData' object has no attribute 'tags_and_values'""}"
/Fab,QMF_GenerateTranslucency,MaterialFunction,/Fab/MaterialFunctions/QMF_GenerateTranslucency,/Fab/MaterialFunctions,/Fab/MaterialFunctions/QMF_GenerateTranslucency.QMF_GenerateTranslucency,False,/Engine/Functions/Engine_MaterialFunctions03/Blends/Blend_Overlay|/Fab/MaterialFunctions/QMF_GenerateBranchMask_Plants,"{""__audit_error__"": ""'AssetData' object has no attribute 'tags_and_values'""}"
/Fab,QMF_GenerateTwoSidedSpecular,MaterialFunction,/Fab/MaterialFunctions/QMF_GenerateTwoSidedSpecular,/Fab/MaterialFunctions,/Fab/MaterialFunctions/QMF_GenerateTwoSidedSpecular.QMF_GenerateTwoSidedSpecular,False,/Fab/MaterialFunctions/QMF_GenerateBranchMask_Plants,"{""__audit_error__"": ""'AssetData' object has no attribute 'tags_and_values'""}"
/Fab,QMF_GrowthEffect,MaterialFunction,/Fab/MaterialFunctions/QMF_GrowthEffect,/Fab/MaterialFunctions,/Fab/MaterialFunctions/QMF_GrowthEffect.QMF_GrowthEffect,False,/Engine/Functions/Engine_MaterialFunctions03/Blends/Blend_Overlay|/Fab/MaterialFunctions/QMF_GenerateBranchMask_Plants|/Fab/MaterialFunctions/QMF_PerInstanceActorRandom,"{""__audit_error__"": ""'AssetData' object has no attribute 'tags_and_values'""}"
/Fab,QMF_HealthSeason,MaterialFunction,/Fab/MaterialFunctions/QMF_HealthSeason,/Fab/MaterialFunctions,/Fab/MaterialFunctions/QMF_HealthSeason.QMF_HealthSeason,False,/Engine/Functions/Engine_MaterialFunctions01/ImageAdjustment/3ColorBlend|/Engine/Functions/Engine_MaterialFunctions03/Blends/Blend_ColorBurn|/Engine/Functions/Engine_MaterialFunctions03/Blends/Blend_LinearDodge|/Fab/MaterialFunctions/QMF_GenerateBranchMask_Plants|/Fab/MaterialFunctions/QMF_PerInstanceActorRandom|/Fab/MaterialParameterCollection/QMPC_GlobalFoliageActor,"{""__audit_error__"": ""'AssetData' object has no attribute 'tags_and_values'""}"
/Fab,QMF_NormalAdjustments,MaterialFunction,/Fab/MaterialFunctions/QMF_NormalAdjustments,/Fab/MaterialFunctions,/Fab/MaterialFunctions/QMF_NormalAdjustments.QMF_NormalAdjustments,False,,"{""__audit_error__"": ""'AssetData' object has no attribute 'tags_and_values'""}"
/Fab,QMF_PerInstanceActorRandom,MaterialFunction,/Fab/MaterialFunctions/QMF_PerInstanceActorRandom,/Fab/MaterialFunctions,/Fab/MaterialFunctions/QMF_PerInstanceActorRandom.QMF_PerInstanceActorRandom,False,,"{""__audit_error__"": ""'AssetData' object has no attribute 'tags_and_values'""}"
/Fab,QMF_Refraction,MaterialFunction,/Fab/MaterialFunctions/QMF_Refraction,/Fab/MaterialFunctions,/Fab/MaterialFunctions/QMF_Refraction.QMF_Refraction,False,,"{""__audit_error__"": ""'AssetData' object has no attribute 'tags_and_values'""}"
/Fab,QMF_RoughnessAdjustments,MaterialFunction,/Fab/MaterialFunctions/QMF_RoughnessAdjustments,/Fab/MaterialFunctions,/Fab/MaterialFunctions/QMF_RoughnessAdjustments.QMF_RoughnessAdjustments,False,,"{""__audit_error__"": ""'AssetData' object has no attribute 'tags_and_values'""}"
/Fab,QMF_Tiling,MaterialFunction,/Fab/MaterialFunctions/QMF_Tiling,/Fab/MaterialFunctions,/Fab/MaterialFunctions/QMF_Tiling.QMF_Tiling,False,,"{""__audit_error__"": ""'AssetData' object has no attribute 'tags_and_values'""}"
/Fab,QMF_Transmission,MaterialFunction,/Fab/MaterialFunctions/QMF_Transmission,/Fab/MaterialFunctions,/Fab/MaterialFunctions/QMF_Transmission.QMF_Transmission,False,/Engine/Functions/Engine_MaterialFunctions02/Utility/BreakOutFloat3Components,"{""__audit_error__"": ""'AssetData' object has no attribute 'tags_and_values'""}"
/Fab,QMF_TwoSidedRoughness,MaterialFunction,/Fab/MaterialFunctions/QMF_TwoSidedRoughness,/Fab/MaterialFunctions,/Fab/MaterialFunctions/QMF_TwoSidedRoughness.QMF_TwoSidedRoughness,False,/Fab/MaterialFunctions/QMF_GenerateBranchMask_Plants,"{""__audit_error__"": ""'AssetData' object has no attribute 'tags_and_values'""}"
/Fab,QMF_WindAnimation,MaterialFunction,/Fab/MaterialFunctions/QMF_WindAnimation,/Fab/MaterialFunctions,/Fab/MaterialFunctions/QMF_WindAnimation.QMF_WindAnimation,False,/Engine/Functions/Engine_MaterialFunctions01/WorldPositionOffset/SimpleGrassWind|/Engine/Functions/Engine_MaterialFunctions02/WorldPositionOffset/ObjectPivotPoint|/Fab/MaterialFunctions/QMF_DistanceBasedGradient|/Fab/MaterialFunctions/QMF_PerInstanceActorRandom|/Fab/MaterialFunctions/QMF_WindGust|/Fab/MaterialParameterCollection/QMPC_GlobalFoliageActor,"{""__audit_error__"": ""'AssetData' object has no attribute 'tags_and_values'""}"
/Fab,QMF_WindGust,MaterialFunction,/Fab/MaterialFunctions/QMF_WindGust,/Fab/MaterialFunctions,/Fab/MaterialFunctions/QMF_WindGust.QMF_WindGust,False,/Engine/Functions/Engine_MaterialFunctions01/ImageAdjustment/3ColorBlend|/Engine/Functions/Engine_MaterialFunctions02/Texturing/CustomRotator|/Fab/MaterialParameterCollection/QMPC_GlobalFoliageActor|/Fab/Textures/Standard/T_Default_WindNoise,"{""__audit_error__"": ""'AssetData' object has no attribute 'tags_and_values'""}"
/Fab,QMF_WindowImperfection,MaterialFunction,/Fab/MaterialFunctions/QMF_WindowImperfection,/Fab/MaterialFunctions,/Fab/MaterialFunctions/QMF_WindowImperfection.QMF_WindowImperfection,False,/Fab/MaterialFunctions/QMF_Tiling,"{""__audit_error__"": ""'AssetData' object has no attribute 'tags_and_values'""}"
/Fab,QMF_WorldspaceColorVariation,MaterialFunction,/Fab/MaterialFunctions/QMF_WorldspaceColorVariation,/Fab/MaterialFunctions,/Fab/MaterialFunctions/QMF_WorldspaceColorVariation.QMF_WorldspaceColorVariation,False,/Engine/Functions/Engine_MaterialFunctions02/Lerp_3Color|/Fab/MaterialFunctions/QMF_GenerateBranchMask_Plants|/Fab/MaterialFunctions/QMF_PerInstanceActorRandom|/Fab/MaterialParameterCollection/QMPC_GlobalFoliageActor,"{""__audit_error__"": ""'AssetData' object has no attribute 'tags_and_values'""}"
/Fab,QMPC_GlobalFoliageActor,MaterialParameterCollection,/Fab/MaterialParameterCollection/QMPC_GlobalFoliageActor,/Fab/MaterialParameterCollection,/Fab/MaterialParameterCollection/QMPC_GlobalFoliageActor.QMPC_GlobalFoliageActor,False,,"{""__audit_error__"": ""'AssetData' object has no attribute 'tags_and_values'""}"
/Fab,M_MS_Base,Material,/Fab/Materials/Standard/M_MS_Base,/Fab/Materials/Standard,/Fab/Materials/Standard/M_MS_Base.M_MS_Base,False,/Fab/MaterialFunctions/QMF_AOAdjustments|/Fab/MaterialFunctions/QMF_BaseColorAdjustments|/Fab/MaterialFunctions/QMF_NormalAdjustments|/Fab/MaterialFunctions/QMF_RoughnessAdjustments|/Fab/Textures/Standard/T_DefaultColor|/Fab/Textures/Standard/T_DefaultDisplacement|/Fab/Textures/Standard/T_DefaultMasks|/Fab/Textures/Standard/T_DefaultNormal,"{""__audit_error__"": ""'AssetData' object has no attribute 'tags_and_values'""}"
/Fab,M_MS_Base_Fuzz,Material,/Fab/Materials/Standard/M_MS_Base_Fuzz,/Fab/Materials/Standard,/Fab/Materials/Standard/M_MS_Base_Fuzz.M_MS_Base_Fuzz,False,/Engine/Functions/Engine_MaterialFunctions01/Shading/FuzzyShading|/Fab/MaterialFunctions/QMF_AOAdjustments|/Fab/MaterialFunctions/QMF_BaseColorAdjustments|/Fab/MaterialFunctions/QMF_Fuzz|/Fab/MaterialFunctions/QMF_NormalAdjustments|/Fab/MaterialFunctions/QMF_RoughnessAdjustments|/Fab/Textures/Standard/T_DefaultColor|/Fab/Textures/Standard/T_DefaultDisplacement|/Fab/Textures/Standard/T_DefaultMasks|/Fab/Textures/Standard/T_DefaultNormal|/Fab/Textures/Standard/T_DefaultOther,"{""__audit_error__"": ""'AssetData' object has no attribute 'tags_and_values'""}"
/Fab,M_MS_Base_Masked,Material,/Fab/Materials/Standard/M_MS_Base_Masked,/Fab/Materials/Standard,/Fab/Materials/Standard/M_MS_Base_Masked.M_MS_Base_Masked,False,/Fab/MaterialFunctions/QMF_AOAdjustments|/Fab/MaterialFunctions/QMF_BaseColorAdjustments|/Fab/MaterialFunctions/QMF_NormalAdjustments|/Fab/MaterialFunctions/QMF_RoughnessAdjustments|/Fab/Textures/Standard/T_DefaultColor|/Fab/Textures/Standard/T_DefaultDisplacement|/Fab/Textures/Standard/T_DefaultMasks|/Fab/Textures/Standard/T_DefaultNormal,"{""__audit_error__"": ""'AssetData' object has no attribute 'tags_and_values'""}"
/Fab,M_MS_Base_Trm,Material,/Fab/Materials/Standard/M_MS_Base_Trm,/Fab/Materials/Standard,/Fab/Materials/Standard/M_MS_Base_Trm.M_MS_Base_Trm,False,/Engine/Functions/Engine_MaterialFunctions02/Utility/BreakOutFloat3Components|/Fab/MaterialFunctions/QMF_AOAdjustments|/Fab/MaterialFunctions/QMF_BaseColorAdjustments|/Fab/MaterialFunctions/QMF_NormalAdjustments|/Fab/MaterialFunctions/QMF_RoughnessAdjustments|/Fab/MaterialFunctions/QMF_Transmission|/Fab/Textures/Standard/T_DefaultColor|/Fab/Textures/Standard/T_DefaultDisplacement|/Fab/Textures/Standard/T_DefaultMasks|/Fab/Textures/Standard/T_DefaultNormal,"{""__audit_error__"": ""'AssetData' object has no attribute 'tags_and_values'""}"
/Fab,M_MS_Billboard,Material,/Fab/Materials/Standard/M_MS_Billboard,/Fab/Materials/Standard,/Fab/Materials/Standard/M_MS_Billboard.M_MS_Billboard,False,/Engine/ArtTools/RenderToTexture/MaterialFunctions/FoliageZRotation|/Engine/EngineMaterials/BlendFunc_DefBase|/Engine/EngineMaterials/BlendFunc_DefBlend|/Engine/Functions/Engine_MaterialFunctions01/Gradient/LinearGradient|/Engine/Functions/Engine_MaterialFunctions01/ImageAdjustment/3ColorBlend|/Engine/Functions/Engine_MaterialFunctions01/Texturing/FlattenNormal|/Engine/Functions/Engine_MaterialFunctions01/WorldPositionOffset/SimpleGrassWind|/Engine/Functions/Engine_MaterialFunctions02/Lerp_3Color|/Engine/Functions/Engine_MaterialFunctions02/Math/Transform3x3Matrix|/Engine/Functions/Engine_MaterialFunctions02/Texturing/CustomRotator|/Engine/Functions/Engine_MaterialFunctions02/Utility/BreakOutFloat3Components|/Engine/Functions/Engine_MaterialFunctions02/Utility/VectorToRadialValue|/Engine/Functions/Engine_MaterialFunctions02/WorldPositionOffset/ObjectPivotPoint|/Engine/Functions/Engine_MaterialFunctions03/Blends/Blend_ColorBurn|/Engine/Functions/Engine_MaterialFunctions03/Blends/Blend_LinearDodge|/Engine/Functions/Engine_MaterialFunctions03/Blends/Blend_Overlay|/Fab/MaterialFunctions/QMF_AdjustTwoSidedBaseColor|/Fab/MaterialFunctions/QMF_AdjustTwoSidedNormal|/Fab/MaterialFunctions/QMF_DistanceBasedGradient|/Fab/MaterialFunctions/QMF_GenerateBranchMask_Plants|/Fab/MaterialFunctions/QMF_GenerateTranslucency|/Fab/MaterialFunctions/QMF_GenerateTwoSidedSpecular|/Fab/MaterialFunctions/QMF_GrowthEffect|/Fab/MaterialFunctions/QMF_HealthSeason|/Fab/MaterialFunctions/QMF_PerInstanceActorRandom|/Fab/MaterialFunctions/QMF_TwoSidedRoughness|/Fab/MaterialFunctions/QMF_WindAnimation|/Fab/MaterialFunctions/QMF_WindGust|/Fab/MaterialFunctions/QMF_WorldspaceColorVariation|/Fab/MaterialParameterCollection/QMPC_GlobalFoliageActor|/Fab/Textures/Standard/T_DefaultColor|/Fab/Textures/Standard/T_DefaultNormal|/Fab/Textures/Standard/T_Default_WindNoise,"{""__audit_error__"": ""'AssetData' object has no attribute 'tags_and_values'""}"
/Fab,M_MS_Decal,Material,/Fab/Materials/Standard/M_MS_Decal,/Fab/Materials/Standard,/Fab/Materials/Standard/M_MS_Decal.M_MS_Decal,False,/Engine/Functions/Engine_MaterialFunctions02/Utility/MakeFloat2|/Fab/MaterialFunctions/QMF_AOAdjustments|/Fab/MaterialFunctions/QMF_BaseColorAdjustments|/Fab/MaterialFunctions/QMF_NormalAdjustments|/Fab/MaterialFunctions/QMF_RoughnessAdjustments|/Fab/Textures/Standard/T_DefaultColor|/Fab/Textures/Standard/T_DefaultDisplacement|/Fab/Textures/Standard/T_DefaultMasks|/Fab/Textures/Standard/T_DefaultNormal,"{""__audit_error__"": ""'AssetData' object has no attribute 'tags_and_values'""}"
/Fab,M_MS_Fabric,Material,/Fab/Materials/Standard/M_MS_Fabric,/Fab/Materials/Standard,/Fab/Materials/Standard/M_MS_Fabric.M_MS_Fabric,False,/Bridge/MSPresets/MSTextures/Placeholder_Normal|/Fab/MaterialFunctions/QMF_AOAdjustments|/Fab/MaterialFunctions/QMF_BaseColorAdjustments|/Fab/MaterialFunctions/QMF_FabricFuzz|/Fab/MaterialFunctions/QMF_FabricSSAdjustments|/Fab/MaterialFunctions/QMF_FabricSpecular|/Fab/MaterialFunctions/QMF_NormalAdjustments|/Fab/MaterialFunctions/QMF_RoughnessAdjustments|/Fab/MaterialFunctions/QMF_Tiling|/Fab/Textures/Standard/T_DefaultColor|/Fab/Textures/Standard/T_DefaultDisplacement|/Fab/Textures/Standard/T_DefaultMasks,"{""__audit_error__"": ""'AssetData' object has no attribute 'tags_and_values'""}"
/Fab,M_MS_Fabric_Masked,Material,/Fab/Materials/Standard/M_MS_Fabric_Masked,/Fab/Materials/Standard,/Fab/Materials/Standard/M_MS_Fabric_Masked.M_MS_Fabric_Masked,False,/Bridge/MSPresets/MSTextures/Placeholder_Normal|/Engine/EngineMaterials/Good64x64TilingNoiseHighFreq|/Engine/Functions/Engine_MaterialFunctions02/Texturing/ScreenAlignedPixelToPixelUVs|/Engine/Functions/Engine_MaterialFunctions02/Utility/DitherTemporalAA|/Fab/MaterialFunctions/QMF_AOAdjustments|/Fab/MaterialFunctions/QMF_BaseColorAdjustments|/Fab/MaterialFunctions/QMF_FabricFuzz|/Fab/MaterialFunctions/QMF_FabricMasked|/Fab/MaterialFunctions/QMF_FabricSSAdjustments|/Fab/MaterialFunctions/QMF_FabricSpecular|/Fab/MaterialFunctions/QMF_NormalAdjustments|/Fab/MaterialFunctions/QMF_RoughnessAdjustments|/Fab/MaterialFunctions/QMF_Tiling|/Fab/Textures/Standard/T_DefaultColor|/Fab/Textures/Standard/T_DefaultDisplacement|/Fab/Textures/Standard/T_DefaultMasks,"{""__audit_error__"": ""'AssetData' object has no attribute 'tags_and_values'""}"
/Fab,M_MS_Foliage,Material,/Fab/Materials/Standard/M_MS_Foliage,/Fab/Materials/Standard,/Fab/Materials/Standard/M_MS_Foliage.M_MS_Foliage,False,/Engine/EngineMaterials/BlendFunc_DefBase|/Engine/EngineMaterials/BlendFunc_DefBlend|/Engine/Functions/Engine_MaterialFunctions01/Gradient/LinearGradient|/Engine/Functions/Engine_MaterialFunctions01/ImageAdjustment/3ColorBlend|/Engine/Functions/Engine_MaterialFunctions01/Texturing/FlattenNormal|/Engine/Functions/Engine_MaterialFunctions01/WorldPositionOffset/SimpleGrassWind|/Engine/Functions/Engine_MaterialFunctions02/Lerp_3Color|/Engine/Functions/Engine_MaterialFunctions02/Texturing/CustomRotator|/Engine/Functions/Engine_MaterialFunctions02/WorldPositionOffset/ObjectPivotPoint|/Engine/Functions/Engine_MaterialFunctions03/Blends/Blend_ColorBurn|/Engine/Functions/Engine_MaterialFunctions03/Blends/Blend_LinearDodge|/Engine/Functions/Engine_MaterialFunctions03/Blends/Blend_Overlay|/Fab/MaterialFunctions/QMF_AdjustTwoSidedBaseColor|/Fab/MaterialFunctions/QMF_AdjustTwoSidedNormal|/Fab/MaterialFunctions/QMF_DistanceBasedGradient|/Fab/MaterialFunctions/QMF_DistanceBasedOpacity|/Fab/MaterialFunctions/QMF_GenerateBranchMask_Plants|/Fab/MaterialFunctions/QMF_GenerateTranslucency|/Fab/MaterialFunctions/QMF_GenerateTwoSidedSpecular|/Fab/MaterialFunctions/QMF_GrowthEffect|/Fab/MaterialFunctions/QMF_HealthSeason|/Fab/MaterialFunctions/QMF_PerInstanceActorRandom|/Fab/MaterialFunctions/QMF_TwoSidedRoughness|/Fab/MaterialFunctions/QMF_WindAnimation|/Fab/MaterialFunctions/QMF_WindGust|/Fab/MaterialFunctions/QMF_WorldspaceColorVariation|/Fab/MaterialParameterCollection/QMPC_GlobalFoliageActor|/Fab/Textures/Standard/T_DefaultColor|/Fab/Textures/Standard/T_DefaultMasks|/Fab/Textures/Standard/T_DefaultNormal|/Fab/Textures/Standard/T_Default_WindNoise,"{""__audit_error__"": ""'AssetData' object has no attribute 'tags_and_values'""}"
/Fab,M_MS_Glass,Material,/Fab/Materials/Standard/M_MS_Glass,/Fab/Materials/Standard,/Fab/Materials/Standard/M_MS_Glass.M_MS_Glass,False,/Bridge/MSPresets/MSTextures/BlackPlaceholder|/Fab/MaterialFunctions/QMF_AOAdjustments|/Fab/MaterialFunctions/QMF_BaseColorAdjustments|/Fab/MaterialFunctions/QMF_FrameBlend|/Fab/MaterialFunctions/QMF_NormalAdjustments|/Fab/MaterialFunctions/QMF_Refraction|/Fab/MaterialFunctions/QMF_RoughnessAdjustments|/Fab/MaterialFunctions/QMF_Tiling|/Fab/MaterialFunctions/QMF_WindowImperfection|/Fab/Textures/Standard/T_DefaultColor|/Fab/Textures/Standard/T_DefaultDisplacement|/Fab/Textures/Standard/T_DefaultMasks|/Fab/Textures/Standard/T_DefaultNormal,"{""__audit_error__"": ""'AssetData' object has no attribute 'tags_and_values'""}"
/Fab,M_MS_Srf,Material,/Fab/Materials/Standard/M_MS_Srf,/Fab/Materials/Standard,/Fab/Materials/Standard/M_MS_Srf.M_MS_Srf,False,/Fab/MaterialFunctions/QMF_AOAdjustments|/Fab/MaterialFunctions/QMF_BaseColorAdjustments|/Fab/MaterialFunctions/QMF_NormalAdjustments|/Fab/MaterialFunctions/QMF_RoughnessAdjustments|/Fab/MaterialFunctions/QMF_Tiling|/Fab/Textures/Standard/T_DefaultColor|/Fab/Textures/Standard/T_DefaultDisplacement|/Fab/Textures/Standard/T_DefaultMasks|/Fab/Textures/Standard/T_DefaultNormal,"{""__audit_error__"": ""'AssetData' object has no attribute 'tags_and_values'""}"
/Fab,M_MS_Srf_Fuzz,Material,/Fab/Materials/Standard/M_MS_Srf_Fuzz,/Fab/Materials/Standard,/Fab/Materials/Standard/M_MS_Srf_Fuzz.M_MS_Srf_Fuzz,False,/Engine/Functions/Engine_MaterialFunctions01/Shading/FuzzyShading|/Fab/MaterialFunctions/QMF_AOAdjustments|/Fab/MaterialFunctions/QMF_BaseColorAdjustments|/Fab/MaterialFunctions/QMF_Fuzz|/Fab/MaterialFunctions/QMF_NormalAdjustments|/Fab/MaterialFunctions/QMF_RoughnessAdjustments|/Fab/MaterialFunctions/QMF_Tiling|/Fab/Textures/Standard/T_DefaultColor|/Fab/Textures/Standard/T_DefaultDisplacement|/Fab/Textures/Standard/T_DefaultMasks|/Fab/Textures/Standard/T_DefaultNormal|/Fab/Textures/Standard/T_DefaultOther,"{""__audit_error__"": ""'AssetData' object has no attribute 'tags_and_values'""}"
/Fab,M_MS_Srf_Masked,Material,/Fab/Materials/Standard/M_MS_Srf_Masked,/Fab/Materials/Standard,/Fab/Materials/Standard/M_MS_Srf_Masked.M_MS_Srf_Masked,False,/Fab/MaterialFunctions/QMF_AOAdjustments|/Fab/MaterialFunctions/QMF_BaseColorAdjustments|/Fab/MaterialFunctions/QMF_NormalAdjustments|/Fab/MaterialFunctions/QMF_RoughnessAdjustments|/Fab/MaterialFunctions/QMF_Tiling|/Fab/Textures/Standard/T_DefaultColor|/Fab/Textures/Standard/T_DefaultDisplacement|/Fab/Textures/Standard/T_DefaultMasks|/Fab/Textures/Standard/T_DefaultNormal,"{""__audit_error__"": ""'AssetData' object has no attribute 'tags_and_values'""}"
/Fab,M_MS_Srf_Trm,Material,/Fab/Materials/Standard/M_MS_Srf_Trm,/Fab/Materials/Standard,/Fab/Materials/Standard/M_MS_Srf_Trm.M_MS_Srf_Trm,False,/Engine/Functions/Engine_MaterialFunctions02/Utility/BreakOutFloat3Components|/Fab/MaterialFunctions/QMF_AOAdjustments|/Fab/MaterialFunctions/QMF_BaseColorAdjustments|/Fab/MaterialFunctions/QMF_NormalAdjustments|/Fab/MaterialFunctions/QMF_RoughnessAdjustments|/Fab/MaterialFunctions/QMF_Tiling|/Fab/MaterialFunctions/QMF_Transmission|/Fab/Textures/Standard/T_DefaultColor|/Fab/Textures/Standard/T_DefaultDisplacement|/Fab/Textures/Standard/T_DefaultMasks|/Fab/Textures/Standard/T_DefaultNormal,"{""__audit_error__"": ""'AssetData' object has no attribute 'tags_and_values'""}"
/Fab,M_MS_Base_Fuzz_VT,Material,/Fab/Materials/VT/M_MS_Base_Fuzz_VT,/Fab/Materials/VT,/Fab/Materials/VT/M_MS_Base_Fuzz_VT.M_MS_Base_Fuzz_VT,False,/Engine/Functions/Engine_MaterialFunctions01/Shading/FuzzyShading|/Fab/MaterialFunctions/QMF_AOAdjustments|/Fab/MaterialFunctions/QMF_BaseColorAdjustments|/Fab/MaterialFunctions/QMF_Fuzz|/Fab/MaterialFunctions/QMF_NormalAdjustments|/Fab/MaterialFunctions/QMF_RoughnessAdjustments|/Fab/Textures/VT/T_DefaultColor_VT|/Fab/Textures/VT/T_DefaultDisplacement_VT|/Fab/Textures/VT/T_DefaultMasks_VT|/Fab/Textures/VT/T_DefaultNormal_VT|/Fab/Textures/VT/T_DefaultOther_VT,"{""__audit_error__"": ""'AssetData' object has no attribute 'tags_and_values'""}"
/Fab,M_MS_Base_Masked_VT,Material,/Fab/Materials/VT/M_MS_Base_Masked_VT,/Fab/Materials/VT,/Fab/Materials/VT/M_MS_Base_Masked_VT.M_MS_Base_Masked_VT,False,/Fab/MaterialFunctions/QMF_AOAdjustments|/Fab/MaterialFunctions/QMF_BaseColorAdjustments|/Fab/MaterialFunctions/QMF_NormalAdjustments|/Fab/MaterialFunctions/QMF_RoughnessAdjustments|/Fab/Textures/VT/T_DefaultColor_VT|/Fab/Textures/VT/T_DefaultDisplacement_VT|/Fab/Textures/VT/T_DefaultMasks_VT|/Fab/Textures/VT/T_DefaultNormal_VT,"{""__audit_error__"": ""'AssetData' object has no attribute 'tags_and_values'""}"
/Fab,M_MS_Base_Trm_VT,Material,/Fab/Materials/VT/M_MS_Base_Trm_VT,/Fab/Materials/VT,/Fab/Materials/VT/M_MS_Base_Trm_VT.M_MS_Base_Trm_VT,False,/Engine/Functions/Engine_MaterialFunctions02/Utility/BreakOutFloat3Components|/Fab/MaterialFunctions/QMF_AOAdjustments|/Fab/MaterialFunctions/QMF_BaseColorAdjustments|/Fab/MaterialFunctions/QMF_NormalAdjustments|/Fab/MaterialFunctions/QMF_RoughnessAdjustments|/Fab/MaterialFunctions/QMF_Transmission|/Fab/Textures/VT/T_DefaultColor_VT|/Fab/Textures/VT/T_DefaultDisplacement_VT|/Fab/Textures/VT/T_DefaultMasks_VT|/Fab/Textures/VT/T_DefaultNormal_VT|/Fab/Textures/VT/T_DefaultOther_VT,"{""__audit_error__"": ""'AssetData' object has no attribute 'tags_and_values'""}"
/Fab,M_MS_Base_VT,Material,/Fab/Materials/VT/M_MS_Base_VT,/Fab/Materials/VT,/Fab/Materials/VT/M_MS_Base_VT.M_MS_Base_VT,False,/Fab/MaterialFunctions/QMF_AOAdjustments|/Fab/MaterialFunctions/QMF_BaseColorAdjustments|/Fab/MaterialFunctions/QMF_NormalAdjustments|/Fab/MaterialFunctions/QMF_RoughnessAdjustments|/Fab/Textures/VT/T_DefaultColor_VT|/Fab/Textures/VT/T_DefaultDisplacement_VT|/Fab/Textures/VT/T_DefaultMasks_VT|/Fab/Textures/VT/T_DefaultNormal_VT,"{""__audit_error__"": ""'AssetData' object has no attribute 'tags_and_values'""}"
/Fab,M_MS_Billboard_VT,Material,/Fab/Materials/VT/M_MS_Billboard_VT,/Fab/Materials/VT,/Fab/Materials/VT/M_MS_Billboard_VT.M_MS_Billboard_VT,False,/Engine/ArtTools/RenderToTexture/MaterialFunctions/FoliageZRotation|/Engine/EngineMaterials/BlendFunc_DefBase|/Engine/EngineMaterials/BlendFunc_DefBlend|/Engine/Functions/Engine_MaterialFunctions01/Gradient/LinearGradient|/Engine/Functions/Engine_MaterialFunctions01/ImageAdjustment/3ColorBlend|/Engine/Functions/Engine_MaterialFunctions01/Texturing/FlattenNormal|/Engine/Functions/Engine_MaterialFunctions01/WorldPositionOffset/SimpleGrassWind|/Engine/Functions/Engine_MaterialFunctions02/Lerp_3Color|/Engine/Functions/Engine_MaterialFunctions02/Math/Transform3x3Matrix|/Engine/Functions/Engine_MaterialFunctions02/Texturing/CustomRotator|/Engine/Functions/Engine_MaterialFunctions02/Utility/BreakOutFloat3Components|/Engine/Functions/Engine_MaterialFunctions02/Utility/VectorToRadialValue|/Engine/Functions/Engine_MaterialFunctions02/WorldPositionOffset/ObjectPivotPoint|/Engine/Functions/Engine_MaterialFunctions03/Blends/Blend_ColorBurn|/Engine/Functions/Engine_MaterialFunctions03/Blends/Blend_LinearDodge|/Engine/Functions/Engine_MaterialFunctions03/Blends/Blend_Overlay|/Fab/MaterialFunctions/QMF_AdjustTwoSidedBaseColor|/Fab/MaterialFunctions/QMF_AdjustTwoSidedNormal|/Fab/MaterialFunctions/QMF_DistanceBasedGradient|/Fab/MaterialFunctions/QMF_GenerateBranchMask_Plants|/Fab/MaterialFunctions/QMF_GenerateTranslucency|/Fab/MaterialFunctions/QMF_GenerateTwoSidedSpecular|/Fab/MaterialFunctions/QMF_GrowthEffect|/Fab/MaterialFunctions/QMF_HealthSeason|/Fab/MaterialFunctions/QMF_PerInstanceActorRandom|/Fab/MaterialFunctions/QMF_TwoSidedRoughness|/Fab/MaterialFunctions/QMF_WindAnimation|/Fab/MaterialFunctions/QMF_WindGust|/Fab/MaterialFunctions/QMF_WorldspaceColorVariation|/Fab/MaterialParameterCollection/QMPC_GlobalFoliageActor|/Fab/Textures/Standard/T_Default_WindNoise|/Fab/Textures/VT/T_DefaultColor_VT|/Fab/Textures/VT/T_DefaultNormal_VT,"{""__audit_error__"": ""'AssetData' object has no attribute 'tags_and_values'""}"
/Fab,M_MS_Decal_VT,Material,/Fab/Materials/VT/M_MS_Decal_VT,/Fab/Materials/VT,/Fab/Materials/VT/M_MS_Decal_VT.M_MS_Decal_VT,False,/Engine/Functions/Engine_MaterialFunctions02/Utility/MakeFloat2|/Fab/MaterialFunctions/QMF_AOAdjustments|/Fab/MaterialFunctions/QMF_BaseColorAdjustments|/Fab/MaterialFunctions/QMF_NormalAdjustments|/Fab/MaterialFunctions/QMF_RoughnessAdjustments|/Fab/Textures/VT/T_DefaultColor_VT|/Fab/Textures/VT/T_DefaultDisplacement_VT|/Fab/Textures/VT/T_DefaultMasks_VT|/Fab/Textures/VT/T_DefaultNormal_VT,"{""__audit_error__"": ""'AssetData' object has no attribute 'tags_and_values'""}"
/Fab,M_MS_Fabric_Masked_VT,Material,/Fab/Materials/VT/M_MS_Fabric_Masked_VT,/Fab/Materials/VT,/Fab/Materials/VT/M_MS_Fabric_Masked_VT.M_MS_Fabric_Masked_VT,False,/Engine/EngineMaterials/Good64x64TilingNoiseHighFreq|/Engine/Functions/Engine_MaterialFunctions02/Texturing/ScreenAlignedPixelToPixelUVs|/Engine/Functions/Engine_MaterialFunctions02/Utility/DitherTemporalAA|/Fab/MaterialFunctions/QMF_AOAdjustments|/Fab/MaterialFunctions/QMF_BaseColorAdjustments|/Fab/MaterialFunctions/QMF_FabricFuzz|/Fab/MaterialFunctions/QMF_FabricMasked|/Fab/MaterialFunctions/QMF_FabricSSAdjustments|/Fab/MaterialFunctions/QMF_FabricSpecular|/Fab/MaterialFunctions/QMF_NormalAdjustments|/Fab/MaterialFunctions/QMF_RoughnessAdjustments|/Fab/MaterialFunctions/QMF_Tiling|/Fab/Textures/VT/T_DefaultColor_VT|/Fab/Textures/VT/T_DefaultDisplacement_VT|/Fab/Textures/VT/T_DefaultMasks_VT|/Fab/Textures/VT/T_DefaultNormal_VT,"{""__audit_error__"": ""'AssetData' object has no attribute 'tags_and_values'""}"
/Fab,M_MS_Fabric_VT,Material,/Fab/Materials/VT/M_MS_Fabric_VT,/Fab/Materials/VT,/Fab/Materials/VT/M_MS_Fabric_VT.M_MS_Fabric_VT,False,/Fab/MaterialFunctions/QMF_AOAdjustments|/Fab/MaterialFunctions/QMF_BaseColorAdjustments|/Fab/MaterialFunctions/QMF_FabricFuzz|/Fab/MaterialFunctions/QMF_FabricSSAdjustments|/Fab/MaterialFunctions/QMF_FabricSpecular|/Fab/MaterialFunctions/QMF_NormalAdjustments|/Fab/MaterialFunctions/QMF_RoughnessAdjustments|/Fab/MaterialFunctions/QMF_Tiling|/Fab/Textures/VT/T_DefaultColor_VT|/Fab/Textures/VT/T_DefaultDisplacement_VT|/Fab/Textures/VT/T_DefaultMasks_VT|/Fab/Textures/VT/T_DefaultNormal_VT,"{""__audit_error__"": ""'AssetData' object has no attribute 'tags_and_values'""}"
/Fab,M_MS_Foliage_VT,Material,/Fab/Materials/VT/M_MS_Foliage_VT,/Fab/Materials/VT,/Fab/Materials/VT/M_MS_Foliage_VT.M_MS_Foliage_VT,False,/Engine/EngineMaterials/BlendFunc_DefBase|/Engine/EngineMaterials/BlendFunc_DefBlend|/Engine/Functions/Engine_MaterialFunctions01/Gradient/LinearGradient|/Engine/Functions/Engine_MaterialFunctions01/ImageAdjustment/3ColorBlend|/Engine/Functions/Engine_MaterialFunctions01/Texturing/FlattenNormal|/Engine/Functions/Engine_MaterialFunctions01/WorldPositionOffset/SimpleGrassWind|/Engine/Functions/Engine_MaterialFunctions02/Lerp_3Color|/Engine/Functions/Engine_MaterialFunctions02/Texturing/CustomRotator|/Engine/Functions/Engine_MaterialFunctions02/WorldPositionOffset/ObjectPivotPoint|/Engine/Functions/Engine_MaterialFunctions03/Blends/Blend_ColorBurn|/Engine/Functions/Engine_MaterialFunctions03/Blends/Blend_LinearDodge|/Engine/Functions/Engine_MaterialFunctions03/Blends/Blend_Overlay|/Fab/MaterialFunctions/QMF_AdjustTwoSidedBaseColor|/Fab/MaterialFunctions/QMF_AdjustTwoSidedNormal|/Fab/MaterialFunctions/QMF_DistanceBasedGradient|/Fab/MaterialFunctions/QMF_DistanceBasedOpacity|/Fab/MaterialFunctions/QMF_GenerateBranchMask_Plants|/Fab/MaterialFunctions/QMF_GenerateTranslucency|/Fab/MaterialFunctions/QMF_GenerateTwoSidedSpecular|/Fab/MaterialFunctions/QMF_GrowthEffect|/Fab/MaterialFunctions/QMF_HealthSeason|/Fab/MaterialFunctions/QMF_PerInstanceActorRandom|/Fab/MaterialFunctions/QMF_TwoSidedRoughness|/Fab/MaterialFunctions/QMF_WindAnimation|/Fab/MaterialFunctions/QMF_WindGust|/Fab/MaterialFunctions/QMF_WorldspaceColorVariation|/Fab/MaterialParameterCollection/QMPC_GlobalFoliageActor|/Fab/Textures/Standard/T_Default_WindNoise|/Fab/Textures/VT/T_DefaultColor_VT|/Fab/Textures/VT/T_DefaultMasks_VT|/Fab/Textures/VT/T_DefaultNormal_VT,"{""__audit_error__"": ""'AssetData' object has no attribute 'tags_and_values'""}"
/Fab,M_MS_Glass_VT,Material,/Fab/Materials/VT/M_MS_Glass_VT,/Fab/Materials/VT,/Fab/Materials/VT/M_MS_Glass_VT.M_MS_Glass_VT,False,/Fab/MaterialFunctions/QMF_AOAdjustments|/Fab/MaterialFunctions/QMF_BaseColorAdjustments|/Fab/MaterialFunctions/QMF_FrameBlend|/Fab/MaterialFunctions/QMF_NormalAdjustments|/Fab/MaterialFunctions/QMF_Refraction|/Fab/MaterialFunctions/QMF_RoughnessAdjustments|/Fab/MaterialFunctions/QMF_Tiling|/Fab/MaterialFunctions/QMF_WindowImperfection|/Fab/Textures/VT/T_DefaultColor_VT|/Fab/Textures/VT/T_DefaultDisplacement_VT|/Fab/Textures/VT/T_DefaultMasks_VT|/Fab/Textures/VT/T_DefaultNormal_VT|/Fab/Textures/VT/T_DefaultOther_VT,"{""__audit_error__"": ""'AssetData' object has no attribute 'tags_and_values'""}"
/Fab,M_MS_Srf_Fuzz_VT,Material,/Fab/Materials/VT/M_MS_Srf_Fuzz_VT,/Fab/Materials/VT,/Fab/Materials/VT/M_MS_Srf_Fuzz_VT.M_MS_Srf_Fuzz_VT,False,/Engine/Functions/Engine_MaterialFunctions01/Shading/FuzzyShading|/Fab/MaterialFunctions/QMF_AOAdjustments|/Fab/MaterialFunctions/QMF_BaseColorAdjustments|/Fab/MaterialFunctions/QMF_Fuzz|/Fab/MaterialFunctions/QMF_NormalAdjustments|/Fab/MaterialFunctions/QMF_RoughnessAdjustments|/Fab/MaterialFunctions/QMF_Tiling|/Fab/Textures/VT/T_DefaultColor_VT|/Fab/Textures/VT/T_DefaultDisplacement_VT|/Fab/Textures/VT/T_DefaultMasks_VT|/Fab/Textures/VT/T_DefaultNormal_VT|/Fab/Textures/VT/T_DefaultOther_VT,"{""__audit_error__"": ""'AssetData' object has no attribute 'tags_and_values'""}"
/Fab,M_MS_Srf_Masked_VT,Material,/Fab/Materials/VT/M_MS_Srf_Masked_VT,/Fab/Materials/VT,/Fab/Materials/VT/M_MS_Srf_Masked_VT.M_MS_Srf_Masked_VT,False,/Fab/MaterialFunctions/QMF_AOAdjustments|/Fab/MaterialFunctions/QMF_BaseColorAdjustments|/Fab/MaterialFunctions/QMF_NormalAdjustments|/Fab/MaterialFunctions/QMF_RoughnessAdjustments|/Fab/MaterialFunctions/QMF_Tiling|/Fab/Textures/VT/T_DefaultColor_VT|/Fab/Textures/VT/T_DefaultDisplacement_VT|/Fab/Textures/VT/T_DefaultMasks_VT|/Fab/Textures/VT/T_DefaultNormal_VT,"{""__audit_error__"": ""'AssetData' object has no attribute 'tags_and_values'""}"
/Fab,M_MS_Srf_Trm_VT,Material,/Fab/Materials/VT/M_MS_Srf_Trm_VT,/Fab/Materials/VT,/Fab/Materials/VT/M_MS_Srf_Trm_VT.M_MS_Srf_Trm_VT,False,/Engine/Functions/Engine_MaterialFunctions02/Utility/BreakOutFloat3Components|/Fab/MaterialFunctions/QMF_AOAdjustments|/Fab/MaterialFunctions/QMF_BaseColorAdjustments|/Fab/MaterialFunctions/QMF_NormalAdjustments|/Fab/MaterialFunctions/QMF_RoughnessAdjustments|/Fab/MaterialFunctions/QMF_Tiling|/Fab/MaterialFunctions/QMF_Transmission|/Fab/Textures/VT/T_DefaultColor_VT|/Fab/Textures/VT/T_DefaultDisplacement_VT|/Fab/Textures/VT/T_DefaultMasks_VT|/Fab/Textures/VT/T_DefaultNormal_VT|/Fab/Textures/VT/T_DefaultOther_VT,"{""__audit_error__"": ""'AssetData' object has no attribute 'tags_and_values'""}"
/Fab,M_MS_Srf_VT,Material,/Fab/Materials/VT/M_MS_Srf_VT,/Fab/Materials/VT,/Fab/Materials/VT/M_MS_Srf_VT.M_MS_Srf_VT,False,/Fab/MaterialFunctions/QMF_AOAdjustments|/Fab/MaterialFunctions/QMF_BaseColorAdjustments|/Fab/MaterialFunctions/QMF_NormalAdjustments|/Fab/MaterialFunctions/QMF_RoughnessAdjustments|/Fab/MaterialFunctions/QMF_Tiling|/Fab/Textures/VT/T_DefaultColor_VT|/Fab/Textures/VT/T_DefaultDisplacement_VT|/Fab/Textures/VT/T_DefaultMasks_VT|/Fab/Textures/VT/T_DefaultNormal_VT,"{""__audit_error__"": ""'AssetData' object has no attribute 'tags_and_values'""}"
/Fab,DecalPlaceholder,MaterialInstanceConstant,/Fab/Placeholders/DecalPlaceholder,/Fab/Placeholders,/Fab/Placeholders/DecalPlaceholder.DecalPlaceholder,False,/Fab/Materials/Standard/M_MS_Decal|/Fab/Placeholders/FabLogo,"{""__audit_error__"": ""'AssetData' object has no attribute 'tags_and_values'""}"
/Fab,FabLogo,Texture2D,/Fab/Placeholders/FabLogo,/Fab/Placeholders,/Fab/Placeholders/FabLogo.FabLogo,False,/Script/InterchangeEngine,"{""__audit_error__"": ""'AssetData' object has no attribute 'tags_and_values'""}"
/Fab,FabMeshPlaceholderMaterial,Material,/Fab/Placeholders/FabMeshPlaceholderMaterial,/Fab/Placeholders,/Fab/Placeholders/FabMeshPlaceholderMaterial.FabMeshPlaceholderMaterial,False,/Engine/Functions/Engine_MaterialFunctions02/Math/InverseTransformMatrix|/Engine/Functions/Engine_MaterialFunctions02/Math/MakeVectorsOrthogonal|/Engine/Functions/Engine_MaterialFunctions02/Math/Transform3x3Matrix|/Engine/Functions/Engine_MaterialFunctions02/Utility/BreakOutFloat2Components|/Engine/Functions/Engine_MaterialFunctions02/Utility/BreakOutFloat3Components|/Engine/Functions/Engine_MaterialFunctions02/Utility/CameraVectorWithWPOOptions|/Engine/Functions/Engine_MaterialFunctions02/Utility/VectorLength|/Engine/Functions/Engine_MaterialFunctions02/WorldPositionOffset/AlignMeshToTheCamera|/Engine/Functions/Engine_MaterialFunctions02/WorldPositionOffset/ComponentPivotLocation|/Engine/Functions/Engine_MaterialFunctions02/WorldPositionOffset/ObjectScale|/Fab/Placeholders/FabLogo|/Fab/Placeholders/MeshPlaceholder,"{""__audit_error__"": ""'AssetData' object has no attribute 'tags_and_values'""}"
/Fab,FabMeshPlaceholderMaterialInstance,MaterialInstanceConstant,/Fab/Placeholders/FabMeshPlaceholderMaterialInstance,/Fab/Placeholders,/Fab/Placeholders/FabMeshPlaceholderMaterialInstance.FabMeshPlaceholderMaterialInstance,False,/Fab/Placeholders/FabMeshPlaceholderMaterial,"{""__audit_error__"": ""'AssetData' object has no attribute 'tags_and_values'""}"
/Fab,T_Default_WindNoise,Texture2D,/Fab/Textures/Standard/T_Default_WindNoise,/Fab/Textures/Standard,/Fab/Textures/Standard/T_Default_WindNoise.T_Default_WindNoise,False,/Script/InterchangeEngine,"{""__audit_error__"": ""'AssetData' object has no attribute 'tags_and_values'""}"
/Fab,T_DefaultColor,Texture2D,/Fab/Textures/Standard/T_DefaultColor,/Fab/Textures/Standard,/Fab/Textures/Standard/T_DefaultColor.T_DefaultColor,False,,"{""__audit_error__"": ""'AssetData' object has no attribute 'tags_and_values'""}"
/Fab,T_DefaultDisplacement,Texture2D,/Fab/Textures/Standard/T_DefaultDisplacement,/Fab/Textures/Standard,/Fab/Textures/Standard/T_DefaultDisplacement.T_DefaultDisplacement,False,,"{""__audit_error__"": ""'AssetData' object has no attribute 'tags_and_values'""}"
/Fab,T_DefaultMasks,Texture2D,/Fab/Textures/Standard/T_DefaultMasks,/Fab/Textures/Standard,/Fab/Textures/Standard/T_DefaultMasks.T_DefaultMasks,False,,"{""__audit_error__"": ""'AssetData' object has no attribute 'tags_and_values'""}"
/Fab,T_DefaultNormal,Texture2D,/Fab/Textures/Standard/T_DefaultNormal,/Fab/Textures/Standard,/Fab/Textures/Standard/T_DefaultNormal.T_DefaultNormal,False,,"{""__audit_error__"": ""'AssetData' object has no attribute 'tags_and_values'""}"
/Fab,T_DefaultOther,Texture2D,/Fab/Textures/Standard/T_DefaultOther,/Fab/Textures/Standard,/Fab/Textures/Standard/T_DefaultOther.T_DefaultOther,False,,"{""__audit_error__"": ""'AssetData' object has no attribute 'tags_and_values'""}"
/Fab,T_Default_WindNoise_VT,Texture2D,/Fab/Textures/VT/T_Default_WindNoise_VT,/Fab/Textures/VT,/Fab/Textures/VT/T_Default_WindNoise_VT.T_Default_WindNoise_VT,False,/Script/InterchangeEngine,"{""__audit_error__"": ""'AssetData' object has no attribute 'tags_and_values'""}"
/Fab,T_DefaultColor_VT,Texture2D,/Fab/Textures/VT/T_DefaultColor_VT,/Fab/Textures/VT,/Fab/Textures/VT/T_DefaultColor_VT.T_DefaultColor_VT,False,,"{""__audit_error__"": ""'AssetData' object has no attribute 'tags_and_values'""}"
/Fab,T_DefaultDisplacement_VT,Texture2D,/Fab/Textures/VT/T_DefaultDisplacement_VT,/Fab/Textures/VT,/Fab/Textures/VT/T_DefaultDisplacement_VT.T_DefaultDisplacement_VT,False,,"{""__audit_error__"": ""'AssetData' object has no attribute 'tags_and_values'""}"
/Fab,T_DefaultMasks_VT,Texture2D,/Fab/Textures/VT/T_DefaultMasks_VT,/Fab/Textures/VT,/Fab/Textures/VT/T_DefaultMasks_VT.T_DefaultMasks_VT,False,,"{""__audit_error__"": ""'AssetData' object has no attribute 'tags_and_values'""}"
/Fab,T_DefaultNormal_VT,Texture2D,/Fab/Textures/VT/T_DefaultNormal_VT,/Fab/Textures/VT,/Fab/Textures/VT/T_DefaultNormal_VT.T_DefaultNormal_VT,False,,"{""__audit_error__"": ""'AssetData' object has no attribute 'tags_and_values'""}"
/Fab,T_DefaultOther_VT,Texture2D,/Fab/Textures/VT/T_DefaultOther_VT,/Fab/Textures/VT,/Fab/Textures/VT/T_DefaultOther_VT.T_DefaultOther_VT,False,,"{""__audit_error__"": ""'AssetData' object has no attribute 'tags_and_values'""}"
/Game,Floor_400x400,ObjectRedirector,/Game/StarterContent/Architecture/Floor_400x400,/Game/StarterContent/Architecture,/Game/StarterContent/Architecture/Floor_400x400.Floor_400x400,True,/Game/TopDownShooter/Ressources/StarterContent/Architecture/Floor_400x400,"{""__audit_error__"": ""'AssetData' object has no attribute 'tags_and_values'""}"
/Game,Pillar_50x500,ObjectRedirector,/Game/StarterContent/Architecture/Pillar_50x500,/Game/StarterContent/Architecture,/Game/StarterContent/Architecture/Pillar_50x500.Pillar_50x500,True,/Game/TopDownShooter/Ressources/StarterContent/Architecture/Pillar_50x500,"{""__audit_error__"": ""'AssetData' object has no attribute 'tags_and_values'""}"
/Game,SM_AssetPlatform,ObjectRedirector,/Game/StarterContent/Architecture/SM_AssetPlatform,/Game/StarterContent/Architecture,/Game/StarterContent/Architecture/SM_AssetPlatform.SM_AssetPlatform,True,/Game/TopDownShooter/Ressources/StarterContent/Architecture/SM_AssetPlatform,"{""__audit_error__"": ""'AssetData' object has no attribute 'tags_and_values'""}"
/Game,Wall_400x200,ObjectRedirector,/Game/StarterContent/Architecture/Wall_400x200,/Game/StarterContent/Architecture,/Game/StarterContent/Architecture/Wall_400x200.Wall_400x200,True,/Game/TopDownShooter/Ressources/StarterContent/Architecture/Wall_400x200,"{""__audit_error__"": ""'AssetData' object has no attribute 'tags_and_values'""}"
/Game,Wall_400x300,ObjectRedirector,/Game/StarterContent/Architecture/Wall_400x300,/Game/StarterContent/Architecture,/Game/StarterContent/Architecture/Wall_400x300.Wall_400x300,True,/Game/TopDownShooter/Ressources/StarterContent/Architecture/Wall_400x300,"{""__audit_error__"": ""'AssetData' object has no attribute 'tags_and_values'""}"
/Game,Wall_400x400,ObjectRedirector,/Game/StarterContent/Architecture/Wall_400x400,/Game/StarterContent/Architecture,/Game/StarterContent/Architecture/Wall_400x400.Wall_400x400,True,/Game/TopDownShooter/Ressources/StarterContent/Architecture/Wall_400x400,"{""__audit_error__"": ""'AssetData' object has no attribute 'tags_and_values'""}"
/Game,Wall_500x500,ObjectRedirector,/Game/StarterContent/Architecture/Wall_500x500,/Game/StarterContent/Architecture,/Game/StarterContent/Architecture/Wall_500x500.Wall_500x500,True,/Game/TopDownShooter/Ressources/StarterContent/Architecture/Wall_500x500,"{""__audit_error__"": ""'AssetData' object has no attribute 'tags_and_values'""}"
/Game,Wall_Door_400x300,ObjectRedirector,/Game/StarterContent/Architecture/Wall_Door_400x300,/Game/StarterContent/Architecture,/Game/StarterContent/Architecture/Wall_Door_400x300.Wall_Door_400x300,True,/Game/TopDownShooter/Ressources/StarterContent/Architecture/Wall_Door_400x300,"{""__audit_error__"": ""'AssetData' object has no attribute 'tags_and_values'""}"
/Game,Wall_Door_400x400,ObjectRedirector,/Game/StarterContent/Architecture/Wall_Door_400x400,/Game/StarterContent/Architecture,/Game/StarterContent/Architecture/Wall_Door_400x400.Wall_Door_400x400,True,/Game/TopDownShooter/Ressources/StarterContent/Architecture/Wall_Door_400x400,"{""__audit_error__"": ""'AssetData' object has no attribute 'tags_and_values'""}"
/Game,Wall_Window_400x300,ObjectRedirector,/Game/StarterContent/Architecture/Wall_Window_400x300,/Game/StarterContent/Architecture,/Game/StarterContent/Architecture/Wall_Window_400x300.Wall_Window_400x300,True,/Game/TopDownShooter/Ressources/StarterContent/Architecture/Wall_Window_400x300,"{""__audit_error__"": ""'AssetData' object has no attribute 'tags_and_values'""}"
/Game,Wall_Window_400x400,ObjectRedirector,/Game/StarterContent/Architecture/Wall_Window_400x400,/Game/StarterContent/Architecture,/Game/StarterContent/Architecture/Wall_Window_400x400.Wall_Window_400x400,True,/Game/TopDownShooter/Ressources/StarterContent/Architecture/Wall_Window_400x400,"{""__audit_error__"": ""'AssetData' object has no attribute 'tags_and_values'""}"
/Game,Collapse01,ObjectRedirector,/Game/StarterContent/Audio/Collapse01,/Game/StarterContent/Audio,/Game/StarterContent/Audio/Collapse01.Collapse01,True,/Game/TopDownShooter/Ressources/StarterContent/Audio/Collapse01,"{""__audit_error__"": ""'AssetData' object has no attribute 'tags_and_values'""}"
/Game,Collapse02,ObjectRedirector,/Game/StarterContent/Audio/Collapse02,/Game/StarterContent/Audio,/Game/StarterContent/Audio/Collapse02.Collapse02,True,/Game/TopDownShooter/Ressources/StarterContent/Audio/Collapse02,"{""__audit_error__"": ""'AssetData' object has no attribute 'tags_and_values'""}"
/Game,Collapse_Cue,ObjectRedirector,/Game/StarterContent/Audio/Collapse_Cue,/Game/StarterContent/Audio,/Game/StarterContent/Audio/Collapse_Cue.Collapse_Cue,True,/Game/TopDownShooter/Ressources/StarterContent/Audio/Collapse_Cue,"{""__audit_error__"": ""'AssetData' object has no attribute 'tags_and_values'""}"
/Game,Explosion01,ObjectRedirector,/Game/StarterContent/Audio/Explosion01,/Game/StarterContent/Audio,/Game/StarterContent/Audio/Explosion01.Explosion01,True,/Game/TopDownShooter/Ressources/StarterContent/Audio/Explosion01,"{""__audit_error__"": ""'AssetData' object has no attribute 'tags_and_values'""}"
/Game,Explosion02,ObjectRedirector,/Game/StarterContent/Audio/Explosion02,/Game/StarterContent/Audio,/Game/StarterContent/Audio/Explosion02.Explosion02,True,/Game/TopDownShooter/Ressources/StarterContent/Audio/Explosion02,"{""__audit_error__"": ""'AssetData' object has no attribute 'tags_and_values'""}"
/Game,Explosion_Cue,ObjectRedirector,/Game/StarterContent/Audio/Explosion_Cue,/Game/StarterContent/Audio,/Game/StarterContent/Audio/Explosion_Cue.Explosion_Cue,True,/Game/TopDownShooter/Ressources/StarterContent/Audio/Explosion_Cue,"{""__audit_error__"": ""'AssetData' object has no attribute 'tags_and_values'""}"
/Game,Fire01,ObjectRedirector,/Game/StarterContent/Audio/Fire01,/Game/StarterContent/Audio,/Game/StarterContent/Audio/Fire01.Fire01,True,/Game/TopDownShooter/Ressources/StarterContent/Audio/Fire01,"{""__audit_error__"": ""'AssetData' object has no attribute 'tags_and_values'""}"
/Game,Fire01_Cue,ObjectRedirector,/Game/StarterContent/Audio/Fire01_Cue,/Game/StarterContent/Audio,/Game/StarterContent/Audio/Fire01_Cue.Fire01_Cue,True,/Game/TopDownShooter/Ressources/StarterContent/Audio/Fire01_Cue,"{""__audit_error__"": ""'AssetData' object has no attribute 'tags_and_values'""}"
/Game,Fire_Sparks01,ObjectRedirector,/Game/StarterContent/Audio/Fire_Sparks01,/Game/StarterContent/Audio,/Game/StarterContent/Audio/Fire_Sparks01.Fire_Sparks01,True,/Game/TopDownShooter/Ressources/StarterContent/Audio/Fire_Sparks01,"{""__audit_error__"": ""'AssetData' object has no attribute 'tags_and_values'""}"
/Game,Fire_Sparks01_Cue,ObjectRedirector,/Game/StarterContent/Audio/Fire_Sparks01_Cue,/Game/StarterContent/Audio,/Game/StarterContent/Audio/Fire_Sparks01_Cue.Fire_Sparks01_Cue,True,/Game/TopDownShooter/Ressources/StarterContent/Audio/Fire_Sparks01_Cue,"{""__audit_error__"": ""'AssetData' object has no attribute 'tags_and_values'""}"
/Game,Light01,ObjectRedirector,/Game/StarterContent/Audio/Light01,/Game/StarterContent/Audio,/Game/StarterContent/Audio/Light01.Light01,True,/Game/TopDownShooter/Ressources/StarterContent/Audio/Light01,"{""__audit_error__"": ""'AssetData' object has no attribute 'tags_and_values'""}"
/Game,Light01_Cue,ObjectRedirector,/Game/StarterContent/Audio/Light01_Cue,/Game/StarterContent/Audio,/Game/StarterContent/Audio/Light01_Cue.Light01_Cue,True,/Game/TopDownShooter/Ressources/StarterContent/Audio/Light01_Cue,"{""__audit_error__"": ""'AssetData' object has no attribute 'tags_and_values'""}"
/Game,Light02,ObjectRedirector,/Game/StarterContent/Audio/Light02,/Game/StarterContent/Audio,/Game/StarterContent/Audio/Light02.Light02,True,/Game/TopDownShooter/Ressources/StarterContent/Audio/Light02,"{""__audit_error__"": ""'AssetData' object has no attribute 'tags_and_values'""}"
/Game,Light02_Cue,ObjectRedirector,/Game/StarterContent/Audio/Light02_Cue,/Game/StarterContent/Audio,/Game/StarterContent/Audio/Light02_Cue.Light02_Cue,True,/Game/TopDownShooter/Ressources/StarterContent/Audio/Light02_Cue,"{""__audit_error__"": ""'AssetData' object has no attribute 'tags_and_values'""}"
/Game,Smoke01,ObjectRedirector,/Game/StarterContent/Audio/Smoke01,/Game/StarterContent/Audio,/Game/StarterContent/Audio/Smoke01.Smoke01,True,/Game/TopDownShooter/Ressources/StarterContent/Audio/Smoke01,"{""__audit_error__"": ""'AssetData' object has no attribute 'tags_and_values'""}"
/Game,Smoke01_Cue,ObjectRedirector,/Game/StarterContent/Audio/Smoke01_Cue,/Game/StarterContent/Audio,/Game/StarterContent/Audio/Smoke01_Cue.Smoke01_Cue,True,/Game/TopDownShooter/Ressources/StarterContent/Audio/Smoke01_Cue,"{""__audit_error__"": ""'AssetData' object has no attribute 'tags_and_values'""}"
/Game,Starter_Background_Cue,ObjectRedirector,/Game/StarterContent/Audio/Starter_Background_Cue,/Game/StarterContent/Audio,/Game/StarterContent/Audio/Starter_Background_Cue.Starter_Background_Cue,True,/Game/TopDownShooter/Ressources/StarterContent/Audio/Starter_Background_Cue,"{""__audit_error__"": ""'AssetData' object has no attribute 'tags_and_values'""}"
/Game,Starter_Birds01,ObjectRedirector,/Game/StarterContent/Audio/Starter_Birds01,/Game/StarterContent/Audio,/Game/StarterContent/Audio/Starter_Birds01.Starter_Birds01,True,/Game/TopDownShooter/Ressources/StarterContent/Audio/Starter_Birds01,"{""__audit_error__"": ""'AssetData' object has no attribute 'tags_and_values'""}"
/Game,Starter_Music01,ObjectRedirector,/Game/StarterContent/Audio/Starter_Music01,/Game/StarterContent/Audio,/Game/StarterContent/Audio/Starter_Music01.Starter_Music01,True,/Game/TopDownShooter/Ressources/StarterContent/Audio/Starter_Music01,"{""__audit_error__"": ""'AssetData' object has no attribute 'tags_and_values'""}"
/Game,Starter_Music_Cue,ObjectRedirector,/Game/StarterContent/Audio/Starter_Music_Cue,/Game/StarterContent/Audio,/Game/StarterContent/Audio/Starter_Music_Cue.Starter_Music_Cue,True,/Game/TopDownShooter/Ressources/StarterContent/Audio/Starter_Music_Cue,"{""__audit_error__"": ""'AssetData' object has no attribute 'tags_and_values'""}"
/Game,Starter_Wind05,ObjectRedirector,/Game/StarterContent/Audio/Starter_Wind05,/Game/StarterContent/Audio,/Game/StarterContent/Audio/Starter_Wind05.Starter_Wind05,True,/Game/TopDownShooter/Ressources/StarterContent/Audio/Starter_Wind05,"{""__audit_error__"": ""'AssetData' object has no attribute 'tags_and_values'""}"
/Game,Starter_Wind06,ObjectRedirector,/Game/StarterContent/Audio/Starter_Wind06,/Game/StarterContent/Audio,/Game/StarterContent/Audio/Starter_Wind06.Starter_Wind06,True,/Game/TopDownShooter/Ressources/StarterContent/Audio/Starter_Wind06,"{""__audit_error__"": ""'AssetData' object has no attribute 'tags_and_values'""}"
/Game,Steam01,ObjectRedirector,/Game/StarterContent/Audio/Steam01,/Game/StarterContent/Audio,/Game/StarterContent/Audio/Steam01.Steam01,True,/Game/TopDownShooter/Ressources/StarterContent/Audio/Steam01,"{""__audit_error__"": ""'AssetData' object has no attribute 'tags_and_values'""}"
/Game,Steam01_Cue,ObjectRedirector,/Game/StarterContent/Audio/Steam01_Cue,/Game/StarterContent/Audio,/Game/StarterContent/Audio/Steam01_Cue.Steam01_Cue,True,/Game/TopDownShooter/Ressources/StarterContent/Audio/Steam01_Cue,"{""__audit_error__"": ""'AssetData' object has no attribute 'tags_and_values'""}"
/Game,FogBrightnessLUT,ObjectRedirector,/Game/StarterContent/Blueprints/Assets/FogBrightnessLUT,/Game/StarterContent/Blueprints/Assets,/Game/StarterContent/Blueprints/Assets/FogBrightnessLUT.FogBrightnessLUT,True,/Game/TopDownShooter/Ressources/StarterContent/Blueprints/Assets/FogBrightnessLUT,"{""__audit_error__"": ""'AssetData' object has no attribute 'tags_and_values'""}"
/Game,M_LightStage_Arrows,ObjectRedirector,/Game/StarterContent/Blueprints/Assets/M_LightStage_Arrows,/Game/StarterContent/Blueprints/Assets,/Game/StarterContent/Blueprints/Assets/M_LightStage_Arrows.M_LightStage_Arrows,True,/Game/TopDownShooter/Ressources/StarterContent/Blueprints/Assets/M_LightStage_Arrows,"{""__audit_error__"": ""'AssetData' object has no attribute 'tags_and_values'""}"
/Game,M_LightStage_Skybox_Black,ObjectRedirector,/Game/StarterContent/Blueprints/Assets/M_LightStage_Skybox_Black,/Game/StarterContent/Blueprints/Assets,/Game/StarterContent/Blueprints/Assets/M_LightStage_Skybox_Black.M_LightStage_Skybox_Black,True,/Game/TopDownShooter/Ressources/StarterContent/Blueprints/Assets/M_LightStage_Skybox_Black,"{""__audit_error__"": ""'AssetData' object has no attribute 'tags_and_values'""}"
/Game,M_LightStage_Skybox_HDRI,ObjectRedirector,/Game/StarterContent/Blueprints/Assets/M_LightStage_Skybox_HDRI,/Game/StarterContent/Blueprints/Assets,/Game/StarterContent/Blueprints/Assets/M_LightStage_Skybox_HDRI.M_LightStage_Skybox_HDRI,True,/Game/TopDownShooter/Ressources/StarterContent/Blueprints/Assets/M_LightStage_Skybox_HDRI,"{""__audit_error__"": ""'AssetData' object has no attribute 'tags_and_values'""}"
/Game,M_LightStage_Skybox_Master,ObjectRedirector,/Game/StarterContent/Blueprints/Assets/M_LightStage_Skybox_Master,/Game/StarterContent/Blueprints/Assets,/Game/StarterContent/Blueprints/Assets/M_LightStage_Skybox_Master.M_LightStage_Skybox_Master,True,/Game/TopDownShooter/Ressources/StarterContent/Blueprints/Assets/M_LightStage_Skybox_Master,"{""__audit_error__"": ""'AssetData' object has no attribute 'tags_and_values'""}"
/Game,Skybox,ObjectRedirector,/Game/StarterContent/Blueprints/Assets/Skybox,/Game/StarterContent/Blueprints/Assets,/Game/StarterContent/Blueprints/Assets/Skybox.Skybox,True,/Game/TopDownShooter/Ressources/StarterContent/Blueprints/Assets/Skybox,"{""__audit_error__"": ""'AssetData' object has no attribute 'tags_and_values'""}"
/Game,SM_Arrows,ObjectRedirector,/Game/StarterContent/Blueprints/Assets/SM_Arrows,/Game/StarterContent/Blueprints/Assets,/Game/StarterContent/Blueprints/Assets/SM_Arrows.SM_Arrows,True,/Game/TopDownShooter/Ressources/StarterContent/Blueprints/Assets/SM_Arrows,"{""__audit_error__"": ""'AssetData' object has no attribute 'tags_and_values'""}"
/Game,SunlightColorLUT,ObjectRedirector,/Game/StarterContent/Blueprints/Assets/SunlightColorLUT,/Game/StarterContent/Blueprints/Assets,/Game/StarterContent/Blueprints/Assets/SunlightColorLUT.SunlightColorLUT,True,/Game/TopDownShooter/Ressources/StarterContent/Blueprints/Assets/SunlightColorLUT,"{""__audit_error__"": ""'AssetData' object has no attribute 'tags_and_values'""}"
/Game,Blueprint_CeilingLight,ObjectRedirector,/Game/StarterContent/Blueprints/Blueprint_CeilingLight,/Game/StarterContent/Blueprints,/Game/StarterContent/Blueprints/Blueprint_CeilingLight.Blueprint_CeilingLight,True,/Game/TopDownShooter/Ressources/StarterContent/Blueprints/Blueprint_CeilingLight,"{""__audit_error__"": ""'AssetData' object has no attribute 'tags_and_values'""}"
/Game,Blueprint_CeilingLight_C,ObjectRedirector,/Game/StarterContent/Blueprints/Blueprint_CeilingLight,/Game/StarterContent/Blueprints,/Game/StarterContent/Blueprints/Blueprint_CeilingLight.Blueprint_CeilingLight_C,True,/Game/TopDownShooter/Ressources/StarterContent/Blueprints/Blueprint_CeilingLight,"{""__audit_error__"": ""'AssetData' object has no attribute 'tags_and_values'""}"
/Game,Default__Blueprint_CeilingLight_C,ObjectRedirector,/Game/StarterContent/Blueprints/Blueprint_CeilingLight,/Game/StarterContent/Blueprints,/Game/StarterContent/Blueprints/Blueprint_CeilingLight.Default__Blueprint_CeilingLight_C,True,/Game/TopDownShooter/Ressources/StarterContent/Blueprints/Blueprint_CeilingLight,"{""__audit_error__"": ""'AssetData' object has no attribute 'tags_and_values'""}"
/Game,Blueprint_Effect_Explosion,ObjectRedirector,/Game/StarterContent/Blueprints/Blueprint_Effect_Explosion,/Game/StarterContent/Blueprints,/Game/StarterContent/Blueprints/Blueprint_Effect_Explosion.Blueprint_Effect_Explosion,True,/Game/TopDownShooter/Ressources/StarterContent/Blueprints/Blueprint_Effect_Explosion,"{""__audit_error__"": ""'AssetData' object has no attribute 'tags_and_values'""}"
/Game,Blueprint_Effect_Explosion_C,ObjectRedirector,/Game/StarterContent/Blueprints/Blueprint_Effect_Explosion,/Game/StarterContent/Blueprints,/Game/StarterContent/Blueprints/Blueprint_Effect_Explosion.Blueprint_Effect_Explosion_C,True,/Game/TopDownShooter/Ressources/StarterContent/Blueprints/Blueprint_Effect_Explosion,"{""__audit_error__"": ""'AssetData' object has no attribute 'tags_and_values'""}"
/Game,Default__Blueprint_Effect_Explosion_C,ObjectRedirector,/Game/StarterContent/Blueprints/Blueprint_Effect_Explosion,/Game/StarterContent/Blueprints,/Game/StarterContent/Blueprints/Blueprint_Effect_Explosion.Default__Blueprint_Effect_Explosion_C,True,/Game/TopDownShooter/Ressources/StarterContent/Blueprints/Blueprint_Effect_Explosion,"{""__audit_error__"": ""'AssetData' object has no attribute 'tags_and_values'""}"
/Game,Blueprint_Effect_Fire,ObjectRedirector,/Game/StarterContent/Blueprints/Blueprint_Effect_Fire,/Game/StarterContent/Blueprints,/Game/StarterContent/Blueprints/Blueprint_Effect_Fire.Blueprint_Effect_Fire,True,/Game/TopDownShooter/Ressources/StarterContent/Blueprints/Blueprint_Effect_Fire,"{""__audit_error__"": ""'AssetData' object has no attribute 'tags_and_values'""}"
/Game,Blueprint_Effect_Fire_C,ObjectRedirector,/Game/StarterContent/Blueprints/Blueprint_Effect_Fire,/Game/StarterContent/Blueprints,/Game/StarterContent/Blueprints/Blueprint_Effect_Fire.Blueprint_Effect_Fire_C,True,/Game/TopDownShooter/Ressources/StarterContent/Blueprints/Blueprint_Effect_Fire,"{""__audit_error__"": ""'AssetData' object has no attribute 'tags_and_values'""}"
/Game,Default__Blueprint_Effect_Fire_C,ObjectRedirector,/Game/StarterContent/Blueprints/Blueprint_Effect_Fire,/Game/StarterContent/Blueprints,/Game/StarterContent/Blueprints/Blueprint_Effect_Fire.Default__Blueprint_Effect_Fire_C,True,/Game/TopDownShooter/Ressources/StarterContent/Blueprints/Blueprint_Effect_Fire,"{""__audit_error__"": ""'AssetData' object has no attribute 'tags_and_values'""}"
/Game,Blueprint_Effect_Smoke,ObjectRedirector,/Game/StarterContent/Blueprints/Blueprint_Effect_Smoke,/Game/StarterContent/Blueprints,/Game/StarterContent/Blueprints/Blueprint_Effect_Smoke.Blueprint_Effect_Smoke,True,/Game/TopDownShooter/Ressources/StarterContent/Blueprints/Blueprint_Effect_Smoke,"{""__audit_error__"": ""'AssetData' object has no attribute 'tags_and_values'""}"
/Game,Blueprint_Effect_Smoke_C,ObjectRedirector,/Game/StarterContent/Blueprints/Blueprint_Effect_Smoke,/Game/StarterContent/Blueprints,/Game/StarterContent/Blueprints/Blueprint_Effect_Smoke.Blueprint_Effect_Smoke_C,True,/Game/TopDownShooter/Ressources/StarterContent/Blueprints/Blueprint_Effect_Smoke,"{""__audit_error__"": ""'AssetData' object has no attribute 'tags_and_values'""}"
/Game,Default__Blueprint_Effect_Smoke_C,ObjectRedirector,/Game/StarterContent/Blueprints/Blueprint_Effect_Smoke,/Game/StarterContent/Blueprints,/Game/StarterContent/Blueprints/Blueprint_Effect_Smoke.Default__Blueprint_Effect_Smoke_C,True,/Game/TopDownShooter/Ressources/StarterContent/Blueprints/Blueprint_Effect_Smoke,"{""__audit_error__"": ""'AssetData' object has no attribute 'tags_and_values'""}"
/Game,Blueprint_Effect_Sparks,ObjectRedirector,/Game/StarterContent/Blueprints/Blueprint_Effect_Sparks,/Game/StarterContent/Blueprints,/Game/StarterContent/Blueprints/Blueprint_Effect_Sparks.Blueprint_Effect_Sparks,True,/Game/TopDownShooter/Ressources/StarterContent/Blueprints/Blueprint_Effect_Sparks,"{""__audit_error__"": ""'AssetData' object has no attribute 'tags_and_values'""}"
/Game,Blueprint_Effect_Sparks_C,ObjectRedirector,/Game/StarterContent/Blueprints/Blueprint_Effect_Sparks,/Game/StarterContent/Blueprints,/Game/StarterContent/Blueprints/Blueprint_Effect_Sparks.Blueprint_Effect_Sparks_C,True,/Game/TopDownShooter/Ressources/StarterContent/Blueprints/Blueprint_Effect_Sparks,"{""__audit_error__"": ""'AssetData' object has no attribute 'tags_and_values'""}"
/Game,Default__Blueprint_Effect_Sparks_C,ObjectRedirector,/Game/StarterContent/Blueprints/Blueprint_Effect_Sparks,/Game/StarterContent/Blueprints,/Game/StarterContent/Blueprints/Blueprint_Effect_Sparks.Default__Blueprint_Effect_Sparks_C,True,/Game/TopDownShooter/Ressources/StarterContent/Blueprints/Blueprint_Effect_Sparks,"{""__audit_error__"": ""'AssetData' object has no attribute 'tags_and_values'""}"
/Game,Blueprint_Effect_Steam,ObjectRedirector,/Game/StarterContent/Blueprints/Blueprint_Effect_Steam,/Game/StarterContent/Blueprints,/Game/StarterContent/Blueprints/Blueprint_Effect_Steam.Blueprint_Effect_Steam,True,/Game/TopDownShooter/Ressources/StarterContent/Blueprints/Blueprint_Effect_Steam,"{""__audit_error__"": ""'AssetData' object has no attribute 'tags_and_values'""}"
/Game,Blueprint_Effect_Steam_C,ObjectRedirector,/Game/StarterContent/Blueprints/Blueprint_Effect_Steam,/Game/StarterContent/Blueprints,/Game/StarterContent/Blueprints/Blueprint_Effect_Steam.Blueprint_Effect_Steam_C,True,/Game/TopDownShooter/Ressources/StarterContent/Blueprints/Blueprint_Effect_Steam,"{""__audit_error__"": ""'AssetData' object has no attribute 'tags_and_values'""}"
/Game,Default__Blueprint_Effect_Steam_C,ObjectRedirector,/Game/StarterContent/Blueprints/Blueprint_Effect_Steam,/Game/StarterContent/Blueprints,/Game/StarterContent/Blueprints/Blueprint_Effect_Steam.Default__Blueprint_Effect_Steam_C,True,/Game/TopDownShooter/Ressources/StarterContent/Blueprints/Blueprint_Effect_Steam,"{""__audit_error__"": ""'AssetData' object has no attribute 'tags_and_values'""}"
/Game,Blueprint_WallSconce,ObjectRedirector,/Game/StarterContent/Blueprints/Blueprint_WallSconce,/Game/StarterContent/Blueprints,/Game/StarterContent/Blueprints/Blueprint_WallSconce.Blueprint_WallSconce,True,/Game/TopDownShooter/Ressources/StarterContent/Blueprints/Blueprint_WallSconce,"{""__audit_error__"": ""'AssetData' object has no attribute 'tags_and_values'""}"
/Game,Blueprint_WallSconce_C,ObjectRedirector,/Game/StarterContent/Blueprints/Blueprint_WallSconce,/Game/StarterContent/Blueprints,/Game/StarterContent/Blueprints/Blueprint_WallSconce.Blueprint_WallSconce_C,True,/Game/TopDownShooter/Ressources/StarterContent/Blueprints/Blueprint_WallSconce,"{""__audit_error__"": ""'AssetData' object has no attribute 'tags_and_values'""}"
/Game,Default__Blueprint_WallSconce_C,ObjectRedirector,/Game/StarterContent/Blueprints/Blueprint_WallSconce,/Game/StarterContent/Blueprints,/Game/StarterContent/Blueprints/Blueprint_WallSconce.Default__Blueprint_WallSconce_C,True,/Game/TopDownShooter/Ressources/StarterContent/Blueprints/Blueprint_WallSconce,"{""__audit_error__"": ""'AssetData' object has no attribute 'tags_and_values'""}"
/Game,BP_LightStudio,ObjectRedirector,/Game/StarterContent/Blueprints/BP_LightStudio,/Game/StarterContent/Blueprints,/Game/StarterContent/Blueprints/BP_LightStudio.BP_LightStudio,True,/Game/TopDownShooter/Ressources/StarterContent/Blueprints/BP_LightStudio,"{""__audit_error__"": ""'AssetData' object has no attribute 'tags_and_values'""}"
/Game,BP_LightStudio_C,ObjectRedirector,/Game/StarterContent/Blueprints/BP_LightStudio,/Game/StarterContent/Blueprints,/Game/StarterContent/Blueprints/BP_LightStudio.BP_LightStudio_C,True,/Game/TopDownShooter/Ressources/StarterContent/Blueprints/BP_LightStudio,"{""__audit_error__"": ""'AssetData' object has no attribute 'tags_and_values'""}"
/Game,Default__BP_LightStudio_C,ObjectRedirector,/Game/StarterContent/Blueprints/BP_LightStudio,/Game/StarterContent/Blueprints,/Game/StarterContent/Blueprints/BP_LightStudio.Default__BP_LightStudio_C,True,/Game/TopDownShooter/Ressources/StarterContent/Blueprints/BP_LightStudio,"{""__audit_error__"": ""'AssetData' object has no attribute 'tags_and_values'""}"
/Game,HDRI_Epic_Courtyard_Daylight,ObjectRedirector,/Game/StarterContent/HDRI/HDRI_Epic_Courtyard_Daylight,/Game/StarterContent/HDRI,/Game/StarterContent/HDRI/HDRI_Epic_Courtyard_Daylight.HDRI_Epic_Courtyard_Daylight,True,/Game/TopDownShooter/Ressources/StarterContent/HDRI/HDRI_Epic_Courtyard_Daylight,"{""__audit_error__"": ""'AssetData' object has no attribute 'tags_and_values'""}"
/Game,Advanced_Lighting,ObjectRedirector,/Game/StarterContent/Maps/Advanced_Lighting,/Game/StarterContent/Maps,/Game/StarterContent/Maps/Advanced_Lighting.Advanced_Lighting,True,/Game/TopDownShooter/Ressources/StarterContent/Maps/Advanced_Lighting,"{""__audit_error__"": ""'AssetData' object has no attribute 'tags_and_values'""}"
/Game,Advanced_Lighting_BuiltData,ObjectRedirector,/Game/StarterContent/Maps/Advanced_Lighting_BuiltData,/Game/StarterContent/Maps,/Game/StarterContent/Maps/Advanced_Lighting_BuiltData.Advanced_Lighting_BuiltData,True,/Game/TopDownShooter/Ressources/StarterContent/Maps/Advanced_Lighting_BuiltData,"{""__audit_error__"": ""'AssetData' object has no attribute 'tags_and_values'""}"
/Game,Default__Minimal_Default_C,ObjectRedirector,/Game/StarterContent/Maps/Minimal_Default,/Game/StarterContent/Maps,/Game/StarterContent/Maps/Minimal_Default.Default__Minimal_Default_C,True,/Game/TopDownShooter/Ressources/StarterContent/Maps/Minimal_Default,"{""__audit_error__"": ""'AssetData' object has no attribute 'tags_and_values'""}"
/Game,Minimal_Default,ObjectRedirector,/Game/StarterContent/Maps/Minimal_Default,/Game/StarterContent/Maps,/Game/StarterContent/Maps/Minimal_Default.Minimal_Default,True,/Game/TopDownShooter/Ressources/StarterContent/Maps/Minimal_Default,"{""__audit_error__"": ""'AssetData' object has no attribute 'tags_and_values'""}"
/Game,Minimal_Default_C,ObjectRedirector,/Game/StarterContent/Maps/Minimal_Default,/Game/StarterContent/Maps,/Game/StarterContent/Maps/Minimal_Default.Minimal_Default_C,True,/Game/TopDownShooter/Ressources/StarterContent/Maps/Minimal_Default,"{""__audit_error__"": ""'AssetData' object has no attribute 'tags_and_values'""}"
/Game,Minimal_Default_BuiltData,ObjectRedirector,/Game/StarterContent/Maps/Minimal_Default_BuiltData,/Game/StarterContent/Maps,/Game/StarterContent/Maps/Minimal_Default_BuiltData.Minimal_Default_BuiltData,True,/Game/TopDownShooter/Ressources/StarterContent/Maps/Minimal_Default_BuiltData,"{""__audit_error__"": ""'AssetData' object has no attribute 'tags_and_values'""}"
/Game,Default__StarterMap_C,ObjectRedirector,/Game/StarterContent/Maps/StarterMap,/Game/StarterContent/Maps,/Game/StarterContent/Maps/StarterMap.Default__StarterMap_C,True,/Game/TopDownShooter/Ressources/StarterContent/Maps/StarterMap,"{""__audit_error__"": ""'AssetData' object has no attribute 'tags_and_values'""}"
/Game,StarterMap,ObjectRedirector,/Game/StarterContent/Maps/StarterMap,/Game/StarterContent/Maps,/Game/StarterContent/Maps/StarterMap.StarterMap,True,/Game/TopDownShooter/Ressources/StarterContent/Maps/StarterMap,"{""__audit_error__"": ""'AssetData' object has no attribute 'tags_and_values'""}"
/Game,StarterMap_C,ObjectRedirector,/Game/StarterContent/Maps/StarterMap,/Game/StarterContent/Maps,/Game/StarterContent/Maps/StarterMap.StarterMap_C,True,/Game/TopDownShooter/Ressources/StarterContent/Maps/StarterMap,"{""__audit_error__"": ""'AssetData' object has no attribute 'tags_and_values'""}"
/Game,StarterMap_BuiltData,ObjectRedirector,/Game/StarterContent/Maps/StarterMap_BuiltData,/Game/StarterContent/Maps,/Game/StarterContent/Maps/StarterMap_BuiltData.StarterMap_BuiltData,True,/Game/TopDownShooter/Ressources/StarterContent/Maps/StarterMap_BuiltData,"{""__audit_error__"": ""'AssetData' object has no attribute 'tags_and_values'""}"
/Game,M_AssetPlatform,ObjectRedirector,/Game/StarterContent/Materials/M_AssetPlatform,/Game/StarterContent/Materials,/Game/StarterContent/Materials/M_AssetPlatform.M_AssetPlatform,True,/Game/TopDownShooter/Ressources/StarterContent/Materials/M_AssetPlatform,"{""__audit_error__"": ""'AssetData' object has no attribute 'tags_and_values'""}"
/Game,M_Basic_Floor,ObjectRedirector,/Game/StarterContent/Materials/M_Basic_Floor,/Game/StarterContent/Materials,/Game/StarterContent/Materials/M_Basic_Floor.M_Basic_Floor,True,/Game/TopDownShooter/Ressources/StarterContent/Materials/M_Basic_Floor,"{""__audit_error__"": ""'AssetData' object has no attribute 'tags_and_values'""}"
/Game,M_Basic_Wall,ObjectRedirector,/Game/StarterContent/Materials/M_Basic_Wall,/Game/StarterContent/Materials,/Game/StarterContent/Materials/M_Basic_Wall.M_Basic_Wall,True,/Game/TopDownShooter/Ressources/StarterContent/Materials/M_Basic_Wall,"{""__audit_error__"": ""'AssetData' object has no attribute 'tags_and_values'""}"
/Game,M_Brick_Clay_Beveled,ObjectRedirector,/Game/StarterContent/Materials/M_Brick_Clay_Beveled,/Game/StarterContent/Materials,/Game/StarterContent/Materials/M_Brick_Clay_Beveled.M_Brick_Clay_Beveled,True,/Game/TopDownShooter/Ressources/StarterContent/Materials/M_Brick_Clay_Beveled,"{""__audit_error__"": ""'AssetData' object has no attribute 'tags_and_values'""}"
/Game,M_Brick_Clay_New,ObjectRedirector,/Game/StarterContent/Materials/M_Brick_Clay_New,/Game/StarterContent/Materials,/Game/StarterContent/Materials/M_Brick_Clay_New.M_Brick_Clay_New,True,/Game/TopDownShooter/Ressources/StarterContent/Materials/M_Brick_Clay_New,"{""__audit_error__"": ""'AssetData' object has no attribute 'tags_and_values'""}"
/Game,M_Brick_Clay_Old,ObjectRedirector,/Game/StarterContent/Materials/M_Brick_Clay_Old,/Game/StarterContent/Materials,/Game/StarterContent/Materials/M_Brick_Clay_Old.M_Brick_Clay_Old,True,/Game/TopDownShooter/Ressources/StarterContent/Materials/M_Brick_Clay_Old,"{""__audit_error__"": ""'AssetData' object has no attribute 'tags_and_values'""}"
/Game,M_Brick_Cut_Stone,ObjectRedirector,/Game/StarterContent/Materials/M_Brick_Cut_Stone,/Game/StarterContent/Materials,/Game/StarterContent/Materials/M_Brick_Cut_Stone.M_Brick_Cut_Stone,True,/Game/TopDownShooter/Ressources/StarterContent/Materials/M_Brick_Cut_Stone,"{""__audit_error__"": ""'AssetData' object has no attribute 'tags_and_values'""}"
/Game,M_Brick_Hewn_Stone,ObjectRedirector,/Game/StarterContent/Materials/M_Brick_Hewn_Stone,/Game/StarterContent/Materials,/Game/StarterContent/Materials/M_Brick_Hewn_Stone.M_Brick_Hewn_Stone,True,/Game/TopDownShooter/Ressources/StarterContent/Materials/M_Brick_Hewn_Stone,"{""__audit_error__"": ""'AssetData' object has no attribute 'tags_and_values'""}"
/Game,M_Ceramic_Tile_Checker,ObjectRedirector,/Game/StarterContent/Materials/M_Ceramic_Tile_Checker,/Game/StarterContent/Materials,/Game/StarterContent/Materials/M_Ceramic_Tile_Checker.M_Ceramic_Tile_Checker,True,/Game/TopDownShooter/Ressources/StarterContent/Materials/M_Ceramic_Tile_Checker,"{""__audit_error__"": ""'AssetData' object has no attribute 'tags_and_values'""}"
/Game,M_CobbleStone_Pebble,ObjectRedirector,/Game/StarterContent/Materials/M_CobbleStone_Pebble,/Game/StarterContent/Materials,/Game/StarterContent/Materials/M_CobbleStone_Pebble.M_CobbleStone_Pebble,True,/Game/TopDownShooter/Ressources/StarterContent/Materials/M_CobbleStone_Pebble,"{""__audit_error__"": ""'AssetData' object has no attribute 'tags_and_values'""}"
/Game,M_CobbleStone_Rough,ObjectRedirector,/Game/StarterContent/Materials/M_CobbleStone_Rough,/Game/StarterContent/Materials,/Game/StarterContent/Materials/M_CobbleStone_Rough.M_CobbleStone_Rough,True,/Game/TopDownShooter/Ressources/StarterContent/Materials/M_CobbleStone_Rough,"{""__audit_error__"": ""'AssetData' object has no attribute 'tags_and_values'""}"
/Game,M_CobbleStone_Smooth,ObjectRedirector,/Game/StarterContent/Materials/M_CobbleStone_Smooth,/Game/StarterContent/Materials,/Game/StarterContent/Materials/M_CobbleStone_Smooth.M_CobbleStone_Smooth,True,/Game/TopDownShooter/Ressources/StarterContent/Materials/M_CobbleStone_Smooth,"{""__audit_error__"": ""'AssetData' object has no attribute 'tags_and_values'""}"
/Game,M_ColorGrid_LowSpec,ObjectRedirector,/Game/StarterContent/Materials/M_ColorGrid_LowSpec,/Game/StarterContent/Materials,/Game/StarterContent/Materials/M_ColorGrid_LowSpec.M_ColorGrid_LowSpec,True,/Game/TopDownShooter/Ressources/StarterContent/Materials/M_ColorGrid_LowSpec,"{""__audit_error__"": ""'AssetData' object has no attribute 'tags_and_values'""}"
/Game,M_Concrete_Grime,ObjectRedirector,/Game/StarterContent/Materials/M_Concrete_Grime,/Game/StarterContent/Materials,/Game/StarterContent/Materials/M_Concrete_Grime.M_Concrete_Grime,True,/Game/TopDownShooter/Ressources/StarterContent/Materials/M_Concrete_Grime,"{""__audit_error__"": ""'AssetData' object has no attribute 'tags_and_values'""}"
/Game,M_Concrete_Panels,ObjectRedirector,/Game/StarterContent/Materials/M_Concrete_Panels,/Game/StarterContent/Materials,/Game/StarterContent/Materials/M_Concrete_Panels.M_Concrete_Panels,True,/Game/TopDownShooter/Ressources/StarterContent/Materials/M_Concrete_Panels,"{""__audit_error__"": ""'AssetData' object has no attribute 'tags_and_values'""}"
/Game,M_Concrete_Poured,ObjectRedirector,/Game/StarterContent/Materials/M_Concrete_Poured,/Game/StarterContent/Materials,/Game/StarterContent/Materials/M_Concrete_Poured.M_Concrete_Poured,True,/Game/TopDownShooter/Ressources/StarterContent/Materials/M_Concrete_Poured,"{""__audit_error__"": ""'AssetData' object has no attribute 'tags_and_values'""}"
/Game,M_Concrete_Tiles,ObjectRedirector,/Game/StarterContent/Materials/M_Concrete_Tiles,/Game/StarterContent/Materials,/Game/StarterContent/Materials/M_Concrete_Tiles.M_Concrete_Tiles,True,/Game/TopDownShooter/Ressources/StarterContent/Materials/M_Concrete_Tiles,"{""__audit_error__"": ""'AssetData' object has no attribute 'tags_and_values'""}"
/Game,M_Glass,ObjectRedirector,/Game/StarterContent/Materials/M_Glass,/Game/StarterContent/Materials,/Game/StarterContent/Materials/M_Glass.M_Glass,True,/Game/TopDownShooter/Ressources/StarterContent/Materials/M_Glass,"{""__audit_error__"": ""'AssetData' object has no attribute 'tags_and_values'""}"
/Game,M_Ground_Grass,ObjectRedirector,/Game/StarterContent/Materials/M_Ground_Grass,/Game/StarterContent/Materials,/Game/StarterContent/Materials/M_Ground_Grass.M_Ground_Grass,True,/Game/TopDownShooter/Ressources/StarterContent/Materials/M_Ground_Grass,"{""__audit_error__"": ""'AssetData' object has no attribute 'tags_and_values'""}"
/Game,M_Ground_Gravel,ObjectRedirector,/Game/StarterContent/Materials/M_Ground_Gravel,/Game/StarterContent/Materials,/Game/StarterContent/Materials/M_Ground_Gravel.M_Ground_Gravel,True,/Game/TopDownShooter/Ressources/StarterContent/Materials/M_Ground_Gravel,"{""__audit_error__"": ""'AssetData' object has no attribute 'tags_and_values'""}"
/Game,M_Ground_Moss,ObjectRedirector,/Game/StarterContent/Materials/M_Ground_Moss,/Game/StarterContent/Materials,/Game/StarterContent/Materials/M_Ground_Moss.M_Ground_Moss,True,/Game/TopDownShooter/Ressources/StarterContent/Materials/M_Ground_Moss,"{""__audit_error__"": ""'AssetData' object has no attribute 'tags_and_values'""}"
/Game,M_Metal_Brushed_Nickel,ObjectRedirector,/Game/StarterContent/Materials/M_Metal_Brushed_Nickel,/Game/StarterContent/Materials,/Game/StarterContent/Materials/M_Metal_Brushed_Nickel.M_Metal_Brushed_Nickel,True,/Game/TopDownShooter/Ressources/StarterContent/Materials/M_Metal_Brushed_Nickel,"{""__audit_error__"": ""'AssetData' object has no attribute 'tags_and_values'""}"
/Game,M_Metal_Burnished_Steel,ObjectRedirector,/Game/StarterContent/Materials/M_Metal_Burnished_Steel,/Game/StarterContent/Materials,/Game/StarterContent/Materials/M_Metal_Burnished_Steel.M_Metal_Burnished_Steel,True,/Game/TopDownShooter/Ressources/StarterContent/Materials/M_Metal_Burnished_Steel,"{""__audit_error__"": ""'AssetData' object has no attribute 'tags_and_values'""}"
/Game,M_Metal_Chrome,ObjectRedirector,/Game/StarterContent/Materials/M_Metal_Chrome,/Game/StarterContent/Materials,/Game/StarterContent/Materials/M_Metal_Chrome.M_Metal_Chrome,True,/Game/TopDownShooter/Ressources/StarterContent/Materials/M_Metal_Chrome,"{""__audit_error__"": ""'AssetData' object has no attribute 'tags_and_values'""}"
/Game,M_Metal_Copper,ObjectRedirector,/Game/StarterContent/Materials/M_Metal_Copper,/Game/StarterContent/Materials,/Game/StarterContent/Materials/M_Metal_Copper.M_Metal_Copper,True,/Game/TopDownShooter/Ressources/StarterContent/Materials/M_Metal_Copper,"{""__audit_error__"": ""'AssetData' object has no attribute 'tags_and_values'""}"
/Game,M_Metal_Gold,ObjectRedirector,/Game/StarterContent/Materials/M_Metal_Gold,/Game/StarterContent/Materials,/Game/StarterContent/Materials/M_Metal_Gold.M_Metal_Gold,True,/Game/TopDownShooter/Ressources/StarterContent/Materials/M_Metal_Gold,"{""__audit_error__"": ""'AssetData' object has no attribute 'tags_and_values'""}"
/Game,M_Metal_Rust,ObjectRedirector,/Game/StarterContent/Materials/M_Metal_Rust,/Game/StarterContent/Materials,/Game/StarterContent/Materials/M_Metal_Rust.M_Metal_Rust,True,/Game/TopDownShooter/Ressources/StarterContent/Materials/M_Metal_Rust,"{""__audit_error__"": ""'AssetData' object has no attribute 'tags_and_values'""}"
/Game,M_Metal_Steel,ObjectRedirector,/Game/StarterContent/Materials/M_Metal_Steel,/Game/StarterContent/Materials,/Game/StarterContent/Materials/M_Metal_Steel.M_Metal_Steel,True,/Game/TopDownShooter/Ressources/StarterContent/Materials/M_Metal_Steel,"{""__audit_error__"": ""'AssetData' object has no attribute 'tags_and_values'""}"
/Game,M_Rock_Basalt,ObjectRedirector,/Game/StarterContent/Materials/M_Rock_Basalt,/Game/StarterContent/Materials,/Game/StarterContent/Materials/M_Rock_Basalt.M_Rock_Basalt,True,/Game/TopDownShooter/Ressources/StarterContent/Materials/M_Rock_Basalt,"{""__audit_error__"": ""'AssetData' object has no attribute 'tags_and_values'""}"
/Game,M_Rock_Marble_Polished,ObjectRedirector,/Game/StarterContent/Materials/M_Rock_Marble_Polished,/Game/StarterContent/Materials,/Game/StarterContent/Materials/M_Rock_Marble_Polished.M_Rock_Marble_Polished,True,/Game/TopDownShooter/Ressources/StarterContent/Materials/M_Rock_Marble_Polished,"{""__audit_error__"": ""'AssetData' object has no attribute 'tags_and_values'""}"
/Game,M_Rock_Sandstone,ObjectRedirector,/Game/StarterContent/Materials/M_Rock_Sandstone,/Game/StarterContent/Materials,/Game/StarterContent/Materials/M_Rock_Sandstone.M_Rock_Sandstone,True,/Game/TopDownShooter/Ressources/StarterContent/Materials/M_Rock_Sandstone,"{""__audit_error__"": ""'AssetData' object has no attribute 'tags_and_values'""}"
/Game,M_Rock_Slate,ObjectRedirector,/Game/StarterContent/Materials/M_Rock_Slate,/Game/StarterContent/Materials,/Game/StarterContent/Materials/M_Rock_Slate.M_Rock_Slate,True,/Game/TopDownShooter/Ressources/StarterContent/Materials/M_Rock_Slate,"{""__audit_error__"": ""'AssetData' object has no attribute 'tags_and_values'""}"
/Game,M_Tech_Checker_Dot,ObjectRedirector,/Game/StarterContent/Materials/M_Tech_Checker_Dot,/Game/StarterContent/Materials,/Game/StarterContent/Materials/M_Tech_Checker_Dot.M_Tech_Checker_Dot,True,/Game/TopDownShooter/Ressources/StarterContent/Materials/M_Tech_Checker_Dot,"{""__audit_error__"": ""'AssetData' object has no attribute 'tags_and_values'""}"
/Game,M_Tech_Hex_Tile,ObjectRedirector,/Game/StarterContent/Materials/M_Tech_Hex_Tile,/Game/StarterContent/Materials,/Game/StarterContent/Materials/M_Tech_Hex_Tile.M_Tech_Hex_Tile,True,/Game/TopDownShooter/Ressources/StarterContent/Materials/M_Tech_Hex_Tile,"{""__audit_error__"": ""'AssetData' object has no attribute 'tags_and_values'""}"
/Game,M_Tech_Hex_Tile_Pulse,ObjectRedirector,/Game/StarterContent/Materials/M_Tech_Hex_Tile_Pulse,/Game/StarterContent/Materials,/Game/StarterContent/Materials/M_Tech_Hex_Tile_Pulse.M_Tech_Hex_Tile_Pulse,True,/Game/TopDownShooter/Ressources/StarterContent/Materials/M_Tech_Hex_Tile_Pulse,"{""__audit_error__"": ""'AssetData' object has no attribute 'tags_and_values'""}"
/Game,M_Tech_Panel,ObjectRedirector,/Game/StarterContent/Materials/M_Tech_Panel,/Game/StarterContent/Materials,/Game/StarterContent/Materials/M_Tech_Panel.M_Tech_Panel,True,/Game/TopDownShooter/Ressources/StarterContent/Materials/M_Tech_Panel,"{""__audit_error__"": ""'AssetData' object has no attribute 'tags_and_values'""}"
/Game,M_Water_Lake,ObjectRedirector,/Game/StarterContent/Materials/M_Water_Lake,/Game/StarterContent/Materials,/Game/StarterContent/Materials/M_Water_Lake.M_Water_Lake,True,/Game/TopDownShooter/Ressources/StarterContent/Materials/M_Water_Lake,"{""__audit_error__"": ""'AssetData' object has no attribute 'tags_and_values'""}"
/Game,M_Water_Ocean,ObjectRedirector,/Game/StarterContent/Materials/M_Water_Ocean,/Game/StarterContent/Materials,/Game/StarterContent/Materials/M_Water_Ocean.M_Water_Ocean,True,/Game/TopDownShooter/Ressources/StarterContent/Materials/M_Water_Ocean,"{""__audit_error__"": ""'AssetData' object has no attribute 'tags_and_values'""}"
/Game,M_Wood_Floor_Walnut_Polished,ObjectRedirector,/Game/StarterContent/Materials/M_Wood_Floor_Walnut_Polished,/Game/StarterContent/Materials,/Game/StarterContent/Materials/M_Wood_Floor_Walnut_Polished.M_Wood_Floor_Walnut_Polished,True,/Game/TopDownShooter/Ressources/StarterContent/Materials/M_Wood_Floor_Walnut_Polished,"{""__audit_error__"": ""'AssetData' object has no attribute 'tags_and_values'""}"
/Game,M_Wood_Floor_Walnut_Worn,ObjectRedirector,/Game/StarterContent/Materials/M_Wood_Floor_Walnut_Worn,/Game/StarterContent/Materials,/Game/StarterContent/Materials/M_Wood_Floor_Walnut_Worn.M_Wood_Floor_Walnut_Worn,True,/Game/TopDownShooter/Ressources/StarterContent/Materials/M_Wood_Floor_Walnut_Worn,"{""__audit_error__"": ""'AssetData' object has no attribute 'tags_and_values'""}"
/Game,M_Wood_Oak,ObjectRedirector,/Game/StarterContent/Materials/M_Wood_Oak,/Game/StarterContent/Materials,/Game/StarterContent/Materials/M_Wood_Oak.M_Wood_Oak,True,/Game/TopDownShooter/Ressources/StarterContent/Materials/M_Wood_Oak,"{""__audit_error__"": ""'AssetData' object has no attribute 'tags_and_values'""}"
/Game,M_Wood_Pine,ObjectRedirector,/Game/StarterContent/Materials/M_Wood_Pine,/Game/StarterContent/Materials,/Game/StarterContent/Materials/M_Wood_Pine.M_Wood_Pine,True,/Game/TopDownShooter/Ressources/StarterContent/Materials/M_Wood_Pine,"{""__audit_error__"": ""'AssetData' object has no attribute 'tags_and_values'""}"
/Game,M_Wood_Walnut,ObjectRedirector,/Game/StarterContent/Materials/M_Wood_Walnut,/Game/StarterContent/Materials,/Game/StarterContent/Materials/M_Wood_Walnut.M_Wood_Walnut,True,/Game/TopDownShooter/Ressources/StarterContent/Materials/M_Wood_Walnut,"{""__audit_error__"": ""'AssetData' object has no attribute 'tags_and_values'""}"
/Game,M_Burst,ObjectRedirector,/Game/StarterContent/Particles/Materials/M_Burst,/Game/StarterContent/Particles/Materials,/Game/StarterContent/Particles/Materials/M_Burst.M_Burst,True,/Game/TopDownShooter/Ressources/StarterContent/Particles/Materials/M_Burst,"{""__audit_error__"": ""'AssetData' object has no attribute 'tags_and_values'""}"
/Game,M_Dust_Particle,ObjectRedirector,/Game/StarterContent/Particles/Materials/M_Dust_Particle,/Game/StarterContent/Particles/Materials,/Game/StarterContent/Particles/Materials/M_Dust_Particle.M_Dust_Particle,True,/Game/TopDownShooter/Ressources/StarterContent/Particles/Materials/M_Dust_Particle,"{""__audit_error__"": ""'AssetData' object has no attribute 'tags_and_values'""}"
/Game,M_explosion_subUV,ObjectRedirector,/Game/StarterContent/Particles/Materials/M_explosion_subUV,/Game/StarterContent/Particles/Materials,/Game/StarterContent/Particles/Materials/M_explosion_subUV.M_explosion_subUV,True,/Game/TopDownShooter/Ressources/StarterContent/Particles/Materials/M_explosion_subUV,"{""__audit_error__"": ""'AssetData' object has no attribute 'tags_and_values'""}"
/Game,M_Fire_SubUV,ObjectRedirector,/Game/StarterContent/Particles/Materials/M_Fire_SubUV,/Game/StarterContent/Particles/Materials,/Game/StarterContent/Particles/Materials/M_Fire_SubUV.M_Fire_SubUV,True,/Game/TopDownShooter/Ressources/StarterContent/Particles/Materials/M_Fire_SubUV,"{""__audit_error__"": ""'AssetData' object has no attribute 'tags_and_values'""}"
/Game,m_flare_01,ObjectRedirector,/Game/StarterContent/Particles/Materials/m_flare_01,/Game/StarterContent/Particles/Materials,/Game/StarterContent/Particles/Materials/m_flare_01.m_flare_01,True,/Game/TopDownShooter/Ressources/StarterContent/Particles/Materials/m_flare_01,"{""__audit_error__"": ""'AssetData' object has no attribute 'tags_and_values'""}"
/Game,M_Heat_Distortion,ObjectRedirector,/Game/StarterContent/Particles/Materials/M_Heat_Distortion,/Game/StarterContent/Particles/Materials,/Game/StarterContent/Particles/Materials/M_Heat_Distortion.M_Heat_Distortion,True,/Game/TopDownShooter/Ressources/StarterContent/Particles/Materials/M_Heat_Distortion,"{""__audit_error__"": ""'AssetData' object has no attribute 'tags_and_values'""}"
/Game,M_Radial_Gradient,ObjectRedirector,/Game/StarterContent/Particles/Materials/M_Radial_Gradient,/Game/StarterContent/Particles/Materials,/Game/StarterContent/Particles/Materials/M_Radial_Gradient.M_Radial_Gradient,True,/Game/TopDownShooter/Ressources/StarterContent/Particles/Materials/M_Radial_Gradient,"{""__audit_error__"": ""'AssetData' object has no attribute 'tags_and_values'""}"
/Game,M_radial_ramp,ObjectRedirector,/Game/StarterContent/Particles/Materials/M_radial_ramp,/Game/StarterContent/Particles/Materials,/Game/StarterContent/Particles/Materials/M_radial_ramp.M_radial_ramp,True,/Game/TopDownShooter/Ressources/StarterContent/Particles/Materials/M_radial_ramp,"{""__audit_error__"": ""'AssetData' object has no attribute 'tags_and_values'""}"
/Game,M_smoke_subUV,ObjectRedirector,/Game/StarterContent/Particles/Materials/M_smoke_subUV,/Game/StarterContent/Particles/Materials,/Game/StarterContent/Particles/Materials/M_smoke_subUV.M_smoke_subUV,True,/Game/TopDownShooter/Ressources/StarterContent/Particles/Materials/M_smoke_subUV,"{""__audit_error__"": ""'AssetData' object has no attribute 'tags_and_values'""}"
/Game,M_Spark,ObjectRedirector,/Game/StarterContent/Particles/Materials/M_Spark,/Game/StarterContent/Particles/Materials,/Game/StarterContent/Particles/Materials/M_Spark.M_Spark,True,/Game/TopDownShooter/Ressources/StarterContent/Particles/Materials/M_Spark,"{""__audit_error__"": ""'AssetData' object has no attribute 'tags_and_values'""}"
/Game,P_Ambient_Dust,ObjectRedirector,/Game/StarterContent/Particles/P_Ambient_Dust,/Game/StarterContent/Particles,/Game/StarterContent/Particles/P_Ambient_Dust.P_Ambient_Dust,True,/Game/TopDownShooter/Ressources/StarterContent/Particles/P_Ambient_Dust,"{""__audit_error__"": ""'AssetData' object has no attribute 'tags_and_values'""}"
/Game,P_Explosion,ObjectRedirector,/Game/StarterContent/Particles/P_Explosion,/Game/StarterContent/Particles,/Game/StarterContent/Particles/P_Explosion.P_Explosion,True,/Game/TopDownShooter/Ressources/StarterContent/Particles/P_Explosion,"{""__audit_error__"": ""'AssetData' object has no attribute 'tags_and_values'""}"
/Game,P_Fire,ObjectRedirector,/Game/StarterContent/Particles/P_Fire,/Game/StarterContent/Particles,/Game/StarterContent/Particles/P_Fire.P_Fire,True,/Game/TopDownShooter/Ressources/StarterContent/Particles/P_Fire,"{""__audit_error__"": ""'AssetData' object has no attribute 'tags_and_values'""}"
/Game,P_Smoke,ObjectRedirector,/Game/StarterContent/Particles/P_Smoke,/Game/StarterContent/Particles,/Game/StarterContent/Particles/P_Smoke.P_Smoke,True,/Game/TopDownShooter/Ressources/StarterContent/Particles/P_Smoke,"{""__audit_error__"": ""'AssetData' object has no attribute 'tags_and_values'""}"
/Game,P_Sparks,ObjectRedirector,/Game/StarterContent/Particles/P_Sparks,/Game/StarterContent/Particles,/Game/StarterContent/Particles/P_Sparks.P_Sparks,True,/Game/TopDownShooter/Ressources/StarterContent/Particles/P_Sparks,"{""__audit_error__"": ""'AssetData' object has no attribute 'tags_and_values'""}"
/Game,P_Steam_Lit,ObjectRedirector,/Game/StarterContent/Particles/P_Steam_Lit,/Game/StarterContent/Particles,/Game/StarterContent/Particles/P_Steam_Lit.P_Steam_Lit,True,/Game/TopDownShooter/Ressources/StarterContent/Particles/P_Steam_Lit,"{""__audit_error__"": ""'AssetData' object has no attribute 'tags_and_values'""}"
/Game,M_Bush,ObjectRedirector,/Game/StarterContent/Props/Materials/M_Bush,/Game/StarterContent/Props/Materials,/Game/StarterContent/Props/Materials/M_Bush.M_Bush,True,/Game/TopDownShooter/Ressources/StarterContent/Props/Materials/M_Bush,"{""__audit_error__"": ""'AssetData' object has no attribute 'tags_and_values'""}"
/Game,M_Chair,ObjectRedirector,/Game/StarterContent/Props/Materials/M_Chair,/Game/StarterContent/Props/Materials,/Game/StarterContent/Props/Materials/M_Chair.M_Chair,True,/Game/TopDownShooter/Ressources/StarterContent/Props/Materials/M_Chair,"{""__audit_error__"": ""'AssetData' object has no attribute 'tags_and_values'""}"
/Game,M_Door,ObjectRedirector,/Game/StarterContent/Props/Materials/M_Door,/Game/StarterContent/Props/Materials,/Game/StarterContent/Props/Materials/M_Door.M_Door,True,/Game/TopDownShooter/Ressources/StarterContent/Props/Materials/M_Door,"{""__audit_error__"": ""'AssetData' object has no attribute 'tags_and_values'""}"
/Game,M_Frame,ObjectRedirector,/Game/StarterContent/Props/Materials/M_Frame,/Game/StarterContent/Props/Materials,/Game/StarterContent/Props/Materials/M_Frame.M_Frame,True,/Game/TopDownShooter/Ressources/StarterContent/Props/Materials/M_Frame,"{""__audit_error__"": ""'AssetData' object has no attribute 'tags_and_values'""}"
/Game,M_Lamp,ObjectRedirector,/Game/StarterContent/Props/Materials/M_Lamp,/Game/StarterContent/Props/Materials,/Game/StarterContent/Props/Materials/M_Lamp.M_Lamp,True,/Game/TopDownShooter/Ressources/StarterContent/Props/Materials/M_Lamp,"{""__audit_error__"": ""'AssetData' object has no attribute 'tags_and_values'""}"
/Game,M_Rock,ObjectRedirector,/Game/StarterContent/Props/Materials/M_Rock,/Game/StarterContent/Props/Materials,/Game/StarterContent/Props/Materials/M_Rock.M_Rock,True,/Game/TopDownShooter/Ressources/StarterContent/Props/Materials/M_Rock,"{""__audit_error__"": ""'AssetData' object has no attribute 'tags_and_values'""}"
/Game,M_Shelf,ObjectRedirector,/Game/StarterContent/Props/Materials/M_Shelf,/Game/StarterContent/Props/Materials,/Game/StarterContent/Props/Materials/M_Shelf.M_Shelf,True,/Game/TopDownShooter/Ressources/StarterContent/Props/Materials/M_Shelf,"{""__audit_error__"": ""'AssetData' object has no attribute 'tags_and_values'""}"
/Game,M_Statue,ObjectRedirector,/Game/StarterContent/Props/Materials/M_Statue,/Game/StarterContent/Props/Materials,/Game/StarterContent/Props/Materials/M_Statue.M_Statue,True,/Game/TopDownShooter/Ressources/StarterContent/Props/Materials/M_Statue,"{""__audit_error__"": ""'AssetData' object has no attribute 'tags_and_values'""}"
/Game,M_StatueGlass,ObjectRedirector,/Game/StarterContent/Props/Materials/M_StatueGlass,/Game/StarterContent/Props/Materials,/Game/StarterContent/Props/Materials/M_StatueGlass.M_StatueGlass,True,/Game/TopDownShooter/Ressources/StarterContent/Props/Materials/M_StatueGlass,"{""__audit_error__"": ""'AssetData' object has no attribute 'tags_and_values'""}"
/Game,M_TableRound,ObjectRedirector,/Game/StarterContent/Props/Materials/M_TableRound,/Game/StarterContent/Props/Materials,/Game/StarterContent/Props/Materials/M_TableRound.M_TableRound,True,/Game/TopDownShooter/Ressources/StarterContent/Props/Materials/M_TableRound,"{""__audit_error__"": ""'AssetData' object has no attribute 'tags_and_values'""}"
/Game,MaterialSphere,ObjectRedirector,/Game/StarterContent/Props/MaterialSphere,/Game/StarterContent/Props,/Game/StarterContent/Props/MaterialSphere.MaterialSphere,True,/Game/TopDownShooter/Ressources/StarterContent/Props/MaterialSphere,"{""__audit_error__"": ""'AssetData' object has no attribute 'tags_and_values'""}"
/Game,SM_Bush,ObjectRedirector,/Game/StarterContent/Props/SM_Bush,/Game/StarterContent/Props,/Game/StarterContent/Props/SM_Bush.SM_Bush,True,/Game/TopDownShooter/Ressources/StarterContent/Props/SM_Bush,"{""__audit_error__"": ""'AssetData' object has no attribute 'tags_and_values'""}"
/Game,SM_Chair,ObjectRedirector,/Game/StarterContent/Props/SM_Chair,/Game/StarterContent/Props,/Game/StarterContent/Props/SM_Chair.SM_Chair,True,/Game/TopDownShooter/Ressources/StarterContent/Props/SM_Chair,"{""__audit_error__"": ""'AssetData' object has no attribute 'tags_and_values'""}"
/Game,SM_CornerFrame,ObjectRedirector,/Game/StarterContent/Props/SM_CornerFrame,/Game/StarterContent/Props,/Game/StarterContent/Props/SM_CornerFrame.SM_CornerFrame,True,/Game/TopDownShooter/Ressources/StarterContent/Props/SM_CornerFrame,"{""__audit_error__"": ""'AssetData' object has no attribute 'tags_and_values'""}"
/Game,SM_Couch,ObjectRedirector,/Game/StarterContent/Props/SM_Couch,/Game/StarterContent/Props,/Game/StarterContent/Props/SM_Couch.SM_Couch,True,/Game/TopDownShooter/Ressources/StarterContent/Props/SM_Couch,"{""__audit_error__"": ""'AssetData' object has no attribute 'tags_and_values'""}"
/Game,SM_Door,ObjectRedirector,/Game/StarterContent/Props/SM_Door,/Game/StarterContent/Props,/Game/StarterContent/Props/SM_Door.SM_Door,True,/Game/TopDownShooter/Ressources/StarterContent/Props/SM_Door,"{""__audit_error__"": ""'AssetData' object has no attribute 'tags_and_values'""}"
/Game,SM_DoorFrame,ObjectRedirector,/Game/StarterContent/Props/SM_DoorFrame,/Game/StarterContent/Props,/Game/StarterContent/Props/SM_DoorFrame.SM_DoorFrame,True,/Game/TopDownShooter/Ressources/StarterContent/Props/SM_DoorFrame,"{""__audit_error__"": ""'AssetData' object has no attribute 'tags_and_values'""}"
/Game,SM_GlassWindow,ObjectRedirector,/Game/StarterContent/Props/SM_GlassWindow,/Game/StarterContent/Props,/Game/StarterContent/Props/SM_GlassWindow.SM_GlassWindow,True,/Game/TopDownShooter/Ressources/StarterContent/Props/SM_GlassWindow,"{""__audit_error__"": ""'AssetData' object has no attribute 'tags_and_values'""}"
/Game,SM_Lamp_Ceiling,ObjectRedirector,/Game/StarterContent/Props/SM_Lamp_Ceiling,/Game/StarterContent/Props,/Game/StarterContent/Props/SM_Lamp_Ceiling.SM_Lamp_Ceiling,True,/Game/TopDownShooter/Ressources/StarterContent/Props/SM_Lamp_Ceiling,"{""__audit_error__"": ""'AssetData' object has no attribute 'tags_and_values'""}"
/Game,SM_Lamp_Wall,ObjectRedirector,/Game/StarterContent/Props/SM_Lamp_Wall,/Game/StarterContent/Props,/Game/StarterContent/Props/SM_Lamp_Wall.SM_Lamp_Wall,True,/Game/TopDownShooter/Ressources/StarterContent/Props/SM_Lamp_Wall,"{""__audit_error__"": ""'AssetData' object has no attribute 'tags_and_values'""}"
/Game,SM_PillarFrame,ObjectRedirector,/Game/StarterContent/Props/SM_PillarFrame,/Game/StarterContent/Props,/Game/StarterContent/Props/SM_PillarFrame.SM_PillarFrame,True,/Game/TopDownShooter/Ressources/StarterContent/Props/SM_PillarFrame,"{""__audit_error__"": ""'AssetData' object has no attribute 'tags_and_values'""}"
/Game,SM_PillarFrame300,ObjectRedirector,/Game/StarterContent/Props/SM_PillarFrame300,/Game/StarterContent/Props,/Game/StarterContent/Props/SM_PillarFrame300.SM_PillarFrame300,True,/Game/TopDownShooter/Ressources/StarterContent/Props/SM_PillarFrame300,"{""__audit_error__"": ""'AssetData' object has no attribute 'tags_and_values'""}"
/Game,SM_Rock,ObjectRedirector,/Game/StarterContent/Props/SM_Rock,/Game/StarterContent/Props,/Game/StarterContent/Props/SM_Rock.SM_Rock,True,/Game/TopDownShooter/Ressources/StarterContent/Props/SM_Rock,"{""__audit_error__"": ""'AssetData' object has no attribute 'tags_and_values'""}"
/Game,SM_Shelf,ObjectRedirector,/Game/StarterContent/Props/SM_Shelf,/Game/StarterContent/Props,/Game/StarterContent/Props/SM_Shelf.SM_Shelf,True,/Game/TopDownShooter/Ressources/StarterContent/Props/SM_Shelf,"{""__audit_error__"": ""'AssetData' object has no attribute 'tags_and_values'""}"
/Game,SM_Stairs,ObjectRedirector,/Game/StarterContent/Props/SM_Stairs,/Game/StarterContent/Props,/Game/StarterContent/Props/SM_Stairs.SM_Stairs,True,/Game/TopDownShooter/Ressources/StarterContent/Props/SM_Stairs,"{""__audit_error__"": ""'AssetData' object has no attribute 'tags_and_values'""}"
/Game,SM_Statue,ObjectRedirector,/Game/StarterContent/Props/SM_Statue,/Game/StarterContent/Props,/Game/StarterContent/Props/SM_Statue.SM_Statue,True,/Game/TopDownShooter/Ressources/StarterContent/Props/SM_Statue,"{""__audit_error__"": ""'AssetData' object has no attribute 'tags_and_values'""}"
/Game,SM_TableRound,ObjectRedirector,/Game/StarterContent/Props/SM_TableRound,/Game/StarterContent/Props,/Game/StarterContent/Props/SM_TableRound.SM_TableRound,True,/Game/TopDownShooter/Ressources/StarterContent/Props/SM_TableRound,"{""__audit_error__"": ""'AssetData' object has no attribute 'tags_and_values'""}"
/Game,SM_WindowFrame,ObjectRedirector,/Game/StarterContent/Props/SM_WindowFrame,/Game/StarterContent/Props,/Game/StarterContent/Props/SM_WindowFrame.SM_WindowFrame,True,/Game/TopDownShooter/Ressources/StarterContent/Props/SM_WindowFrame,"{""__audit_error__"": ""'AssetData' object has no attribute 'tags_and_values'""}"
/Game,Shape_Cone,ObjectRedirector,/Game/StarterContent/Shapes/Shape_Cone,/Game/StarterContent/Shapes,/Game/StarterContent/Shapes/Shape_Cone.Shape_Cone,True,/Game/TopDownShooter/Ressources/StarterContent/Shapes/Shape_Cone,"{""__audit_error__"": ""'AssetData' object has no attribute 'tags_and_values'""}"
/Game,Shape_Cube,ObjectRedirector,/Game/StarterContent/Shapes/Shape_Cube,/Game/StarterContent/Shapes,/Game/StarterContent/Shapes/Shape_Cube.Shape_Cube,True,/Game/TopDownShooter/Ressources/StarterContent/Shapes/Shape_Cube,"{""__audit_error__"": ""'AssetData' object has no attribute 'tags_and_values'""}"
/Game,Shape_Cylinder,ObjectRedirector,/Game/StarterContent/Shapes/Shape_Cylinder,/Game/StarterContent/Shapes,/Game/StarterContent/Shapes/Shape_Cylinder.Shape_Cylinder,True,/Game/TopDownShooter/Ressources/StarterContent/Shapes/Shape_Cylinder,"{""__audit_error__"": ""'AssetData' object has no attribute 'tags_and_values'""}"
/Game,Shape_NarrowCapsule,ObjectRedirector,/Game/StarterContent/Shapes/Shape_NarrowCapsule,/Game/StarterContent/Shapes,/Game/StarterContent/Shapes/Shape_NarrowCapsule.Shape_NarrowCapsule,True,/Game/TopDownShooter/Ressources/StarterContent/Shapes/Shape_NarrowCapsule,"{""__audit_error__"": ""'AssetData' object has no attribute 'tags_and_values'""}"
/Game,Shape_Pipe,ObjectRedirector,/Game/StarterContent/Shapes/Shape_Pipe,/Game/StarterContent/Shapes,/Game/StarterContent/Shapes/Shape_Pipe.Shape_Pipe,True,/Game/TopDownShooter/Ressources/StarterContent/Shapes/Shape_Pipe,"{""__audit_error__"": ""'AssetData' object has no attribute 'tags_and_values'""}"
/Game,Shape_Pipe_180,ObjectRedirector,/Game/StarterContent/Shapes/Shape_Pipe_180,/Game/StarterContent/Shapes,/Game/StarterContent/Shapes/Shape_Pipe_180.Shape_Pipe_180,True,/Game/TopDownShooter/Ressources/StarterContent/Shapes/Shape_Pipe_180,"{""__audit_error__"": ""'AssetData' object has no attribute 'tags_and_values'""}"
/Game,Shape_Pipe_90,ObjectRedirector,/Game/StarterContent/Shapes/Shape_Pipe_90,/Game/StarterContent/Shapes,/Game/StarterContent/Shapes/Shape_Pipe_90.Shape_Pipe_90,True,/Game/TopDownShooter/Ressources/StarterContent/Shapes/Shape_Pipe_90,"{""__audit_error__"": ""'AssetData' object has no attribute 'tags_and_values'""}"
/Game,Shape_Plane,ObjectRedirector,/Game/StarterContent/Shapes/Shape_Plane,/Game/StarterContent/Shapes,/Game/StarterContent/Shapes/Shape_Plane.Shape_Plane,True,/Game/TopDownShooter/Ressources/StarterContent/Shapes/Shape_Plane,"{""__audit_error__"": ""'AssetData' object has no attribute 'tags_and_values'""}"
/Game,Shape_QuadPyramid,ObjectRedirector,/Game/StarterContent/Shapes/Shape_QuadPyramid,/Game/StarterContent/Shapes,/Game/StarterContent/Shapes/Shape_QuadPyramid.Shape_QuadPyramid,True,/Game/TopDownShooter/Ressources/StarterContent/Shapes/Shape_QuadPyramid,"{""__audit_error__"": ""'AssetData' object has no attribute 'tags_and_values'""}"
/Game,Shape_Sphere,ObjectRedirector,/Game/StarterContent/Shapes/Shape_Sphere,/Game/StarterContent/Shapes,/Game/StarterContent/Shapes/Shape_Sphere.Shape_Sphere,True,/Game/TopDownShooter/Ressources/StarterContent/Shapes/Shape_Sphere,"{""__audit_error__"": ""'AssetData' object has no attribute 'tags_and_values'""}"
/Game,Shape_Torus,ObjectRedirector,/Game/StarterContent/Shapes/Shape_Torus,/Game/StarterContent/Shapes,/Game/StarterContent/Shapes/Shape_Torus.Shape_Torus,True,/Game/TopDownShooter/Ressources/StarterContent/Shapes/Shape_Torus,"{""__audit_error__"": ""'AssetData' object has no attribute 'tags_and_values'""}"
/Game,Shape_Trim,ObjectRedirector,/Game/StarterContent/Shapes/Shape_Trim,/Game/StarterContent/Shapes,/Game/StarterContent/Shapes/Shape_Trim.Shape_Trim,True,/Game/TopDownShooter/Ressources/StarterContent/Shapes/Shape_Trim,"{""__audit_error__"": ""'AssetData' object has no attribute 'tags_and_values'""}"
/Game,Shape_Trim_90_In,ObjectRedirector,/Game/StarterContent/Shapes/Shape_Trim_90_In,/Game/StarterContent/Shapes,/Game/StarterContent/Shapes/Shape_Trim_90_In.Shape_Trim_90_In,True,/Game/TopDownShooter/Ressources/StarterContent/Shapes/Shape_Trim_90_In,"{""__audit_error__"": ""'AssetData' object has no attribute 'tags_and_values'""}"
/Game,Shape_Trim_90_Out,ObjectRedirector,/Game/StarterContent/Shapes/Shape_Trim_90_Out,/Game/StarterContent/Shapes,/Game/StarterContent/Shapes/Shape_Trim_90_Out.Shape_Trim_90_Out,True,/Game/TopDownShooter/Ressources/StarterContent/Shapes/Shape_Trim_90_Out,"{""__audit_error__"": ""'AssetData' object has no attribute 'tags_and_values'""}"
/Game,Shape_TriPyramid,ObjectRedirector,/Game/StarterContent/Shapes/Shape_TriPyramid,/Game/StarterContent/Shapes,/Game/StarterContent/Shapes/Shape_TriPyramid.Shape_TriPyramid,True,/Game/TopDownShooter/Ressources/StarterContent/Shapes/Shape_TriPyramid,"{""__audit_error__"": ""'AssetData' object has no attribute 'tags_and_values'""}"
/Game,Shape_Tube,ObjectRedirector,/Game/StarterContent/Shapes/Shape_Tube,/Game/StarterContent/Shapes,/Game/StarterContent/Shapes/Shape_Tube.Shape_Tube,True,/Game/TopDownShooter/Ressources/StarterContent/Shapes/Shape_Tube,"{""__audit_error__"": ""'AssetData' object has no attribute 'tags_and_values'""}"
/Game,Shape_Wedge_A,ObjectRedirector,/Game/StarterContent/Shapes/Shape_Wedge_A,/Game/StarterContent/Shapes,/Game/StarterContent/Shapes/Shape_Wedge_A.Shape_Wedge_A,True,/Game/TopDownShooter/Ressources/StarterContent/Shapes/Shape_Wedge_A,"{""__audit_error__"": ""'AssetData' object has no attribute 'tags_and_values'""}"
/Game,Shape_Wedge_B,ObjectRedirector,/Game/StarterContent/Shapes/Shape_Wedge_B,/Game/StarterContent/Shapes,/Game/StarterContent/Shapes/Shape_Wedge_B.Shape_Wedge_B,True,/Game/TopDownShooter/Ressources/StarterContent/Shapes/Shape_Wedge_B,"{""__audit_error__"": ""'AssetData' object has no attribute 'tags_and_values'""}"
/Game,Shape_WideCapsule,ObjectRedirector,/Game/StarterContent/Shapes/Shape_WideCapsule,/Game/StarterContent/Shapes,/Game/StarterContent/Shapes/Shape_WideCapsule.Shape_WideCapsule,True,/Game/TopDownShooter/Ressources/StarterContent/Shapes/Shape_WideCapsule,"{""__audit_error__"": ""'AssetData' object has no attribute 'tags_and_values'""}"
/Game,T_Brick_Clay_Beveled_D,ObjectRedirector,/Game/StarterContent/Textures/T_Brick_Clay_Beveled_D,/Game/StarterContent/Textures,/Game/StarterContent/Textures/T_Brick_Clay_Beveled_D.T_Brick_Clay_Beveled_D,True,/Game/TopDownShooter/Ressources/StarterContent/Textures/T_Brick_Clay_Beveled_D,"{""__audit_error__"": ""'AssetData' object has no attribute 'tags_and_values'""}"
/Game,T_Brick_Clay_Beveled_M,ObjectRedirector,/Game/StarterContent/Textures/T_Brick_Clay_Beveled_M,/Game/StarterContent/Textures,/Game/StarterContent/Textures/T_Brick_Clay_Beveled_M.T_Brick_Clay_Beveled_M,True,/Game/TopDownShooter/Ressources/StarterContent/Textures/T_Brick_Clay_Beveled_M,"{""__audit_error__"": ""'AssetData' object has no attribute 'tags_and_values'""}"
/Game,T_Brick_Clay_Beveled_N,ObjectRedirector,/Game/StarterContent/Textures/T_Brick_Clay_Beveled_N,/Game/StarterContent/Textures,/Game/StarterContent/Textures/T_Brick_Clay_Beveled_N.T_Brick_Clay_Beveled_N,True,/Game/TopDownShooter/Ressources/StarterContent/Textures/T_Brick_Clay_Beveled_N,"{""__audit_error__"": ""'AssetData' object has no attribute 'tags_and_values'""}"
/Game,T_Brick_Clay_New_D,ObjectRedirector,/Game/StarterContent/Textures/T_Brick_Clay_New_D,/Game/StarterContent/Textures,/Game/StarterContent/Textures/T_Brick_Clay_New_D.T_Brick_Clay_New_D,True,/Game/TopDownShooter/Ressources/StarterContent/Textures/T_Brick_Clay_New_D,"{""__audit_error__"": ""'AssetData' object has no attribute 'tags_and_values'""}"
/Game,T_Brick_Clay_New_M,ObjectRedirector,/Game/StarterContent/Textures/T_Brick_Clay_New_M,/Game/StarterContent/Textures,/Game/StarterContent/Textures/T_Brick_Clay_New_M.T_Brick_Clay_New_M,True,/Game/TopDownShooter/Ressources/StarterContent/Textures/T_Brick_Clay_New_M,"{""__audit_error__"": ""'AssetData' object has no attribute 'tags_and_values'""}"
/Game,T_Brick_Clay_New_N,ObjectRedirector,/Game/StarterContent/Textures/T_Brick_Clay_New_N,/Game/StarterContent/Textures,/Game/StarterContent/Textures/T_Brick_Clay_New_N.T_Brick_Clay_New_N,True,/Game/TopDownShooter/Ressources/StarterContent/Textures/T_Brick_Clay_New_N,"{""__audit_error__"": ""'AssetData' object has no attribute 'tags_and_values'""}"
/Game,T_Brick_Clay_Old_D,ObjectRedirector,/Game/StarterContent/Textures/T_Brick_Clay_Old_D,/Game/StarterContent/Textures,/Game/StarterContent/Textures/T_Brick_Clay_Old_D.T_Brick_Clay_Old_D,True,/Game/TopDownShooter/Ressources/StarterContent/Textures/T_Brick_Clay_Old_D,"{""__audit_error__"": ""'AssetData' object has no attribute 'tags_and_values'""}"
/Game,T_Brick_Clay_Old_N,ObjectRedirector,/Game/StarterContent/Textures/T_Brick_Clay_Old_N,/Game/StarterContent/Textures,/Game/StarterContent/Textures/T_Brick_Clay_Old_N.T_Brick_Clay_Old_N,True,/Game/TopDownShooter/Ressources/StarterContent/Textures/T_Brick_Clay_Old_N,"{""__audit_error__"": ""'AssetData' object has no attribute 'tags_and_values'""}"
/Game,T_Brick_Cut_Stone_D,ObjectRedirector,/Game/StarterContent/Textures/T_Brick_Cut_Stone_D,/Game/StarterContent/Textures,/Game/StarterContent/Textures/T_Brick_Cut_Stone_D.T_Brick_Cut_Stone_D,True,/Game/TopDownShooter/Ressources/StarterContent/Textures/T_Brick_Cut_Stone_D,"{""__audit_error__"": ""'AssetData' object has no attribute 'tags_and_values'""}"
/Game,T_Brick_Cut_Stone_N,ObjectRedirector,/Game/StarterContent/Textures/T_Brick_Cut_Stone_N,/Game/StarterContent/Textures,/Game/StarterContent/Textures/T_Brick_Cut_Stone_N.T_Brick_Cut_Stone_N,True,/Game/TopDownShooter/Ressources/StarterContent/Textures/T_Brick_Cut_Stone_N,"{""__audit_error__"": ""'AssetData' object has no attribute 'tags_and_values'""}"
/Game,T_Brick_Hewn_Stone_D,ObjectRedirector,/Game/StarterContent/Textures/T_Brick_Hewn_Stone_D,/Game/StarterContent/Textures,/Game/StarterContent/Textures/T_Brick_Hewn_Stone_D.T_Brick_Hewn_Stone_D,True,/Game/TopDownShooter/Ressources/StarterContent/Textures/T_Brick_Hewn_Stone_D,"{""__audit_error__"": ""'AssetData' object has no attribute 'tags_and_values'""}"
/Game,T_Brick_Hewn_Stone_M,ObjectRedirector,/Game/StarterContent/Textures/T_Brick_Hewn_Stone_M,/Game/StarterContent/Textures,/Game/StarterContent/Textures/T_Brick_Hewn_Stone_M.T_Brick_Hewn_Stone_M,True,/Game/TopDownShooter/Ressources/StarterContent/Textures/T_Brick_Hewn_Stone_M,"{""__audit_error__"": ""'AssetData' object has no attribute 'tags_and_values'""}"
/Game,T_Brick_Hewn_Stone_N,ObjectRedirector,/Game/StarterContent/Textures/T_Brick_Hewn_Stone_N,/Game/StarterContent/Textures,/Game/StarterContent/Textures/T_Brick_Hewn_Stone_N.T_Brick_Hewn_Stone_N,True,/Game/TopDownShooter/Ressources/StarterContent/Textures/T_Brick_Hewn_Stone_N,"{""__audit_error__"": ""'AssetData' object has no attribute 'tags_and_values'""}"
/Game,T_Burst_M,ObjectRedirector,/Game/StarterContent/Textures/T_Burst_M,/Game/StarterContent/Textures,/Game/StarterContent/Textures/T_Burst_M.T_Burst_M,True,/Game/TopDownShooter/Ressources/StarterContent/Textures/T_Burst_M,"{""__audit_error__"": ""'AssetData' object has no attribute 'tags_and_values'""}"
/Game,T_Bush_D,ObjectRedirector,/Game/StarterContent/Textures/T_Bush_D,/Game/StarterContent/Textures,/Game/StarterContent/Textures/T_Bush_D.T_Bush_D,True,/Game/TopDownShooter/Ressources/StarterContent/Textures/T_Bush_D,"{""__audit_error__"": ""'AssetData' object has no attribute 'tags_and_values'""}"
/Game,T_Bush_N,ObjectRedirector,/Game/StarterContent/Textures/T_Bush_N,/Game/StarterContent/Textures,/Game/StarterContent/Textures/T_Bush_N.T_Bush_N,True,/Game/TopDownShooter/Ressources/StarterContent/Textures/T_Bush_N,"{""__audit_error__"": ""'AssetData' object has no attribute 'tags_and_values'""}"
/Game,T_Ceramic_Tile_M,ObjectRedirector,/Game/StarterContent/Textures/T_Ceramic_Tile_M,/Game/StarterContent/Textures,/Game/StarterContent/Textures/T_Ceramic_Tile_M.T_Ceramic_Tile_M,True,/Game/TopDownShooter/Ressources/StarterContent/Textures/T_Ceramic_Tile_M,"{""__audit_error__"": ""'AssetData' object has no attribute 'tags_and_values'""}"
/Game,T_Ceramic_Tile_N,ObjectRedirector,/Game/StarterContent/Textures/T_Ceramic_Tile_N,/Game/StarterContent/Textures,/Game/StarterContent/Textures/T_Ceramic_Tile_N.T_Ceramic_Tile_N,True,/Game/TopDownShooter/Ressources/StarterContent/Textures/T_Ceramic_Tile_N,"{""__audit_error__"": ""'AssetData' object has no attribute 'tags_and_values'""}"
/Game,T_Chair_M,ObjectRedirector,/Game/StarterContent/Textures/T_Chair_M,/Game/StarterContent/Textures,/Game/StarterContent/Textures/T_Chair_M.T_Chair_M,True,/Game/TopDownShooter/Ressources/StarterContent/Textures/T_Chair_M,"{""__audit_error__"": ""'AssetData' object has no attribute 'tags_and_values'""}"
/Game,T_Chair_N,ObjectRedirector,/Game/StarterContent/Textures/T_Chair_N,/Game/StarterContent/Textures,/Game/StarterContent/Textures/T_Chair_N.T_Chair_N,True,/Game/TopDownShooter/Ressources/StarterContent/Textures/T_Chair_N,"{""__audit_error__"": ""'AssetData' object has no attribute 'tags_and_values'""}"
/Game,T_Checker_Noise_M,ObjectRedirector,/Game/StarterContent/Textures/T_Checker_Noise_M,/Game/StarterContent/Textures,/Game/StarterContent/Textures/T_Checker_Noise_M.T_Checker_Noise_M,True,/Game/TopDownShooter/Ressources/StarterContent/Textures/T_Checker_Noise_M,"{""__audit_error__"": ""'AssetData' object has no attribute 'tags_and_values'""}"
/Game,T_CobbleStone_Pebble_D,ObjectRedirector,/Game/StarterContent/Textures/T_CobbleStone_Pebble_D,/Game/StarterContent/Textures,/Game/StarterContent/Textures/T_CobbleStone_Pebble_D.T_CobbleStone_Pebble_D,True,/Game/TopDownShooter/Ressources/StarterContent/Textures/T_CobbleStone_Pebble_D,"{""__audit_error__"": ""'AssetData' object has no attribute 'tags_and_values'""}"
/Game,T_CobbleStone_Pebble_M,ObjectRedirector,/Game/StarterContent/Textures/T_CobbleStone_Pebble_M,/Game/StarterContent/Textures,/Game/StarterContent/Textures/T_CobbleStone_Pebble_M.T_CobbleStone_Pebble_M,True,/Game/TopDownShooter/Ressources/StarterContent/Textures/T_CobbleStone_Pebble_M,"{""__audit_error__"": ""'AssetData' object has no attribute 'tags_and_values'""}"
/Game,T_CobbleStone_Pebble_N,ObjectRedirector,/Game/StarterContent/Textures/T_CobbleStone_Pebble_N,/Game/StarterContent/Textures,/Game/StarterContent/Textures/T_CobbleStone_Pebble_N.T_CobbleStone_Pebble_N,True,/Game/TopDownShooter/Ressources/StarterContent/Textures/T_CobbleStone_Pebble_N,"{""__audit_error__"": ""'AssetData' object has no attribute 'tags_and_values'""}"
/Game,T_CobbleStone_Rough_D,ObjectRedirector,/Game/StarterContent/Textures/T_CobbleStone_Rough_D,/Game/StarterContent/Textures,/Game/StarterContent/Textures/T_CobbleStone_Rough_D.T_CobbleStone_Rough_D,True,/Game/TopDownShooter/Ressources/StarterContent/Textures/T_CobbleStone_Rough_D,"{""__audit_error__"": ""'AssetData' object has no attribute 'tags_and_values'""}"
/Game,T_CobbleStone_Rough_N,ObjectRedirector,/Game/StarterContent/Textures/T_CobbleStone_Rough_N,/Game/StarterContent/Textures,/Game/StarterContent/Textures/T_CobbleStone_Rough_N.T_CobbleStone_Rough_N,True,/Game/TopDownShooter/Ressources/StarterContent/Textures/T_CobbleStone_Rough_N,"{""__audit_error__"": ""'AssetData' object has no attribute 'tags_and_values'""}"
/Game,T_CobbleStone_Smooth_D,ObjectRedirector,/Game/StarterContent/Textures/T_CobbleStone_Smooth_D,/Game/StarterContent/Textures,/Game/StarterContent/Textures/T_CobbleStone_Smooth_D.T_CobbleStone_Smooth_D,True,/Game/TopDownShooter/Ressources/StarterContent/Textures/T_CobbleStone_Smooth_D,"{""__audit_error__"": ""'AssetData' object has no attribute 'tags_and_values'""}"
/Game,T_CobbleStone_Smooth_M,ObjectRedirector,/Game/StarterContent/Textures/T_CobbleStone_Smooth_M,/Game/StarterContent/Textures,/Game/StarterContent/Textures/T_CobbleStone_Smooth_M.T_CobbleStone_Smooth_M,True,/Game/TopDownShooter/Ressources/StarterContent/Textures/T_CobbleStone_Smooth_M,"{""__audit_error__"": ""'AssetData' object has no attribute 'tags_and_values'""}"
/Game,T_CobbleStone_Smooth_N,ObjectRedirector,/Game/StarterContent/Textures/T_CobbleStone_Smooth_N,/Game/StarterContent/Textures,/Game/StarterContent/Textures/T_CobbleStone_Smooth_N.T_CobbleStone_Smooth_N,True,/Game/TopDownShooter/Ressources/StarterContent/Textures/T_CobbleStone_Smooth_N,"{""__audit_error__"": ""'AssetData' object has no attribute 'tags_and_values'""}"
/Game,T_Concrete_Grime_D,ObjectRedirector,/Game/StarterContent/Textures/T_Concrete_Grime_D,/Game/StarterContent/Textures,/Game/StarterContent/Textures/T_Concrete_Grime_D.T_Concrete_Grime_D,True,/Game/TopDownShooter/Ressources/StarterContent/Textures/T_Concrete_Grime_D,"{""__audit_error__"": ""'AssetData' object has no attribute 'tags_and_values'""}"
/Game,T_Concrete_Panels_D,ObjectRedirector,/Game/StarterContent/Textures/T_Concrete_Panels_D,/Game/StarterContent/Textures,/Game/StarterContent/Textures/T_Concrete_Panels_D.T_Concrete_Panels_D,True,/Game/TopDownShooter/Ressources/StarterContent/Textures/T_Concrete_Panels_D,"{""__audit_error__"": ""'AssetData' object has no attribute 'tags_and_values'""}"
/Game,T_Concrete_Panels_N,ObjectRedirector,/Game/StarterContent/Textures/T_Concrete_Panels_N,/Game/StarterContent/Textures,/Game/StarterContent/Textures/T_Concrete_Panels_N.T_Concrete_Panels_N,True,/Game/TopDownShooter/Ressources/StarterContent/Textures/T_Concrete_Panels_N,"{""__audit_error__"": ""'AssetData' object has no attribute 'tags_and_values'""}"
/Game,T_Concrete_Poured_D,ObjectRedirector,/Game/StarterContent/Textures/T_Concrete_Poured_D,/Game/StarterContent/Textures,/Game/StarterContent/Textures/T_Concrete_Poured_D.T_Concrete_Poured_D,True,/Game/TopDownShooter/Ressources/StarterContent/Textures/T_Concrete_Poured_D,"{""__audit_error__"": ""'AssetData' object has no attribute 'tags_and_values'""}"
/Game,T_Concrete_Poured_N,ObjectRedirector,/Game/StarterContent/Textures/T_Concrete_Poured_N,/Game/StarterContent/Textures,/Game/StarterContent/Textures/T_Concrete_Poured_N.T_Concrete_Poured_N,True,/Game/TopDownShooter/Ressources/StarterContent/Textures/T_Concrete_Poured_N,"{""__audit_error__"": ""'AssetData' object has no attribute 'tags_and_values'""}"
/Game,T_Concrete_Tiles_D,ObjectRedirector,/Game/StarterContent/Textures/T_Concrete_Tiles_D,/Game/StarterContent/Textures,/Game/StarterContent/Textures/T_Concrete_Tiles_D.T_Concrete_Tiles_D,True,/Game/TopDownShooter/Ressources/StarterContent/Textures/T_Concrete_Tiles_D,"{""__audit_error__"": ""'AssetData' object has no attribute 'tags_and_values'""}"
/Game,T_Concrete_Tiles_M,ObjectRedirector,/Game/StarterContent/Textures/T_Concrete_Tiles_M,/Game/StarterContent/Textures,/Game/StarterContent/Textures/T_Concrete_Tiles_M.T_Concrete_Tiles_M,True,/Game/TopDownShooter/Ressources/StarterContent/Textures/T_Concrete_Tiles_M,"{""__audit_error__"": ""'AssetData' object has no attribute 'tags_and_values'""}"
/Game,T_Concrete_Tiles_N,ObjectRedirector,/Game/StarterContent/Textures/T_Concrete_Tiles_N,/Game/StarterContent/Textures,/Game/StarterContent/Textures/T_Concrete_Tiles_N.T_Concrete_Tiles_N,True,/Game/TopDownShooter/Ressources/StarterContent/Textures/T_Concrete_Tiles_N,"{""__audit_error__"": ""'AssetData' object has no attribute 'tags_and_values'""}"
/Game,T_Concrete_Tiles_Variation_M,ObjectRedirector,/Game/StarterContent/Textures/T_Concrete_Tiles_Variation_M,/Game/StarterContent/Textures,/Game/StarterContent/Textures/T_Concrete_Tiles_Variation_M.T_Concrete_Tiles_Variation_M,True,/Game/TopDownShooter/Ressources/StarterContent/Textures/T_Concrete_Tiles_Variation_M,"{""__audit_error__"": ""'AssetData' object has no attribute 'tags_and_values'""}"
/Game,T_Detail_Rocky_N,ObjectRedirector,/Game/StarterContent/Textures/T_Detail_Rocky_N,/Game/StarterContent/Textures,/Game/StarterContent/Textures/T_Detail_Rocky_N.T_Detail_Rocky_N,True,/Game/TopDownShooter/Ressources/StarterContent/Textures/T_Detail_Rocky_N,"{""__audit_error__"": ""'AssetData' object has no attribute 'tags_and_values'""}"
/Game,T_Door_M,ObjectRedirector,/Game/StarterContent/Textures/T_Door_M,/Game/StarterContent/Textures,/Game/StarterContent/Textures/T_Door_M.T_Door_M,True,/Game/TopDownShooter/Ressources/StarterContent/Textures/T_Door_M,"{""__audit_error__"": ""'AssetData' object has no attribute 'tags_and_values'""}"
/Game,T_Door_N,ObjectRedirector,/Game/StarterContent/Textures/T_Door_N,/Game/StarterContent/Textures,/Game/StarterContent/Textures/T_Door_N.T_Door_N,True,/Game/TopDownShooter/Ressources/StarterContent/Textures/T_Door_N,"{""__audit_error__"": ""'AssetData' object has no attribute 'tags_and_values'""}"
/Game,T_Dust_Particle_D,ObjectRedirector,/Game/StarterContent/Textures/T_Dust_Particle_D,/Game/StarterContent/Textures,/Game/StarterContent/Textures/T_Dust_Particle_D.T_Dust_Particle_D,True,/Game/TopDownShooter/Ressources/StarterContent/Textures/T_Dust_Particle_D,"{""__audit_error__"": ""'AssetData' object has no attribute 'tags_and_values'""}"
/Game,T_Explosion_SubUV,ObjectRedirector,/Game/StarterContent/Textures/T_Explosion_SubUV,/Game/StarterContent/Textures,/Game/StarterContent/Textures/T_Explosion_SubUV.T_Explosion_SubUV,True,/Game/TopDownShooter/Ressources/StarterContent/Textures/T_Explosion_SubUV,"{""__audit_error__"": ""'AssetData' object has no attribute 'tags_and_values'""}"
/Game,T_Fire_SubUV,ObjectRedirector,/Game/StarterContent/Textures/T_Fire_SubUV,/Game/StarterContent/Textures,/Game/StarterContent/Textures/T_Fire_SubUV.T_Fire_SubUV,True,/Game/TopDownShooter/Ressources/StarterContent/Textures/T_Fire_SubUV,"{""__audit_error__"": ""'AssetData' object has no attribute 'tags_and_values'""}"
/Game,T_Fire_Tiled_D,ObjectRedirector,/Game/StarterContent/Textures/T_Fire_Tiled_D,/Game/StarterContent/Textures,/Game/StarterContent/Textures/T_Fire_Tiled_D.T_Fire_Tiled_D,True,/Game/TopDownShooter/Ressources/StarterContent/Textures/T_Fire_Tiled_D,"{""__audit_error__"": ""'AssetData' object has no attribute 'tags_and_values'""}"
/Game,T_Frame_M,ObjectRedirector,/Game/StarterContent/Textures/T_Frame_M,/Game/StarterContent/Textures,/Game/StarterContent/Textures/T_Frame_M.T_Frame_M,True,/Game/TopDownShooter/Ressources/StarterContent/Textures/T_Frame_M,"{""__audit_error__"": ""'AssetData' object has no attribute 'tags_and_values'""}"
/Game,T_Frame_N,ObjectRedirector,/Game/StarterContent/Textures/T_Frame_N,/Game/StarterContent/Textures,/Game/StarterContent/Textures/T_Frame_N.T_Frame_N,True,/Game/TopDownShooter/Ressources/StarterContent/Textures/T_Frame_N,"{""__audit_error__"": ""'AssetData' object has no attribute 'tags_and_values'""}"
/Game,T_Gradinet_01,ObjectRedirector,/Game/StarterContent/Textures/T_Gradinet_01,/Game/StarterContent/Textures,/Game/StarterContent/Textures/T_Gradinet_01.T_Gradinet_01,True,/Game/TopDownShooter/Ressources/StarterContent/Textures/T_Gradinet_01,"{""__audit_error__"": ""'AssetData' object has no attribute 'tags_and_values'""}"
/Game,T_Ground_Grass_D,ObjectRedirector,/Game/StarterContent/Textures/T_Ground_Grass_D,/Game/StarterContent/Textures,/Game/StarterContent/Textures/T_Ground_Grass_D.T_Ground_Grass_D,True,/Game/TopDownShooter/Ressources/StarterContent/Textures/T_Ground_Grass_D,"{""__audit_error__"": ""'AssetData' object has no attribute 'tags_and_values'""}"
/Game,T_Ground_Grass_N,ObjectRedirector,/Game/StarterContent/Textures/T_Ground_Grass_N,/Game/StarterContent/Textures,/Game/StarterContent/Textures/T_Ground_Grass_N.T_Ground_Grass_N,True,/Game/TopDownShooter/Ressources/StarterContent/Textures/T_Ground_Grass_N,"{""__audit_error__"": ""'AssetData' object has no attribute 'tags_and_values'""}"
/Game,T_Ground_Gravel_D,ObjectRedirector,/Game/StarterContent/Textures/T_Ground_Gravel_D,/Game/StarterContent/Textures,/Game/StarterContent/Textures/T_Ground_Gravel_D.T_Ground_Gravel_D,True,/Game/TopDownShooter/Ressources/StarterContent/Textures/T_Ground_Gravel_D,"{""__audit_error__"": ""'AssetData' object has no attribute 'tags_and_values'""}"
/Game,T_Ground_Gravel_N,ObjectRedirector,/Game/StarterContent/Textures/T_Ground_Gravel_N,/Game/StarterContent/Textures,/Game/StarterContent/Textures/T_Ground_Gravel_N.T_Ground_Gravel_N,True,/Game/TopDownShooter/Ressources/StarterContent/Textures/T_Ground_Gravel_N,"{""__audit_error__"": ""'AssetData' object has no attribute 'tags_and_values'""}"
/Game,T_ground_Moss_D,ObjectRedirector,/Game/StarterContent/Textures/T_ground_Moss_D,/Game/StarterContent/Textures,/Game/StarterContent/Textures/T_ground_Moss_D.T_ground_Moss_D,True,/Game/TopDownShooter/Ressources/StarterContent/Textures/T_ground_Moss_D,"{""__audit_error__"": ""'AssetData' object has no attribute 'tags_and_values'""}"
/Game,T_Ground_Moss_N,ObjectRedirector,/Game/StarterContent/Textures/T_Ground_Moss_N,/Game/StarterContent/Textures,/Game/StarterContent/Textures/T_Ground_Moss_N.T_Ground_Moss_N,True,/Game/TopDownShooter/Ressources/StarterContent/Textures/T_Ground_Moss_N,"{""__audit_error__"": ""'AssetData' object has no attribute 'tags_and_values'""}"
/Game,T_Lamp_M,ObjectRedirector,/Game/StarterContent/Textures/T_Lamp_M,/Game/StarterContent/Textures,/Game/StarterContent/Textures/T_Lamp_M.T_Lamp_M,True,/Game/TopDownShooter/Ressources/StarterContent/Textures/T_Lamp_M,"{""__audit_error__"": ""'AssetData' object has no attribute 'tags_and_values'""}"
/Game,T_Lamp_N,ObjectRedirector,/Game/StarterContent/Textures/T_Lamp_N,/Game/StarterContent/Textures,/Game/StarterContent/Textures/T_Lamp_N.T_Lamp_N,True,/Game/TopDownShooter/Ressources/StarterContent/Textures/T_Lamp_N,"{""__audit_error__"": ""'AssetData' object has no attribute 'tags_and_values'""}"
/Game,T_MacroVariation,ObjectRedirector,/Game/StarterContent/Textures/T_MacroVariation,/Game/StarterContent/Textures,/Game/StarterContent/Textures/T_MacroVariation.T_MacroVariation,True,/Game/TopDownShooter/Ressources/StarterContent/Textures/T_MacroVariation,"{""__audit_error__"": ""'AssetData' object has no attribute 'tags_and_values'""}"
/Game,T_Metal_Aluminum_D,ObjectRedirector,/Game/StarterContent/Textures/T_Metal_Aluminum_D,/Game/StarterContent/Textures,/Game/StarterContent/Textures/T_Metal_Aluminum_D.T_Metal_Aluminum_D,True,/Game/TopDownShooter/Ressources/StarterContent/Textures/T_Metal_Aluminum_D,"{""__audit_error__"": ""'AssetData' object has no attribute 'tags_and_values'""}"
/Game,T_Metal_Copper_D,ObjectRedirector,/Game/StarterContent/Textures/T_Metal_Copper_D,/Game/StarterContent/Textures,/Game/StarterContent/Textures/T_Metal_Copper_D.T_Metal_Copper_D,True,/Game/TopDownShooter/Ressources/StarterContent/Textures/T_Metal_Copper_D,"{""__audit_error__"": ""'AssetData' object has no attribute 'tags_and_values'""}"
/Game,T_Metal_Gold_D,ObjectRedirector,/Game/StarterContent/Textures/T_Metal_Gold_D,/Game/StarterContent/Textures,/Game/StarterContent/Textures/T_Metal_Gold_D.T_Metal_Gold_D,True,/Game/TopDownShooter/Ressources/StarterContent/Textures/T_Metal_Gold_D,"{""__audit_error__"": ""'AssetData' object has no attribute 'tags_and_values'""}"
/Game,T_Metal_Gold_N,ObjectRedirector,/Game/StarterContent/Textures/T_Metal_Gold_N,/Game/StarterContent/Textures,/Game/StarterContent/Textures/T_Metal_Gold_N.T_Metal_Gold_N,True,/Game/TopDownShooter/Ressources/StarterContent/Textures/T_Metal_Gold_N,"{""__audit_error__"": ""'AssetData' object has no attribute 'tags_and_values'""}"
/Game,T_Metal_Rust_D,ObjectRedirector,/Game/StarterContent/Textures/T_Metal_Rust_D,/Game/StarterContent/Textures,/Game/StarterContent/Textures/T_Metal_Rust_D.T_Metal_Rust_D,True,/Game/TopDownShooter/Ressources/StarterContent/Textures/T_Metal_Rust_D,"{""__audit_error__"": ""'AssetData' object has no attribute 'tags_and_values'""}"
/Game,T_Metal_Rust_N,ObjectRedirector,/Game/StarterContent/Textures/T_Metal_Rust_N,/Game/StarterContent/Textures,/Game/StarterContent/Textures/T_Metal_Rust_N.T_Metal_Rust_N,True,/Game/TopDownShooter/Ressources/StarterContent/Textures/T_Metal_Rust_N,"{""__audit_error__"": ""'AssetData' object has no attribute 'tags_and_values'""}"
/Game,T_Metal_Steel_D,ObjectRedirector,/Game/StarterContent/Textures/T_Metal_Steel_D,/Game/StarterContent/Textures,/Game/StarterContent/Textures/T_Metal_Steel_D.T_Metal_Steel_D,True,/Game/TopDownShooter/Ressources/StarterContent/Textures/T_Metal_Steel_D,"{""__audit_error__"": ""'AssetData' object has no attribute 'tags_and_values'""}"
/Game,T_Metal_Steel_N,ObjectRedirector,/Game/StarterContent/Textures/T_Metal_Steel_N,/Game/StarterContent/Textures,/Game/StarterContent/Textures/T_Metal_Steel_N.T_Metal_Steel_N,True,/Game/TopDownShooter/Ressources/StarterContent/Textures/T_Metal_Steel_N,"{""__audit_error__"": ""'AssetData' object has no attribute 'tags_and_values'""}"
/Game,T_Perlin_Noise_M,ObjectRedirector,/Game/StarterContent/Textures/T_Perlin_Noise_M,/Game/StarterContent/Textures,/Game/StarterContent/Textures/T_Perlin_Noise_M.T_Perlin_Noise_M,True,/Game/TopDownShooter/Ressources/StarterContent/Textures/T_Perlin_Noise_M,"{""__audit_error__"": ""'AssetData' object has no attribute 'tags_and_values'""}"
/Game,T_Rock_Basalt_D,ObjectRedirector,/Game/StarterContent/Textures/T_Rock_Basalt_D,/Game/StarterContent/Textures,/Game/StarterContent/Textures/T_Rock_Basalt_D.T_Rock_Basalt_D,True,/Game/TopDownShooter/Ressources/StarterContent/Textures/T_Rock_Basalt_D,"{""__audit_error__"": ""'AssetData' object has no attribute 'tags_and_values'""}"
/Game,T_Rock_Basalt_N,ObjectRedirector,/Game/StarterContent/Textures/T_Rock_Basalt_N,/Game/StarterContent/Textures,/Game/StarterContent/Textures/T_Rock_Basalt_N.T_Rock_Basalt_N,True,/Game/TopDownShooter/Ressources/StarterContent/Textures/T_Rock_Basalt_N,"{""__audit_error__"": ""'AssetData' object has no attribute 'tags_and_values'""}"
/Game,T_Rock_Marble_Polished_D,ObjectRedirector,/Game/StarterContent/Textures/T_Rock_Marble_Polished_D,/Game/StarterContent/Textures,/Game/StarterContent/Textures/T_Rock_Marble_Polished_D.T_Rock_Marble_Polished_D,True,/Game/TopDownShooter/Ressources/StarterContent/Textures/T_Rock_Marble_Polished_D,"{""__audit_error__"": ""'AssetData' object has no attribute 'tags_and_values'""}"
/Game,T_Rock_Sandstone_D,ObjectRedirector,/Game/StarterContent/Textures/T_Rock_Sandstone_D,/Game/StarterContent/Textures,/Game/StarterContent/Textures/T_Rock_Sandstone_D.T_Rock_Sandstone_D,True,/Game/TopDownShooter/Ressources/StarterContent/Textures/T_Rock_Sandstone_D,"{""__audit_error__"": ""'AssetData' object has no attribute 'tags_and_values'""}"
/Game,T_Rock_Sandstone_N,ObjectRedirector,/Game/StarterContent/Textures/T_Rock_Sandstone_N,/Game/StarterContent/Textures,/Game/StarterContent/Textures/T_Rock_Sandstone_N.T_Rock_Sandstone_N,True,/Game/TopDownShooter/Ressources/StarterContent/Textures/T_Rock_Sandstone_N,"{""__audit_error__"": ""'AssetData' object has no attribute 'tags_and_values'""}"
/Game,T_Rock_Slate_D,ObjectRedirector,/Game/StarterContent/Textures/T_Rock_Slate_D,/Game/StarterContent/Textures,/Game/StarterContent/Textures/T_Rock_Slate_D.T_Rock_Slate_D,True,/Game/TopDownShooter/Ressources/StarterContent/Textures/T_Rock_Slate_D,"{""__audit_error__"": ""'AssetData' object has no attribute 'tags_and_values'""}"
/Game,T_Rock_Slate_N,ObjectRedirector,/Game/StarterContent/Textures/T_Rock_Slate_N,/Game/StarterContent/Textures,/Game/StarterContent/Textures/T_Rock_Slate_N.T_Rock_Slate_N,True,/Game/TopDownShooter/Ressources/StarterContent/Textures/T_Rock_Slate_N,"{""__audit_error__"": ""'AssetData' object has no attribute 'tags_and_values'""}"
/Game,T_Rock_Smooth_Granite_D,ObjectRedirector,/Game/StarterContent/Textures/T_Rock_Smooth_Granite_D,/Game/StarterContent/Textures,/Game/StarterContent/Textures/T_Rock_Smooth_Granite_D.T_Rock_Smooth_Granite_D,True,/Game/TopDownShooter/Ressources/StarterContent/Textures/T_Rock_Smooth_Granite_D,"{""__audit_error__"": ""'AssetData' object has no attribute 'tags_and_values'""}"
/Game,T_RockMesh_M,ObjectRedirector,/Game/StarterContent/Textures/T_RockMesh_M,/Game/StarterContent/Textures,/Game/StarterContent/Textures/T_RockMesh_M.T_RockMesh_M,True,/Game/TopDownShooter/Ressources/StarterContent/Textures/T_RockMesh_M,"{""__audit_error__"": ""'AssetData' object has no attribute 'tags_and_values'""}"
/Game,T_RockMesh_N,ObjectRedirector,/Game/StarterContent/Textures/T_RockMesh_N,/Game/StarterContent/Textures,/Game/StarterContent/Textures/T_RockMesh_N.T_RockMesh_N,True,/Game/TopDownShooter/Ressources/StarterContent/Textures/T_RockMesh_N,"{""__audit_error__"": ""'AssetData' object has no attribute 'tags_and_values'""}"
/Game,T_Shelf_M,ObjectRedirector,/Game/StarterContent/Textures/T_Shelf_M,/Game/StarterContent/Textures,/Game/StarterContent/Textures/T_Shelf_M.T_Shelf_M,True,/Game/TopDownShooter/Ressources/StarterContent/Textures/T_Shelf_M,"{""__audit_error__"": ""'AssetData' object has no attribute 'tags_and_values'""}"
/Game,T_Shelf_N,ObjectRedirector,/Game/StarterContent/Textures/T_Shelf_N,/Game/StarterContent/Textures,/Game/StarterContent/Textures/T_Shelf_N.T_Shelf_N,True,/Game/TopDownShooter/Ressources/StarterContent/Textures/T_Shelf_N,"{""__audit_error__"": ""'AssetData' object has no attribute 'tags_and_values'""}"
/Game,T_Single_Tile_N,ObjectRedirector,/Game/StarterContent/Textures/T_Single_Tile_N,/Game/StarterContent/Textures,/Game/StarterContent/Textures/T_Single_Tile_N.T_Single_Tile_N,True,/Game/TopDownShooter/Ressources/StarterContent/Textures/T_Single_Tile_N,"{""__audit_error__"": ""'AssetData' object has no attribute 'tags_and_values'""}"
/Game,T_Smoke_SubUV,ObjectRedirector,/Game/StarterContent/Textures/T_Smoke_SubUV,/Game/StarterContent/Textures,/Game/StarterContent/Textures/T_Smoke_SubUV.T_Smoke_SubUV,True,/Game/TopDownShooter/Ressources/StarterContent/Textures/T_Smoke_SubUV,"{""__audit_error__"": ""'AssetData' object has no attribute 'tags_and_values'""}"
/Game,T_Smoke_Tiled_D,ObjectRedirector,/Game/StarterContent/Textures/T_Smoke_Tiled_D,/Game/StarterContent/Textures,/Game/StarterContent/Textures/T_Smoke_Tiled_D.T_Smoke_Tiled_D,True,/Game/TopDownShooter/Ressources/StarterContent/Textures/T_Smoke_Tiled_D,"{""__audit_error__"": ""'AssetData' object has no attribute 'tags_and_values'""}"
/Game,T_Spark_Core,ObjectRedirector,/Game/StarterContent/Textures/T_Spark_Core,/Game/StarterContent/Textures,/Game/StarterContent/Textures/T_Spark_Core.T_Spark_Core,True,/Game/TopDownShooter/Ressources/StarterContent/Textures/T_Spark_Core,"{""__audit_error__"": ""'AssetData' object has no attribute 'tags_and_values'""}"
/Game,T_Statue_M,ObjectRedirector,/Game/StarterContent/Textures/T_Statue_M,/Game/StarterContent/Textures,/Game/StarterContent/Textures/T_Statue_M.T_Statue_M,True,/Game/TopDownShooter/Ressources/StarterContent/Textures/T_Statue_M,"{""__audit_error__"": ""'AssetData' object has no attribute 'tags_and_values'""}"
/Game,T_Statue_N,ObjectRedirector,/Game/StarterContent/Textures/T_Statue_N,/Game/StarterContent/Textures,/Game/StarterContent/Textures/T_Statue_N.T_Statue_N,True,/Game/TopDownShooter/Ressources/StarterContent/Textures/T_Statue_N,"{""__audit_error__"": ""'AssetData' object has no attribute 'tags_and_values'""}"
/Game,T_TableRound_M,ObjectRedirector,/Game/StarterContent/Textures/T_TableRound_M,/Game/StarterContent/Textures,/Game/StarterContent/Textures/T_TableRound_M.T_TableRound_M,True,/Game/TopDownShooter/Ressources/StarterContent/Textures/T_TableRound_M,"{""__audit_error__"": ""'AssetData' object has no attribute 'tags_and_values'""}"
/Game,T_TableRound_N,ObjectRedirector,/Game/StarterContent/Textures/T_TableRound_N,/Game/StarterContent/Textures,/Game/StarterContent/Textures/T_TableRound_N.T_TableRound_N,True,/Game/TopDownShooter/Ressources/StarterContent/Textures/T_TableRound_N,"{""__audit_error__"": ""'AssetData' object has no attribute 'tags_and_values'""}"
/Game,T_Tech_Dot_M,ObjectRedirector,/Game/StarterContent/Textures/T_Tech_Dot_M,/Game/StarterContent/Textures,/Game/StarterContent/Textures/T_Tech_Dot_M.T_Tech_Dot_M,True,/Game/TopDownShooter/Ressources/StarterContent/Textures/T_Tech_Dot_M,"{""__audit_error__"": ""'AssetData' object has no attribute 'tags_and_values'""}"
/Game,T_Tech_Dot_N,ObjectRedirector,/Game/StarterContent/Textures/T_Tech_Dot_N,/Game/StarterContent/Textures,/Game/StarterContent/Textures/T_Tech_Dot_N.T_Tech_Dot_N,True,/Game/TopDownShooter/Ressources/StarterContent/Textures/T_Tech_Dot_N,"{""__audit_error__"": ""'AssetData' object has no attribute 'tags_and_values'""}"
/Game,T_Tech_Hex_Tile_M,ObjectRedirector,/Game/StarterContent/Textures/T_Tech_Hex_Tile_M,/Game/StarterContent/Textures,/Game/StarterContent/Textures/T_Tech_Hex_Tile_M.T_Tech_Hex_Tile_M,True,/Game/TopDownShooter/Ressources/StarterContent/Textures/T_Tech_Hex_Tile_M,"{""__audit_error__"": ""'AssetData' object has no attribute 'tags_and_values'""}"
/Game,T_Tech_Hex_Tile_N,ObjectRedirector,/Game/StarterContent/Textures/T_Tech_Hex_Tile_N,/Game/StarterContent/Textures,/Game/StarterContent/Textures/T_Tech_Hex_Tile_N.T_Tech_Hex_Tile_N,True,/Game/TopDownShooter/Ressources/StarterContent/Textures/T_Tech_Hex_Tile_N,"{""__audit_error__"": ""'AssetData' object has no attribute 'tags_and_values'""}"
/Game,T_Tech_Panel_M,ObjectRedirector,/Game/StarterContent/Textures/T_Tech_Panel_M,/Game/StarterContent/Textures,/Game/StarterContent/Textures/T_Tech_Panel_M.T_Tech_Panel_M,True,/Game/TopDownShooter/Ressources/StarterContent/Textures/T_Tech_Panel_M,"{""__audit_error__"": ""'AssetData' object has no attribute 'tags_and_values'""}"
/Game,T_Tech_Panel_N,ObjectRedirector,/Game/StarterContent/Textures/T_Tech_Panel_N,/Game/StarterContent/Textures,/Game/StarterContent/Textures/T_Tech_Panel_N.T_Tech_Panel_N,True,/Game/TopDownShooter/Ressources/StarterContent/Textures/T_Tech_Panel_N,"{""__audit_error__"": ""'AssetData' object has no attribute 'tags_and_values'""}"
/Game,T_Water_M,ObjectRedirector,/Game/StarterContent/Textures/T_Water_M,/Game/StarterContent/Textures,/Game/StarterContent/Textures/T_Water_M.T_Water_M,True,/Game/TopDownShooter/Ressources/StarterContent/Textures/T_Water_M,"{""__audit_error__"": ""'AssetData' object has no attribute 'tags_and_values'""}"
/Game,T_Water_N,ObjectRedirector,/Game/StarterContent/Textures/T_Water_N,/Game/StarterContent/Textures,/Game/StarterContent/Textures/T_Water_N.T_Water_N,True,/Game/TopDownShooter/Ressources/StarterContent/Textures/T_Water_N,"{""__audit_error__"": ""'AssetData' object has no attribute 'tags_and_values'""}"
/Game,T_Wood_Floor_Walnut_D,ObjectRedirector,/Game/StarterContent/Textures/T_Wood_Floor_Walnut_D,/Game/StarterContent/Textures,/Game/StarterContent/Textures/T_Wood_Floor_Walnut_D.T_Wood_Floor_Walnut_D,True,/Game/TopDownShooter/Ressources/StarterContent/Textures/T_Wood_Floor_Walnut_D,"{""__audit_error__"": ""'AssetData' object has no attribute 'tags_and_values'""}"
/Game,T_Wood_Floor_Walnut_M,ObjectRedirector,/Game/StarterContent/Textures/T_Wood_Floor_Walnut_M,/Game/StarterContent/Textures,/Game/StarterContent/Textures/T_Wood_Floor_Walnut_M.T_Wood_Floor_Walnut_M,True,/Game/TopDownShooter/Ressources/StarterContent/Textures/T_Wood_Floor_Walnut_M,"{""__audit_error__"": ""'AssetData' object has no attribute 'tags_and_values'""}"
/Game,T_Wood_Floor_Walnut_N,ObjectRedirector,/Game/StarterContent/Textures/T_Wood_Floor_Walnut_N,/Game/StarterContent/Textures,/Game/StarterContent/Textures/T_Wood_Floor_Walnut_N.T_Wood_Floor_Walnut_N,True,/Game/TopDownShooter/Ressources/StarterContent/Textures/T_Wood_Floor_Walnut_N,"{""__audit_error__"": ""'AssetData' object has no attribute 'tags_and_values'""}"
/Game,T_Wood_Oak_D,ObjectRedirector,/Game/StarterContent/Textures/T_Wood_Oak_D,/Game/StarterContent/Textures,/Game/StarterContent/Textures/T_Wood_Oak_D.T_Wood_Oak_D,True,/Game/TopDownShooter/Ressources/StarterContent/Textures/T_Wood_Oak_D,"{""__audit_error__"": ""'AssetData' object has no attribute 'tags_and_values'""}"
/Game,T_Wood_Oak_N,ObjectRedirector,/Game/StarterContent/Textures/T_Wood_Oak_N,/Game/StarterContent/Textures,/Game/StarterContent/Textures/T_Wood_Oak_N.T_Wood_Oak_N,True,/Game/TopDownShooter/Ressources/StarterContent/Textures/T_Wood_Oak_N,"{""__audit_error__"": ""'AssetData' object has no attribute 'tags_and_values'""}"
/Game,T_Wood_Pine_D,ObjectRedirector,/Game/StarterContent/Textures/T_Wood_Pine_D,/Game/StarterContent/Textures,/Game/StarterContent/Textures/T_Wood_Pine_D.T_Wood_Pine_D,True,/Game/TopDownShooter/Ressources/StarterContent/Textures/T_Wood_Pine_D,"{""__audit_error__"": ""'AssetData' object has no attribute 'tags_and_values'""}"
/Game,T_Wood_Pine_N,ObjectRedirector,/Game/StarterContent/Textures/T_Wood_Pine_N,/Game/StarterContent/Textures,/Game/StarterContent/Textures/T_Wood_Pine_N.T_Wood_Pine_N,True,/Game/TopDownShooter/Ressources/StarterContent/Textures/T_Wood_Pine_N,"{""__audit_error__"": ""'AssetData' object has no attribute 'tags_and_values'""}"
/Game,T_Wood_Walnut_D,ObjectRedirector,/Game/StarterContent/Textures/T_Wood_Walnut_D,/Game/StarterContent/Textures,/Game/StarterContent/Textures/T_Wood_Walnut_D.T_Wood_Walnut_D,True,/Game/TopDownShooter/Ressources/StarterContent/Textures/T_Wood_Walnut_D,"{""__audit_error__"": ""'AssetData' object has no attribute 'tags_and_values'""}"
/Game,T_Wood_Walnut_N,ObjectRedirector,/Game/StarterContent/Textures/T_Wood_Walnut_N,/Game/StarterContent/Textures,/Game/StarterContent/Textures/T_Wood_Walnut_N.T_Wood_Walnut_N,True,/Game/TopDownShooter/Ressources/StarterContent/Textures/T_Wood_Walnut_N,"{""__audit_error__"": ""'AssetData' object has no attribute 'tags_and_values'""}"
/Game,AIC_Enemy,Blueprint,/Game/TopDownShooter/Core/AIC_Enemy,/Game/TopDownShooter/Core,/Game/TopDownShooter/Core/AIC_Enemy.AIC_Enemy,False,/Script/AIGraph|/Script/AIModule,"{""__audit_error__"": ""'AssetData' object has no attribute 'tags_and_values'""}"
/Game,ABP_Enemy,AnimBlueprint,/Game/TopDownShooter/Core/Animation/ABP_Enemy,/Game/TopDownShooter/Core/Animation,/Game/TopDownShooter/Core/Animation/ABP_Enemy.ABP_Enemy,False,/Game/TopDownShooter/Core/Animation/ABP_Hero|/Game/TopDownShooter/Core/Animation/BS_Enemy_Walk|/Game/TopDownShooter/Ressources/Character/SK_Manny|/Script/AnimGraphRuntime,"{""__audit_error__"": ""'AssetData' object has no attribute 'tags_and_values'""}"
/Game,ABP_Hero,AnimBlueprint,/Game/TopDownShooter/Core/Animation/ABP_Hero,/Game/TopDownShooter/Core/Animation,/Game/TopDownShooter/Core/Animation/ABP_Hero.ABP_Hero,False,/Game/TopDownShooter/Core/Animation/BS_Hero_Walk|/Game/TopDownShooter/Core/BP_Character|/Game/TopDownShooter/Ressources/Character/Animations/A_Character_Dead|/Game/TopDownShooter/Ressources/Character/SK_Manny|/Script/AnimGraph|/Script/AnimGraphRuntime,"{""__audit_error__"": ""'AssetData' object has no attribute 'tags_and_values'""}"
/Game,BS_Enemy_Walk,BlendSpace,/Game/TopDownShooter/Core/Animation/BS_Enemy_Walk,/Game/TopDownShooter/Core/Animation,/Game/TopDownShooter/Core/Animation/BS_Enemy_Walk.BS_Enemy_Walk,False,/Game/TopDownShooter/Ressources/Character/Animations/A_Enemy_Idle|/Game/TopDownShooter/Ressources/Character/Animations/A_Enemy_Walk_Fwd|/Game/TopDownShooter/Ressources/Character/Animations/A_Enemy_Walk_Left|/Game/TopDownShooter/Ressources/Character/Animations/A_Enemy_Walk_Right|/Game/TopDownShooter/Ressources/Character/SK_Manny,"{""__audit_error__"": ""'AssetData' object has no attribute 'tags_and_values'""}"
/Game,BS_Hero_Walk,BlendSpace,/Game/TopDownShooter/Core/Animation/BS_Hero_Walk,/Game/TopDownShooter/Core/Animation,/Game/TopDownShooter/Core/Animation/BS_Hero_Walk.BS_Hero_Walk,False,/Game/TopDownShooter/Ressources/Character/Animations/A_Hero_Idle|/Game/TopDownShooter/Ressources/Character/Animations/A_Hero_Walk_Bwd|/Game/TopDownShooter/Ressources/Character/Animations/A_Hero_Walk_Fwd|/Game/TopDownShooter/Ressources/Character/Animations/A_Hero_Walk_Left|/Game/TopDownShooter/Ressources/Character/Animations/A_Hero_Walk_Right|/Game/TopDownShooter/Ressources/Character/SK_Manny,"{""__audit_error__"": ""'AssetData' object has no attribute 'tags_and_values'""}"
/Game,BP_Character,Blueprint,/Game/TopDownShooter/Core/BP_Character,/Game/TopDownShooter/Core,/Game/TopDownShooter/Core/BP_Character.BP_Character,False,/Game/TopDownShooter/Ressources/Character/SKM_Manny|/Script/NavigationSystem,"{""__audit_error__"": ""'AssetData' object has no attribute 'tags_and_values'""}"
/Game,BP_Enemy,Blueprint,/Game/TopDownShooter/Core/BP_Enemy,/Game/TopDownShooter/Core,/Game/TopDownShooter/Core/BP_Enemy.BP_Enemy,False,/Game/TopDownShooter/Core/AIC_Enemy|/Game/TopDownShooter/Core/Animation/ABP_Enemy|/Game/TopDownShooter/Core/BPI_Damageable|/Game/TopDownShooter/Core/BPI_GameMode_MP|/Game/TopDownShooter/Core/BP_Character|/Game/TopDownShooter/Core/BP_Hero|/Game/TopDownShooter/Ressources/Audio/A_EnemyDeath_Cue|/Game/TopDownShooter/Ressources/Audio/A_EnemySpawn_Cue|/Script/NavigationSystem,"{""__audit_error__"": ""'AssetData' object has no attribute 'tags_and_values'""}"
/Game,BP_EnemySpawner,Blueprint,/Game/TopDownShooter/Core/BP_EnemySpawner,/Game/TopDownShooter/Core,/Game/TopDownShooter/Core/BP_EnemySpawner.BP_EnemySpawner,False,/Game/TopDownShooter/Core/BPI_GameMode_MP|/Game/TopDownShooter/Core/BP_Enemy|/Script/AIModule|/Script/NavigationSystem,"{""__audit_error__"": ""'AssetData' object has no attribute 'tags_and_values'""}"
/Game,BP_FPSCharacter,Blueprint,/Game/TopDownShooter/Core/BP_FPSCharacter,/Game/TopDownShooter/Core,/Game/TopDownShooter/Core/BP_FPSCharacter.BP_FPSCharacter,False,/Game/TopDownShooter/Core/Animation/ABP_Hero|/Game/TopDownShooter/Core/BPI_Damageable|/Game/TopDownShooter/Core/BPI_GameMode_MP|/Game/TopDownShooter/Core/BP_Character|/Game/TopDownShooter/Core/BP_GameMode|/Game/TopDownShooter/Core/Inputs/IMC_TopDown|/Game/TopDownShooter/Core/Inputs/INP_AutoFire|/Game/TopDownShooter/Core/Inputs/INP_FireProjectile|/Game/TopDownShooter/Core/Inputs/INP_LookAround|/Game/TopDownShooter/Core/Inputs/INP_MoveAround|/Game/TopDownShooter/Core/Weapon/BP_Gun|/Game/TopDownShooter/Ressources/Audio/A_Hero_Dead|/Game/TopDownShooter/Ressources/Audio/A_Player_Hit_Cue|/Game/TopDownShooter/Ressources/Audio/A_Player_Respawn_Cue|/Script/EnhancedInput|/Script/InputBlueprintNodes|/Script/UMG,"{""__audit_error__"": ""'AssetData' object has no attribute 'tags_and_values'""}"
/Game,BP_FPSGameMode,Blueprint,/Game/TopDownShooter/Core/BP_FPSGameMode,/Game/TopDownShooter/Core,/Game/TopDownShooter/Core/BP_FPSGameMode.BP_FPSGameMode,False,/Engine/EditorBlueprintResources/StandardMacros|/Game/TopDownShooter/Core/BPI_GameMode_MP|/Game/TopDownShooter/Core/BP_EnemySpawner|/Game/TopDownShooter/Core/BP_FPSCharacter|/Game/TopDownShooter/Core/BP_Hero|/Game/TopDownShooter/Core/WBP_InGameHUD|/Script/UMG|/Script/UMGEditor,"{""__audit_error__"": ""'AssetData' object has no attribute 'tags_and_values'""}"
/Game,BP_GameMode,Blueprint,/Game/TopDownShooter/Core/BP_GameMode,/Game/TopDownShooter/Core,/Game/TopDownShooter/Core/BP_GameMode.BP_GameMode,False,/Engine/EditorBlueprintResources/StandardMacros|/Game/TopDownShooter/Core/BPI_GameMode_MP|/Game/TopDownShooter/Core/BP_EnemySpawner|/Game/TopDownShooter/Core/BP_Hero|/Game/TopDownShooter/Core/WBP_InGameHUD|/Script/UMG|/Script/UMGEditor,"{""__audit_error__"": ""'AssetData' object has no attribute 'tags_and_values'""}"
/Game,BP_Hero,Blueprint,/Game/TopDownShooter/Core/BP_Hero,/Game/TopDownShooter/Core,/Game/TopDownShooter/Core/BP_Hero.BP_Hero,False,/Game/TopDownShooter/Core/Animation/ABP_Hero|/Game/TopDownShooter/Core/BPI_Damageable|/Game/TopDownShooter/Core/BPI_GameMode_MP|/Game/TopDownShooter/Core/BP_Character|/Game/TopDownShooter/Core/BP_GameMode|/Game/TopDownShooter/Core/Inputs/IMC_TopDown|/Game/TopDownShooter/Core/Inputs/INP_AutoFire|/Game/TopDownShooter/Core/Inputs/INP_FireProjectile|/Game/TopDownShooter/Core/Inputs/INP_LookAround|/Game/TopDownShooter/Core/Inputs/INP_MoveAround|/Game/TopDownShooter/Core/Weapon/BP_Gun|/Game/TopDownShooter/Ressources/Audio/A_Hero_Dead|/Game/TopDownShooter/Ressources/Audio/A_Player_Hit_Cue|/Game/TopDownShooter/Ressources/Audio/A_Player_Respawn_Cue|/Script/EnhancedInput|/Script/InputBlueprintNodes|/Script/UMG,"{""__audit_error__"": ""'AssetData' object has no attribute 'tags_and_values'""}"
/Game,BPI_Damageable,Blueprint,/Game/TopDownShooter/Core/BPI_Damageable,/Game/TopDownShooter/Core,/Game/TopDownShooter/Core/BPI_Damageable.BPI_Damageable,False,,"{""__audit_error__"": ""'AssetData' object has no attribute 'tags_and_values'""}"
/Game,BPI_GameMode_MP,Blueprint,/Game/TopDownShooter/Core/BPI_GameMode_MP,/Game/TopDownShooter/Core,/Game/TopDownShooter/Core/BPI_GameMode_MP.BPI_GameMode_MP,False,/Game/TopDownShooter/Core/BP_EnemySpawner,"{""__audit_error__"": ""'AssetData' object has no attribute 'tags_and_values'""}"
/Game,IMC_FPS,InputMappingContext,/Game/TopDownShooter/Core/Inputs/IMC_FPS,/Game/TopDownShooter/Core/Inputs,/Game/TopDownShooter/Core/Inputs/IMC_FPS.IMC_FPS,False,/Game/TopDownShooter/Core/Inputs/INP_AutoFire|/Game/TopDownShooter/Core/Inputs/INP_FireProjectile|/Game/TopDownShooter/Core/Inputs/INP_LookAround|/Game/TopDownShooter/Core/Inputs/INP_MoveAround|/Script/EnhancedInput,"{""__audit_error__"": ""'AssetData' object has no attribute 'tags_and_values'""}"
/Game,IMC_TopDown,InputMappingContext,/Game/TopDownShooter/Core/Inputs/IMC_TopDown,/Game/TopDownShooter/Core/Inputs,/Game/TopDownShooter/Core/Inputs/IMC_TopDown.IMC_TopDown,False,/Game/TopDownShooter/Core/Inputs/INP_AutoFire|/Game/TopDownShooter/Core/Inputs/INP_FireProjectile|/Game/TopDownShooter/Core/Inputs/INP_LookAround|/Game/TopDownShooter/Core/Inputs/INP_MoveAround|/Script/EnhancedInput,"{""__audit_error__"": ""'AssetData' object has no attribute 'tags_and_values'""}"
/Game,INP_AutoFire,InputAction,/Game/TopDownShooter/Core/Inputs/INP_AutoFire,/Game/TopDownShooter/Core/Inputs,/Game/TopDownShooter/Core/Inputs/INP_AutoFire.INP_AutoFire,False,/Script/EnhancedInput,"{""__audit_error__"": ""'AssetData' object has no attribute 'tags_and_values'""}"
/Game,INP_FireProjectile,InputAction,/Game/TopDownShooter/Core/Inputs/INP_FireProjectile,/Game/TopDownShooter/Core/Inputs,/Game/TopDownShooter/Core/Inputs/INP_FireProjectile.INP_FireProjectile,False,/Script/EnhancedInput,"{""__audit_error__"": ""'AssetData' object has no attribute 'tags_and_values'""}"
/Game,INP_LookAround,InputAction,/Game/TopDownShooter/Core/Inputs/INP_LookAround,/Game/TopDownShooter/Core/Inputs,/Game/TopDownShooter/Core/Inputs/INP_LookAround.INP_LookAround,False,/Script/EnhancedInput,"{""__audit_error__"": ""'AssetData' object has no attribute 'tags_and_values'""}"
/Game,INP_MoveAround,InputAction,/Game/TopDownShooter/Core/Inputs/INP_MoveAround,/Game/TopDownShooter/Core/Inputs,/Game/TopDownShooter/Core/Inputs/INP_MoveAround.INP_MoveAround,False,/Script/EnhancedInput,"{""__audit_error__"": ""'AssetData' object has no attribute 'tags_and_values'""}"
/Game,WBP_InGameHUD,WidgetBlueprint,/Game/TopDownShooter/Core/WBP_InGameHUD,/Game/TopDownShooter/Core,/Game/TopDownShooter/Core/WBP_InGameHUD.WBP_InGameHUD,False,/Script/SlateCore|/Script/UMG|/Script/UMGEditor,"{""__audit_error__"": ""'AssetData' object has no attribute 'tags_and_values'""}"
/Game,BP_Gun,Blueprint,/Game/TopDownShooter/Core/Weapon/BP_Gun,/Game/TopDownShooter/Core/Weapon,/Game/TopDownShooter/Core/Weapon/BP_Gun.BP_Gun,False,/Game/TopDownShooter/Core/Weapon/BP_Projectile|/Game/TopDownShooter/Ressources/Audio/A_FireProjectile_Cue|/Game/TopDownShooter/Ressources/Rifle/Mesh/SK_Rifle|/Script/AudioExtensions,"{""__audit_error__"": ""'AssetData' object has no attribute 'tags_and_values'""}"
/Game,BP_Projectile,Blueprint,/Game/TopDownShooter/Core/Weapon/BP_Projectile,/Game/TopDownShooter/Core/Weapon,/Game/TopDownShooter/Core/Weapon/BP_Projectile.BP_Projectile,False,/Engine/BasicShapes/Sphere|/Game/TopDownShooter/Core/BPI_Damageable|/Game/TopDownShooter/Core/Weapon/Mi_Projectile|/Game/TopDownShooter/Ressources/Audio/A_FireProjectile_Cue|/Script/NavigationSystem,"{""__audit_error__"": ""'AssetData' object has no attribute 'tags_and_values'""}"
/Game,M_Projectile,Material,/Game/TopDownShooter/Core/Weapon/M_Projectile,/Game/TopDownShooter/Core/Weapon,/Game/TopDownShooter/Core/Weapon/M_Projectile.M_Projectile,False,,"{""__audit_error__"": ""'AssetData' object has no attribute 'tags_and_values'""}"
/Game,Mi_Projectile,MaterialInstanceConstant,/Game/TopDownShooter/Core/Weapon/Mi_Projectile,/Game/TopDownShooter/Core/Weapon,/Game/TopDownShooter/Core/Weapon/Mi_Projectile.Mi_Projectile,False,/Game/TopDownShooter/Core/Weapon/M_Projectile,"{""__audit_error__"": ""'AssetData' object has no attribute 'tags_and_values'""}"
/Game,Mi_Projectile_Enemy,MaterialInstanceConstant,/Game/TopDownShooter/Core/Weapon/Mi_Projectile_Enemy,/Game/TopDownShooter/Core/Weapon,/Game/TopDownShooter/Core/Weapon/Mi_Projectile_Enemy.Mi_Projectile_Enemy,False,/Game/TopDownShooter/Core/Weapon/M_Projectile,"{""__audit_error__"": ""'AssetData' object has no attribute 'tags_and_values'""}"
/Game,CubeGridToolOutput_02A99EA6,StaticMesh,/Game/TopDownShooter/Maps/_GENERATED/malik/CubeGridToolOutput_02A99EA6,/Game/TopDownShooter/Maps/_GENERATED/malik,/Game/TopDownShooter/Maps/_GENERATED/malik/CubeGridToolOutput_02A99EA6.CubeGridToolOutput_02A99EA6,False,/Engine/EngineMaterials/WorldGridMaterial|/Script/NavigationSystem,"{""__audit_error__"": ""'AssetData' object has no attribute 'tags_and_values'""}"
/Game,CubeGridToolOutput_3C7ECFCF,StaticMesh,/Game/TopDownShooter/Maps/_GENERATED/malik/CubeGridToolOutput_3C7ECFCF,/Game/TopDownShooter/Maps/_GENERATED/malik,/Game/TopDownShooter/Maps/_GENERATED/malik/CubeGridToolOutput_3C7ECFCF.CubeGridToolOutput_3C7ECFCF,False,/Engine/EngineMaterials/WorldGridMaterial|/Game/TopDownShooter/Ressources/StarterContent/Materials/M_Brick_Clay_New|/Script/NavigationSystem,"{""__audit_error__"": ""'AssetData' object has no attribute 'tags_and_values'""}"
/Game,CubeGridToolOutput_486F90D7,StaticMesh,/Game/TopDownShooter/Maps/_GENERATED/malik/CubeGridToolOutput_486F90D7,/Game/TopDownShooter/Maps/_GENERATED/malik,/Game/TopDownShooter/Maps/_GENERATED/malik/CubeGridToolOutput_486F90D7.CubeGridToolOutput_486F90D7,False,/Engine/EngineMaterials/WorldGridMaterial|/Game/TopDownShooter/Ressources/StarterContent/Materials/M_Brick_Clay_New|/Game/TopDownShooter/Ressources/StarterContent/Materials/M_Metal_Chrome|/Game/TopDownShooter/Ressources/StarterContent/Materials/M_Wood_Floor_Walnut_Polished|/Game/TopDownShooter/Ressources/StarterContent/Materials/M_Wood_Floor_Walnut_Worn|/Game/TopDownShooter/Ressources/StarterContent/Materials/M_Wood_Walnut|/Script/NavigationSystem,"{""__audit_error__"": ""'AssetData' object has no attribute 'tags_and_values'""}"
/Game,CubeGridToolOutput_5C3D79D5,StaticMesh,/Game/TopDownShooter/Maps/_GENERATED/malik/CubeGridToolOutput_5C3D79D5,/Game/TopDownShooter/Maps/_GENERATED/malik,/Game/TopDownShooter/Maps/_GENERATED/malik/CubeGridToolOutput_5C3D79D5.CubeGridToolOutput_5C3D79D5,False,/Game/TopDownShooter/Ressources/StarterContent/Materials/M_Wood_Walnut|/Script/NavigationSystem,"{""__audit_error__"": ""'AssetData' object has no attribute 'tags_and_values'""}"
/Game,CubeGridToolOutput_6AD81E9E,StaticMesh,/Game/TopDownShooter/Maps/_GENERATED/malik/CubeGridToolOutput_6AD81E9E,/Game/TopDownShooter/Maps/_GENERATED/malik,/Game/TopDownShooter/Maps/_GENERATED/malik/CubeGridToolOutput_6AD81E9E.CubeGridToolOutput_6AD81E9E,False,/Engine/EngineMaterials/WorldGridMaterial|/Script/NavigationSystem,"{""__audit_error__"": ""'AssetData' object has no attribute 'tags_and_values'""}"
/Game,CubeGridToolOutput_6B94D04D,StaticMesh,/Game/TopDownShooter/Maps/_GENERATED/malik/CubeGridToolOutput_6B94D04D,/Game/TopDownShooter/Maps/_GENERATED/malik,/Game/TopDownShooter/Maps/_GENERATED/malik/CubeGridToolOutput_6B94D04D.CubeGridToolOutput_6B94D04D,False,/Engine/EngineMaterials/WorldGridMaterial|/Script/NavigationSystem,"{""__audit_error__"": ""'AssetData' object has no attribute 'tags_and_values'""}"
/Game,CubeGridToolOutput_78BD5808,StaticMesh,/Game/TopDownShooter/Maps/_GENERATED/malik/CubeGridToolOutput_78BD5808,/Game/TopDownShooter/Maps/_GENERATED/malik,/Game/TopDownShooter/Maps/_GENERATED/malik/CubeGridToolOutput_78BD5808.CubeGridToolOutput_78BD5808,False,/Game/TopDownShooter/Ressources/StarterContent/Materials/M_Basic_Floor|/Game/TopDownShooter/Ressources/StarterContent/Materials/M_Brick_Clay_New|/Game/TopDownShooter/Ressources/StarterContent/Materials/M_Wood_Oak|/Game/TopDownShooter/Ressources/StarterContent/Materials/M_Wood_Walnut|/Script/NavigationSystem,"{""__audit_error__"": ""'AssetData' object has no attribute 'tags_and_values'""}"
/Game,CubeGridToolOutput_985FE828,StaticMesh,/Game/TopDownShooter/Maps/_GENERATED/malik/CubeGridToolOutput_985FE828,/Game/TopDownShooter/Maps/_GENERATED/malik,/Game/TopDownShooter/Maps/_GENERATED/malik/CubeGridToolOutput_985FE828.CubeGridToolOutput_985FE828,False,/Engine/EngineMaterials/WorldGridMaterial|/Script/NavigationSystem,"{""__audit_error__"": ""'AssetData' object has no attribute 'tags_and_values'""}"
/Game,CubeGridToolOutput_A81A765E,StaticMesh,/Game/TopDownShooter/Maps/_GENERATED/malik/CubeGridToolOutput_A81A765E,/Game/TopDownShooter/Maps/_GENERATED/malik,/Game/TopDownShooter/Maps/_GENERATED/malik/CubeGridToolOutput_A81A765E.CubeGridToolOutput_A81A765E,False,/Engine/EngineMaterials/WorldGridMaterial|/Script/NavigationSystem,"{""__audit_error__"": ""'AssetData' object has no attribute 'tags_and_values'""}"
/Game,CubeGridToolOutput_B38D535B,StaticMesh,/Game/TopDownShooter/Maps/_GENERATED/malik/CubeGridToolOutput_B38D535B,/Game/TopDownShooter/Maps/_GENERATED/malik,/Game/TopDownShooter/Maps/_GENERATED/malik/CubeGridToolOutput_B38D535B.CubeGridToolOutput_B38D535B,False,/Engine/EngineMaterials/WorldGridMaterial|/Script/NavigationSystem,"{""__audit_error__"": ""'AssetData' object has no attribute 'tags_and_values'""}"
/Game,CubeGridToolOutput_E7617FD1,StaticMesh,/Game/TopDownShooter/Maps/_GENERATED/malik/CubeGridToolOutput_E7617FD1,/Game/TopDownShooter/Maps/_GENERATED/malik,/Game/TopDownShooter/Maps/_GENERATED/malik/CubeGridToolOutput_E7617FD1.CubeGridToolOutput_E7617FD1,False,/Engine/EngineMaterials/WorldGridMaterial|/Script/NavigationSystem,"{""__audit_error__"": ""'AssetData' object has no attribute 'tags_and_values'""}"
/Game,CubeGridToolOutput_F7328079,StaticMesh,/Game/TopDownShooter/Maps/_GENERATED/malik/CubeGridToolOutput_F7328079,/Game/TopDownShooter/Maps/_GENERATED/malik,/Game/TopDownShooter/Maps/_GENERATED/malik/CubeGridToolOutput_F7328079.CubeGridToolOutput_F7328079,False,/Game/TopDownShooter/Ressources/StarterContent/Materials/M_Brick_Clay_New|/Game/TopDownShooter/Ressources/StarterContent/Materials/M_Wood_Walnut|/Script/NavigationSystem,"{""__audit_error__"": ""'AssetData' object has no attribute 'tags_and_values'""}"
/Game,Cylinder_2BF5A45E,StaticMesh,/Game/TopDownShooter/Maps/_GENERATED/malik/Cylinder_2BF5A45E,/Game/TopDownShooter/Maps/_GENERATED/malik,/Game/TopDownShooter/Maps/_GENERATED/malik/Cylinder_2BF5A45E.Cylinder_2BF5A45E,False,/Game/TopDownShooter/Ressources/StarterContent/Materials/M_Brick_Cut_Stone|/Script/NavigationSystem,"{""__audit_error__"": ""'AssetData' object has no attribute 'tags_and_values'""}"
/Game,Cylinder_76271BC8,StaticMesh,/Game/TopDownShooter/Maps/_GENERATED/malik/Cylinder_76271BC8,/Game/TopDownShooter/Maps/_GENERATED/malik,/Game/TopDownShooter/Maps/_GENERATED/malik/Cylinder_76271BC8.Cylinder_76271BC8,False,/Game/TopDownShooter/Ressources/StarterContent/Materials/M_Brick_Cut_Stone|/Script/NavigationSystem,"{""__audit_error__"": ""'AssetData' object has no attribute 'tags_and_values'""}"
/Game,Extrude_17C5038F,StaticMesh,/Game/TopDownShooter/Maps/_GENERATED/malik/Extrude_17C5038F,/Game/TopDownShooter/Maps/_GENERATED/malik,/Game/TopDownShooter/Maps/_GENERATED/malik/Extrude_17C5038F.Extrude_17C5038F,False,/Game/TopDownShooter/Ressources/StarterContent/Materials/M_Brick_Cut_Stone|/Script/NavigationSystem,"{""__audit_error__"": ""'AssetData' object has no attribute 'tags_and_values'""}"
/Game,Extrude_21A2A8E3,StaticMesh,/Game/TopDownShooter/Maps/_GENERATED/malik/Extrude_21A2A8E3,/Game/TopDownShooter/Maps/_GENERATED/malik,/Game/TopDownShooter/Maps/_GENERATED/malik/Extrude_21A2A8E3.Extrude_21A2A8E3,False,/Game/TopDownShooter/Ressources/StarterContent/Materials/M_Brick_Cut_Stone|/Script/NavigationSystem,"{""__audit_error__"": ""'AssetData' object has no attribute 'tags_and_values'""}"
/Game,Extrude_34B3ABD4,StaticMesh,/Game/TopDownShooter/Maps/_GENERATED/malik/Extrude_34B3ABD4,/Game/TopDownShooter/Maps/_GENERATED/malik,/Game/TopDownShooter/Maps/_GENERATED/malik/Extrude_34B3ABD4.Extrude_34B3ABD4,False,/Game/TopDownShooter/Ressources/StarterContent/Materials/M_Brick_Cut_Stone|/Script/NavigationSystem,"{""__audit_error__"": ""'AssetData' object has no attribute 'tags_and_values'""}"
/Game,Extrude_6E576483,StaticMesh,/Game/TopDownShooter/Maps/_GENERATED/malik/Extrude_6E576483,/Game/TopDownShooter/Maps/_GENERATED/malik,/Game/TopDownShooter/Maps/_GENERATED/malik/Extrude_6E576483.Extrude_6E576483,False,/Game/TopDownShooter/Ressources/StarterContent/Materials/M_Brick_Cut_Stone|/Script/NavigationSystem,"{""__audit_error__"": ""'AssetData' object has no attribute 'tags_and_values'""}"
/Game,Extrude_A80A12EA,StaticMesh,/Game/TopDownShooter/Maps/_GENERATED/malik/Extrude_A80A12EA,/Game/TopDownShooter/Maps/_GENERATED/malik,/Game/TopDownShooter/Maps/_GENERATED/malik/Extrude_A80A12EA.Extrude_A80A12EA,False,/Game/TopDownShooter/Ressources/StarterContent/Materials/M_Brick_Cut_Stone|/Script/NavigationSystem,"{""__audit_error__"": ""'AssetData' object has no attribute 'tags_and_values'""}"
/Game,Extrude_B470A822,StaticMesh,/Game/TopDownShooter/Maps/_GENERATED/malik/Extrude_B470A822,/Game/TopDownShooter/Maps/_GENERATED/malik,/Game/TopDownShooter/Maps/_GENERATED/malik/Extrude_B470A822.Extrude_B470A822,False,/Game/TopDownShooter/Ressources/StarterContent/Materials/M_Brick_Cut_Stone|/Script/NavigationSystem,"{""__audit_error__"": ""'AssetData' object has no attribute 'tags_and_values'""}"
/Game,Extrude_B94D1677,StaticMesh,/Game/TopDownShooter/Maps/_GENERATED/malik/Extrude_B94D1677,/Game/TopDownShooter/Maps/_GENERATED/malik,/Game/TopDownShooter/Maps/_GENERATED/malik/Extrude_B94D1677.Extrude_B94D1677,False,/Game/TopDownShooter/Ressources/StarterContent/Materials/M_Brick_Cut_Stone|/Script/NavigationSystem,"{""__audit_error__"": ""'AssetData' object has no attribute 'tags_and_values'""}"
/Game,Stairs_7F62ED08,StaticMesh,/Game/TopDownShooter/Maps/_GENERATED/malik/Stairs_7F62ED08,/Game/TopDownShooter/Maps/_GENERATED/malik,/Game/TopDownShooter/Maps/_GENERATED/malik/Stairs_7F62ED08.Stairs_7F62ED08,False,/Engine/EngineMaterials/WorldGridMaterial|/Script/NavigationSystem,"{""__audit_error__"": ""'AssetData' object has no attribute 'tags_and_values'""}"
/Game,Stairs_881AC07C,StaticMesh,/Game/TopDownShooter/Maps/_GENERATED/malik/Stairs_881AC07C,/Game/TopDownShooter/Maps/_GENERATED/malik,/Game/TopDownShooter/Maps/_GENERATED/malik/Stairs_881AC07C.Stairs_881AC07C,False,/Engine/EngineMaterials/WorldGridMaterial|/Game/TopDownShooter/Ressources/StarterContent/Materials/M_Brick_Clay_New|/Script/NavigationSystem,"{""__audit_error__"": ""'AssetData' object has no attribute 'tags_and_values'""}"
/Game,Stairs_C0CD46F9,StaticMesh,/Game/TopDownShooter/Maps/_GENERATED/malik/Stairs_C0CD46F9,/Game/TopDownShooter/Maps/_GENERATED/malik,/Game/TopDownShooter/Maps/_GENERATED/malik/Stairs_C0CD46F9.Stairs_C0CD46F9,False,/Engine/EngineMaterials/WorldGridMaterial|/Script/NavigationSystem,"{""__audit_error__"": ""'AssetData' object has no attribute 'tags_and_values'""}"
/Game,AI_TestMap,World,/Game/TopDownShooter/Maps/AI_TestMap,/Game/TopDownShooter/Maps,/Game/TopDownShooter/Maps/AI_TestMap.AI_TestMap,False,/Engine/BasicShapes/Cube|/Engine/BasicShapes/Sphere|/Engine/EditorResources/LightIcons/S_LightError|/Game/TopDownShooter/Core/BP_FPSGameMode|/Script/NavigationSystem,"{""__audit_error__"": ""'AssetData' object has no attribute 'tags_and_values'""}"
/Game,MainMap,World,/Game/TopDownShooter/Maps/MainMap,/Game/TopDownShooter/Maps,/Game/TopDownShooter/Maps/MainMap.MainMap,False,/Engine/EditorResources/AudioIcons/S_AudioComponent|/Engine/EditorResources/AudioIcons/S_AudioComponent_AutoActivate|/Engine/EditorResources/LightIcons/S_LightError|/Engine/EngineMaterials/WorldGridMaterial|/Game/TopDownShooter/Core/BP_Enemy|/Game/TopDownShooter/Core/BP_EnemySpawner|/Game/TopDownShooter/Maps/_GENERATED/malik/CubeGridToolOutput_486F90D7|/Game/TopDownShooter/Ressources/Audio/A_InGame_BG_Music_Cue|/Game/TopDownShooter/Ressources/Character/MI_Manny_01|/Game/TopDownShooter/Ressources/Character/MI_Manny_02|/Game/TopDownShooter/Ressources/Fab/Megascans/3D/Coconut_tg3mfgrpa/Medium/tg3mfgrpa_tier_2|/Game/TopDownShooter/Ressources/SM_MatPreviewMesh_01|/Script/NavigationSystem,"{""__audit_error__"": ""'AssetData' object has no attribute 'tags_and_values'""}"
/Game,MainMap1,World,/Game/TopDownShooter/Maps/MainMap1,/Game/TopDownShooter/Maps,/Game/TopDownShooter/Maps/MainMap1.MainMap1,False,/Engine/EditorResources/AudioIcons/S_AudioComponent|/Engine/EditorResources/AudioIcons/S_AudioComponent_AutoActivate|/Engine/EditorResources/LightIcons/S_LightError|/Engine/EngineMaterials/WorldGridMaterial|/Game/TopDownShooter/Core/BP_Enemy|/Game/TopDownShooter/Core/BP_EnemySpawner|/Game/TopDownShooter/Maps/_GENERATED/malik/CubeGridToolOutput_02A99EA6|/Game/TopDownShooter/Maps/_GENERATED/malik/CubeGridToolOutput_486F90D7|/Game/TopDownShooter/Maps/_GENERATED/malik/CubeGridToolOutput_6B94D04D|/Game/TopDownShooter/Maps/_GENERATED/malik/CubeGridToolOutput_985FE828|/Game/TopDownShooter/Maps/_GENERATED/malik/CubeGridToolOutput_E7617FD1|/Game/TopDownShooter/Ressources/Audio/A_InGame_BG_Music_Cue|/Game/TopDownShooter/Ressources/Character/MI_Manny_01|/Game/TopDownShooter/Ressources/Character/MI_Manny_02|/Game/TopDownShooter/Ressources/Fab/Megascans/3D/Coconut_tg3mfgrpa/Medium/tg3mfgrpa_tier_2|/Game/TopDownShooter/Ressources/SM_MatPreviewMesh_01|/Game/TopDownShooter/Ressources/StarterContent/Materials/M_Brick_Clay_New|/Game/TopDownShooter/Ressources/StarterContent/Materials/M_Wood_Floor_Walnut_Polished|/Game/TopDownShooter/Ressources/StarterContent/Materials/M_Wood_Floor_Walnut_Worn|/Script/NavigationSystem,"{""__audit_error__"": ""'AssetData' object has no attribute 'tags_and_values'""}"
/Game,ZM_BlackTide_ArtPass,World,/Game/TopDownShooter/Maps/ZM_BlackTide_ArtPass,/Game/TopDownShooter/Maps,/Game/TopDownShooter/Maps/ZM_BlackTide_ArtPass.ZM_BlackTide_ArtPass,False,/Engine/BasicShapes/Cube|/Engine/BasicShapes/Cylinder|/Engine/BasicShapes/Sphere|/Engine/EditorResources/LightIcons/S_LightError|/Engine/EngineMaterials/WorldGridMaterial|/Game/TopDownShooter/Core/BP_FPSGameMode|/Game/TopDownShooter/Ressources/StarterContent/Materials/M_Brick_Clay_Beveled|/Game/TopDownShooter/Ressources/StarterContent/Materials/M_Concrete_Grime|/Game/TopDownShooter/Ressources/StarterContent/Materials/M_Glass|/Game/TopDownShooter/Ressources/StarterContent/Materials/M_Metal_Brushed_Nickel|/Game/TopDownShooter/Ressources/StarterContent/Materials/M_Wood_Floor_Walnut_Polished|/Script/NavigationSystem,"{""__audit_error__"": ""'AssetData' object has no attribute 'tags_and_values'""}"
/Game,ZM_BlackTide_ArtPass_V2,World,/Game/TopDownShooter/Maps/ZM_BlackTide_ArtPass_V2,/Game/TopDownShooter/Maps,/Game/TopDownShooter/Maps/ZM_BlackTide_ArtPass_V2.ZM_BlackTide_ArtPass_V2,False,/Engine/BasicShapes/Cube|/Engine/BasicShapes/Cylinder|/Engine/BasicShapes/Sphere|/Engine/EditorResources/LightIcons/S_LightError|/Engine/EngineMaterials/WorldGridMaterial|/Game/TopDownShooter/Core/BP_FPSGameMode|/Game/TopDownShooter/Ressources/StarterContent/Architecture/Wall_400x400|/Game/TopDownShooter/Ressources/StarterContent/Architecture/Wall_Door_400x400|/Game/TopDownShooter/Ressources/StarterContent/Architecture/Wall_Window_400x400|/Game/TopDownShooter/Ressources/StarterContent/Blueprints/Blueprint_CeilingLight|/Game/TopDownShooter/Ressources/StarterContent/Blueprints/Blueprint_WallSconce|/Game/TopDownShooter/Ressources/StarterContent/Materials/M_Brick_Clay_Beveled|/Game/TopDownShooter/Ressources/StarterContent/Materials/M_Brick_Clay_Old|/Game/TopDownShooter/Ressources/StarterContent/Materials/M_CobbleStone_Rough|/Game/TopDownShooter/Ressources/StarterContent/Materials/M_Concrete_Grime|/Game/TopDownShooter/Ressources/StarterContent/Materials/M_Concrete_Panels|/Game/TopDownShooter/Ressources/StarterContent/Materials/M_Glass|/Game/TopDownShooter/Ressources/StarterContent/Materials/M_Ground_Moss|/Game/TopDownShooter/Ressources/StarterContent/Materials/M_Metal_Brushed_Nickel|/Game/TopDownShooter/Ressources/StarterContent/Materials/M_Metal_Rust|/Game/TopDownShooter/Ressources/StarterContent/Materials/M_Metal_Steel|/Game/TopDownShooter/Ressources/StarterContent/Materials/M_Tech_Hex_Tile_Pulse|/Game/TopDownShooter/Ressources/StarterContent/Materials/M_Tech_Panel|/Game/TopDownShooter/Ressources/StarterContent/Materials/M_Water_Ocean|/Game/TopDownShooter/Ressources/StarterContent/Materials/M_Wood_Floor_Walnut_Polished|/Game/TopDownShooter/Ressources/StarterContent/Materials/M_Wood_Floor_Walnut_Worn|/Game/TopDownShooter/Ressources/StarterContent/Props/SM_Chair|/Game/TopDownShooter/Ressources/StarterContent/Props/SM_Couch|/Game/TopDownShooter/Ressources/StarterContent/Props/SM_Door|/Game/TopDownShooter/Ressources/StarterContent/Props/SM_GlassWindow|/Game/TopDownShooter/Ressources/StarterContent/Props/SM_PillarFrame300|/Game/TopDownShooter/Ressources/StarterContent/Props/SM_Rock|/Game/TopDownShooter/Ressources/StarterContent/Props/SM_Shelf|/Game/TopDownShooter/Ressources/StarterContent/Props/SM_Statue|/Game/TopDownShooter/Ressources/StarterContent/Props/SM_TableRound|/Game/TopDownShooter/Ressources/StarterContent/Props/SM_WindowFrame|/Game/TopDownShooter/Ressources/StarterContent/Shapes/Shape_Cube|/Game/TopDownShooter/Ressources/StarterContent/Shapes/Shape_Cylinder|/Game/TopDownShooter/Ressources/StarterContent/Shapes/Shape_Pipe|/Game/TopDownShooter/Ressources/StarterContent/Shapes/Shape_Plane|/Game/TopDownShooter/Ressources/StarterContent/Shapes/Shape_Torus|/Script/NavigationSystem,"{""__audit_error__"": ""'AssetData' object has no attribute 'tags_and_values'""}"
/Game,ZM_BlackTide_Greybox,World,/Game/TopDownShooter/Maps/ZM_BlackTide_Greybox,/Game/TopDownShooter/Maps,/Game/TopDownShooter/Maps/ZM_BlackTide_Greybox.ZM_BlackTide_Greybox,False,/Engine/BasicShapes/Cube|/Engine/BasicShapes/Cylinder|/Engine/BasicShapes/Sphere|/Engine/EditorResources/LightIcons/S_LightError|/Game/TopDownShooter/Core/BP_FPSGameMode|/Game/TopDownShooter/Ressources/StarterContent/Materials/M_Brick_Clay_Beveled|/Game/TopDownShooter/Ressources/StarterContent/Materials/M_Concrete_Grime|/Game/TopDownShooter/Ressources/StarterContent/Materials/M_Glass|/Game/TopDownShooter/Ressources/StarterContent/Materials/M_Metal_Brushed_Nickel|/Game/TopDownShooter/Ressources/StarterContent/Materials/M_Wood_Floor_Walnut_Polished|/Script/NavigationSystem,"{""__audit_error__"": ""'AssetData' object has no attribute 'tags_and_values'""}"
/Game,A_Enemy_Dead_01,SoundWave,/Game/TopDownShooter/Ressources/Audio/A_Enemy_Dead_01,/Game/TopDownShooter/Ressources/Audio,/Game/TopDownShooter/Ressources/Audio/A_Enemy_Dead_01.A_Enemy_Dead_01,False,,"{""__audit_error__"": ""'AssetData' object has no attribute 'tags_and_values'""}"
/Game,A_Enemy_Dead_02,SoundWave,/Game/TopDownShooter/Ressources/Audio/A_Enemy_Dead_02,/Game/TopDownShooter/Ressources/Audio,/Game/TopDownShooter/Ressources/Audio/A_Enemy_Dead_02.A_Enemy_Dead_02,False,,"{""__audit_error__"": ""'AssetData' object has no attribute 'tags_and_values'""}"
/Game,A_Enemy_Dead_03,SoundWave,/Game/TopDownShooter/Ressources/Audio/A_Enemy_Dead_03,/Game/TopDownShooter/Ressources/Audio,/Game/TopDownShooter/Ressources/Audio/A_Enemy_Dead_03.A_Enemy_Dead_03,False,,"{""__audit_error__"": ""'AssetData' object has no attribute 'tags_and_values'""}"
/Game,A_Enemy_Spawn_01,SoundWave,/Game/TopDownShooter/Ressources/Audio/A_Enemy_Spawn_01,/Game/TopDownShooter/Ressources/Audio,/Game/TopDownShooter/Ressources/Audio/A_Enemy_Spawn_01.A_Enemy_Spawn_01,False,,"{""__audit_error__"": ""'AssetData' object has no attribute 'tags_and_values'""}"
/Game,A_Enemy_Spawn_02,SoundWave,/Game/TopDownShooter/Ressources/Audio/A_Enemy_Spawn_02,/Game/TopDownShooter/Ressources/Audio,/Game/TopDownShooter/Ressources/Audio/A_Enemy_Spawn_02.A_Enemy_Spawn_02,False,,"{""__audit_error__"": ""'AssetData' object has no attribute 'tags_and_values'""}"
/Game,A_Enemy_Spawn_03,SoundWave,/Game/TopDownShooter/Ressources/Audio/A_Enemy_Spawn_03,/Game/TopDownShooter/Ressources/Audio,/Game/TopDownShooter/Ressources/Audio/A_Enemy_Spawn_03.A_Enemy_Spawn_03,False,,"{""__audit_error__"": ""'AssetData' object has no attribute 'tags_and_values'""}"
/Game,A_EnemyDeath_Cue,SoundCue,/Game/TopDownShooter/Ressources/Audio/A_EnemyDeath_Cue,/Game/TopDownShooter/Ressources/Audio,/Game/TopDownShooter/Ressources/Audio/A_EnemyDeath_Cue.A_EnemyDeath_Cue,False,/Game/TopDownShooter/Ressources/Audio/A_Enemy_Dead_01|/Game/TopDownShooter/Ressources/Audio/A_Enemy_Dead_02|/Game/TopDownShooter/Ressources/Audio/A_Enemy_Dead_03|/Game/TopDownShooter/Ressources/Audio/SC_SoundEffect|/Script/AudioEditor,"{""__audit_error__"": ""'AssetData' object has no attribute 'tags_and_values'""}"
/Game,A_EnemySpawn_Cue,SoundCue,/Game/TopDownShooter/Ressources/Audio/A_EnemySpawn_Cue,/Game/TopDownShooter/Ressources/Audio,/Game/TopDownShooter/Ressources/Audio/A_EnemySpawn_Cue.A_EnemySpawn_Cue,False,/Game/TopDownShooter/Ressources/Audio/A_Enemy_Spawn_01|/Game/TopDownShooter/Ressources/Audio/A_Enemy_Spawn_02|/Game/TopDownShooter/Ressources/Audio/A_Enemy_Spawn_03|/Game/TopDownShooter/Ressources/Audio/SC_SoundEffect|/Script/AudioEditor,"{""__audit_error__"": ""'AssetData' object has no attribute 'tags_and_values'""}"
/Game,A_FireProjectile_Cue,SoundCue,/Game/TopDownShooter/Ressources/Audio/A_FireProjectile_Cue,/Game/TopDownShooter/Ressources/Audio,/Game/TopDownShooter/Ressources/Audio/A_FireProjectile_Cue.A_FireProjectile_Cue,False,/Game/TopDownShooter/Ressources/Audio/A_Projectile_Spawn_01|/Game/TopDownShooter/Ressources/Audio/A_Projectile_Spawn_02|/Game/TopDownShooter/Ressources/Audio/A_Projectile_Spawn_03|/Game/TopDownShooter/Ressources/Audio/SC_SoundEffect|/Script/AudioEditor,"{""__audit_error__"": ""'AssetData' object has no attribute 'tags_and_values'""}"
/Game,A_Hero_Dead,SoundWave,/Game/TopDownShooter/Ressources/Audio/A_Hero_Dead,/Game/TopDownShooter/Ressources/Audio,/Game/TopDownShooter/Ressources/Audio/A_Hero_Dead.A_Hero_Dead,False,,"{""__audit_error__"": ""'AssetData' object has no attribute 'tags_and_values'""}"
/Game,A_Hero_Hit_01,SoundWave,/Game/TopDownShooter/Ressources/Audio/A_Hero_Hit_01,/Game/TopDownShooter/Ressources/Audio,/Game/TopDownShooter/Ressources/Audio/A_Hero_Hit_01.A_Hero_Hit_01,False,,"{""__audit_error__"": ""'AssetData' object has no attribute 'tags_and_values'""}"
/Game,A_Hero_Hit_02,SoundWave,/Game/TopDownShooter/Ressources/Audio/A_Hero_Hit_02,/Game/TopDownShooter/Ressources/Audio,/Game/TopDownShooter/Ressources/Audio/A_Hero_Hit_02.A_Hero_Hit_02,False,,"{""__audit_error__"": ""'AssetData' object has no attribute 'tags_and_values'""}"
/Game,A_Hero_Hit_03,SoundWave,/Game/TopDownShooter/Ressources/Audio/A_Hero_Hit_03,/Game/TopDownShooter/Ressources/Audio,/Game/TopDownShooter/Ressources/Audio/A_Hero_Hit_03.A_Hero_Hit_03,False,,"{""__audit_error__"": ""'AssetData' object has no attribute 'tags_and_values'""}"
/Game,A_Hero_Hit_04,SoundWave,/Game/TopDownShooter/Ressources/Audio/A_Hero_Hit_04,/Game/TopDownShooter/Ressources/Audio,/Game/TopDownShooter/Ressources/Audio/A_Hero_Hit_04.A_Hero_Hit_04,False,,"{""__audit_error__"": ""'AssetData' object has no attribute 'tags_and_values'""}"
/Game,A_Hero_Respawn_01,SoundWave,/Game/TopDownShooter/Ressources/Audio/A_Hero_Respawn_01,/Game/TopDownShooter/Ressources/Audio,/Game/TopDownShooter/Ressources/Audio/A_Hero_Respawn_01.A_Hero_Respawn_01,False,,"{""__audit_error__"": ""'AssetData' object has no attribute 'tags_and_values'""}"
/Game,A_Hero_Respawn_02,SoundWave,/Game/TopDownShooter/Ressources/Audio/A_Hero_Respawn_02,/Game/TopDownShooter/Ressources/Audio,/Game/TopDownShooter/Ressources/Audio/A_Hero_Respawn_02.A_Hero_Respawn_02,False,,"{""__audit_error__"": ""'AssetData' object has no attribute 'tags_and_values'""}"
/Game,A_InGame_BG_Music,SoundWave,/Game/TopDownShooter/Ressources/Audio/A_InGame_BG_Music,/Game/TopDownShooter/Ressources/Audio,/Game/TopDownShooter/Ressources/Audio/A_InGame_BG_Music.A_InGame_BG_Music,False,,"{""__audit_error__"": ""'AssetData' object has no attribute 'tags_and_values'""}"
/Game,A_InGame_BG_Music_Cue,SoundCue,/Game/TopDownShooter/Ressources/Audio/A_InGame_BG_Music_Cue,/Game/TopDownShooter/Ressources/Audio,/Game/TopDownShooter/Ressources/Audio/A_InGame_BG_Music_Cue.A_InGame_BG_Music_Cue,False,/Game/TopDownShooter/Ressources/Audio/ATT_InGameMusic|/Game/TopDownShooter/Ressources/Audio/A_InGame_BG_Music|/Game/TopDownShooter/Ressources/Audio/SC_Music|/Script/AudioEditor,"{""__audit_error__"": ""'AssetData' object has no attribute 'tags_and_values'""}"
/Game,A_Player_Hit_CS,SoundConcurrency,/Game/TopDownShooter/Ressources/Audio/A_Player_Hit_CS,/Game/TopDownShooter/Ressources/Audio,/Game/TopDownShooter/Ressources/Audio/A_Player_Hit_CS.A_Player_Hit_CS,False,,"{""__audit_error__"": ""'AssetData' object has no attribute 'tags_and_values'""}"
/Game,A_Player_Hit_Cue,SoundCue,/Game/TopDownShooter/Ressources/Audio/A_Player_Hit_Cue,/Game/TopDownShooter/Ressources/Audio,/Game/TopDownShooter/Ressources/Audio/A_Player_Hit_Cue.A_Player_Hit_Cue,False,/Game/TopDownShooter/Ressources/Audio/A_Hero_Hit_01|/Game/TopDownShooter/Ressources/Audio/A_Hero_Hit_02|/Game/TopDownShooter/Ressources/Audio/A_Hero_Hit_03|/Game/TopDownShooter/Ressources/Audio/A_Hero_Hit_04|/Game/TopDownShooter/Ressources/Audio/A_Player_Hit_CS|/Game/TopDownShooter/Ressources/Audio/SC_SoundEffect|/Script/AudioEditor,"{""__audit_error__"": ""'AssetData' object has no attribute 'tags_and_values'""}"
/Game,A_Player_Respawn_Cue,SoundCue,/Game/TopDownShooter/Ressources/Audio/A_Player_Respawn_Cue,/Game/TopDownShooter/Ressources/Audio,/Game/TopDownShooter/Ressources/Audio/A_Player_Respawn_Cue.A_Player_Respawn_Cue,False,/Game/TopDownShooter/Ressources/Audio/A_Hero_Respawn_01|/Game/TopDownShooter/Ressources/Audio/A_Hero_Respawn_02|/Game/TopDownShooter/Ressources/Audio/SC_SoundEffect|/Script/AudioEditor,"{""__audit_error__"": ""'AssetData' object has no attribute 'tags_and_values'""}"
/Game,A_Projectile_Hit,SoundWave,/Game/TopDownShooter/Ressources/Audio/A_Projectile_Hit,/Game/TopDownShooter/Ressources/Audio,/Game/TopDownShooter/Ressources/Audio/A_Projectile_Hit.A_Projectile_Hit,False,,"{""__audit_error__"": ""'AssetData' object has no attribute 'tags_and_values'""}"
/Game,A_Projectile_Spawn_01,SoundWave,/Game/TopDownShooter/Ressources/Audio/A_Projectile_Spawn_01,/Game/TopDownShooter/Ressources/Audio,/Game/TopDownShooter/Ressources/Audio/A_Projectile_Spawn_01.A_Projectile_Spawn_01,False,,"{""__audit_error__"": ""'AssetData' object has no attribute 'tags_and_values'""}"
/Game,A_Projectile_Spawn_02,SoundWave,/Game/TopDownShooter/Ressources/Audio/A_Projectile_Spawn_02,/Game/TopDownShooter/Ressources/Audio,/Game/TopDownShooter/Ressources/Audio/A_Projectile_Spawn_02.A_Projectile_Spawn_02,False,,"{""__audit_error__"": ""'AssetData' object has no attribute 'tags_and_values'""}"
/Game,A_Projectile_Spawn_03,SoundWave,/Game/TopDownShooter/Ressources/Audio/A_Projectile_Spawn_03,/Game/TopDownShooter/Ressources/Audio,/Game/TopDownShooter/Ressources/Audio/A_Projectile_Spawn_03.A_Projectile_Spawn_03,False,,"{""__audit_error__"": ""'AssetData' object has no attribute 'tags_and_values'""}"
/Game,A_ProjectileImpact_Cue,SoundCue,/Game/TopDownShooter/Ressources/Audio/A_ProjectileImpact_Cue,/Game/TopDownShooter/Ressources/Audio,/Game/TopDownShooter/Ressources/Audio/A_ProjectileImpact_Cue.A_ProjectileImpact_Cue,False,/Game/TopDownShooter/Ressources/Audio/A_Projectile_Hit|/Game/TopDownShooter/Ressources/Audio/SC_SoundEffect|/Script/AudioEditor,"{""__audit_error__"": ""'AssetData' object has no attribute 'tags_and_values'""}"
/Game,ATT_InGameMusic,SoundAttenuation,/Game/TopDownShooter/Ressources/Audio/ATT_InGameMusic,/Game/TopDownShooter/Ressources/Audio,/Game/TopDownShooter/Ressources/Audio/ATT_InGameMusic.ATT_InGameMusic,False,,"{""__audit_error__"": ""'AssetData' object has no attribute 'tags_and_values'""}"
/Game,SC_Music,SoundClass,/Game/TopDownShooter/Ressources/Audio/SC_Music,/Game/TopDownShooter/Ressources/Audio,/Game/TopDownShooter/Ressources/Audio/SC_Music.SC_Music,False,,"{""__audit_error__"": ""'AssetData' object has no attribute 'tags_and_values'""}"
/Game,SC_SoundEffect,SoundClass,/Game/TopDownShooter/Ressources/Audio/SC_SoundEffect,/Game/TopDownShooter/Ressources/Audio,/Game/TopDownShooter/Ressources/Audio/SC_SoundEffect.SC_SoundEffect,False,,"{""__audit_error__"": ""'AssetData' object has no attribute 'tags_and_values'""}"
/Game,A_Character_Dead,AnimSequence,/Game/TopDownShooter/Ressources/Character/Animations/A_Character_Dead,/Game/TopDownShooter/Ressources/Character/Animations,/Game/TopDownShooter/Ressources/Character/Animations/A_Character_Dead.A_Character_Dead,False,/Engine/Animation/DefaultAnimBoneCompressionSettings|/Engine/Animation/DefaultAnimCurveCompressionSettings|/Engine/Animation/DefaultVariableFrameStrippingSettings|/Game/Characters/Mannequins/Meshes/SKM_Manny_Simple|/Game/TopDownShooter/Ressources/Character/SK_Manny|/Script/AnimationData|/Script/ControlRig|/Script/MovieScene,"{""__audit_error__"": ""'AssetData' object has no attribute 'tags_and_values'""}"
/Game,A_Enemy_Idle,AnimSequence,/Game/TopDownShooter/Ressources/Character/Animations/A_Enemy_Idle,/Game/TopDownShooter/Ressources/Character/Animations,/Game/TopDownShooter/Ressources/Character/Animations/A_Enemy_Idle.A_Enemy_Idle,False,/Engine/Animation/DefaultAnimBoneCompressionSettings|/Engine/Animation/DefaultAnimCurveCompressionSettings|/Engine/Animation/DefaultVariableFrameStrippingSettings|/Game/AssetPacks/Characters/Heroes/Mannequin/Meshes/SKM_Manny|/Game/TopDownShooter/Ressources/Character/SK_Manny|/Script/AnimationData|/Script/AnimationModifiers|/Script/ControlRig|/Script/Engine|/Script/MovieScene,"{""__audit_error__"": ""'AssetData' object has no attribute 'tags_and_values'""}"
/Game,A_Enemy_Walk_Bwd,AnimSequence,/Game/TopDownShooter/Ressources/Character/Animations/A_Enemy_Walk_Bwd,/Game/TopDownShooter/Ressources/Character/Animations,/Game/TopDownShooter/Ressources/Character/Animations/A_Enemy_Walk_Bwd.A_Enemy_Walk_Bwd,False,/Engine/Animation/DefaultAnimBoneCompressionSettings|/Engine/Animation/DefaultAnimCurveCompressionSettings|/Engine/Animation/DefaultVariableFrameStrippingSettings|/Game/AssetPacks/Characters/Heroes/Mannequin/Meshes/SKM_Manny|/Game/TopDownShooter/Ressources/Character/SK_Manny|/Script/AnimationData|/Script/AnimationModifiers|/Script/ControlRig|/Script/Engine|/Script/MovieScene,"{""__audit_error__"": ""'AssetData' object has no attribute 'tags_and_values'""}"
/Game,A_Enemy_Walk_Fwd,AnimSequence,/Game/TopDownShooter/Ressources/Character/Animations/A_Enemy_Walk_Fwd,/Game/TopDownShooter/Ressources/Character/Animations,/Game/TopDownShooter/Ressources/Character/Animations/A_Enemy_Walk_Fwd.A_Enemy_Walk_Fwd,False,/Engine/Animation/DefaultAnimBoneCompressionSettings|/Engine/Animation/DefaultAnimCurveCompressionSettings|/Engine/Animation/DefaultVariableFrameStrippingSettings|/Game/AssetPacks/Characters/Heroes/Mannequin/Meshes/SKM_Manny|/Game/TopDownShooter/Ressources/Character/SK_Manny|/Script/AnimationData|/Script/AnimationModifiers|/Script/ControlRig|/Script/Engine|/Script/MovieScene,"{""__audit_error__"": ""'AssetData' object has no attribute 'tags_and_values'""}"
/Game,A_Enemy_Walk_Left,AnimSequence,/Game/TopDownShooter/Ressources/Character/Animations/A_Enemy_Walk_Left,/Game/TopDownShooter/Ressources/Character/Animations,/Game/TopDownShooter/Ressources/Character/Animations/A_Enemy_Walk_Left.A_Enemy_Walk_Left,False,/Engine/Animation/DefaultAnimBoneCompressionSettings|/Engine/Animation/DefaultAnimCurveCompressionSettings|/Engine/Animation/DefaultVariableFrameStrippingSettings|/Game/AssetPacks/Characters/Heroes/Mannequin/Meshes/SKM_Manny|/Game/TopDownShooter/Ressources/Character/SK_Manny|/Script/AnimationData|/Script/AnimationModifiers|/Script/ControlRig|/Script/Engine|/Script/MovieScene,"{""__audit_error__"": ""'AssetData' object has no attribute 'tags_and_values'""}"
/Game,A_Enemy_Walk_Right,AnimSequence,/Game/TopDownShooter/Ressources/Character/Animations/A_Enemy_Walk_Right,/Game/TopDownShooter/Ressources/Character/Animations,/Game/TopDownShooter/Ressources/Character/Animations/A_Enemy_Walk_Right.A_Enemy_Walk_Right,False,/Engine/Animation/DefaultAnimBoneCompressionSettings|/Engine/Animation/DefaultAnimCurveCompressionSettings|/Engine/Animation/DefaultVariableFrameStrippingSettings|/Game/AssetPacks/Characters/Heroes/Mannequin/Meshes/SKM_Manny|/Game/TopDownShooter/Ressources/Character/SK_Manny|/Script/AnimationData|/Script/AnimationModifiers|/Script/ControlRig|/Script/Engine|/Script/MovieScene,"{""__audit_error__"": ""'AssetData' object has no attribute 'tags_and_values'""}"
/Game,A_Hero_Idle,AnimSequence,/Game/TopDownShooter/Ressources/Character/Animations/A_Hero_Idle,/Game/TopDownShooter/Ressources/Character/Animations,/Game/TopDownShooter/Ressources/Character/Animations/A_Hero_Idle.A_Hero_Idle,False,/Engine/Animation/DefaultAnimBoneCompressionSettings|/Engine/Animation/DefaultAnimCurveCompressionSettings|/Engine/Animation/DefaultVariableFrameStrippingSettings|/Game/AssetPacks/Characters/Heroes/Mannequin/Meshes/SKM_Manny|/Game/TopDownShooter/Ressources/Character/SK_Manny|/Script/AnimationData|/Script/AnimationModifiers|/Script/ControlRig|/Script/Engine|/Script/MovieScene,"{""__audit_error__"": ""'AssetData' object has no attribute 'tags_and_values'""}"
/Game,A_Hero_Walk_Bwd,AnimSequence,/Game/TopDownShooter/Ressources/Character/Animations/A_Hero_Walk_Bwd,/Game/TopDownShooter/Ressources/Character/Animations,/Game/TopDownShooter/Ressources/Character/Animations/A_Hero_Walk_Bwd.A_Hero_Walk_Bwd,False,/Engine/Animation/DefaultAnimBoneCompressionSettings|/Engine/Animation/DefaultAnimCurveCompressionSettings|/Engine/Animation/DefaultVariableFrameStrippingSettings|/Game/AssetPacks/Characters/Heroes/Mannequin/Meshes/SKM_Manny|/Game/TopDownShooter/Ressources/Character/SK_Manny|/Script/AnimationData|/Script/AnimationModifiers|/Script/ControlRig|/Script/Engine|/Script/MovieScene,"{""__audit_error__"": ""'AssetData' object has no attribute 'tags_and_values'""}"
/Game,A_Hero_Walk_Fwd,AnimSequence,/Game/TopDownShooter/Ressources/Character/Animations/A_Hero_Walk_Fwd,/Game/TopDownShooter/Ressources/Character/Animations,/Game/TopDownShooter/Ressources/Character/Animations/A_Hero_Walk_Fwd.A_Hero_Walk_Fwd,False,/Engine/Animation/DefaultAnimBoneCompressionSettings|/Engine/Animation/DefaultAnimCurveCompressionSettings|/Engine/Animation/DefaultVariableFrameStrippingSettings|/Game/AssetPacks/Characters/Heroes/Mannequin/Meshes/SKM_Manny|/Game/TopDownShooter/Ressources/Character/SK_Manny|/Script/AnimationData|/Script/AnimationModifiers|/Script/ControlRig|/Script/Engine|/Script/MovieScene,"{""__audit_error__"": ""'AssetData' object has no attribute 'tags_and_values'""}"
/Game,A_Hero_Walk_Left,AnimSequence,/Game/TopDownShooter/Ressources/Character/Animations/A_Hero_Walk_Left,/Game/TopDownShooter/Ressources/Character/Animations,/Game/TopDownShooter/Ressources/Character/Animations/A_Hero_Walk_Left.A_Hero_Walk_Left,False,/Engine/Animation/DefaultAnimBoneCompressionSettings|/Engine/Animation/DefaultAnimCurveCompressionSettings|/Engine/Animation/DefaultVariableFrameStrippingSettings|/Game/AssetPacks/Characters/Heroes/Mannequin/Meshes/SKM_Manny|/Game/TopDownShooter/Ressources/Character/SK_Manny|/Script/AnimationData|/Script/AnimationModifiers|/Script/ControlRig|/Script/Engine|/Script/MovieScene,"{""__audit_error__"": ""'AssetData' object has no attribute 'tags_and_values'""}"
/Game,A_Hero_Walk_Right,AnimSequence,/Game/TopDownShooter/Ressources/Character/Animations/A_Hero_Walk_Right,/Game/TopDownShooter/Ressources/Character/Animations,/Game/TopDownShooter/Ressources/Character/Animations/A_Hero_Walk_Right.A_Hero_Walk_Right,False,/Engine/Animation/DefaultAnimBoneCompressionSettings|/Engine/Animation/DefaultAnimCurveCompressionSettings|/Engine/Animation/DefaultVariableFrameStrippingSettings|/Game/AssetPacks/Characters/Heroes/Mannequin/Meshes/SKM_Manny|/Game/TopDownShooter/Ressources/Character/SK_Manny|/Script/AnimationData|/Script/AnimationModifiers|/Script/ControlRig|/Script/Engine|/Script/MovieScene,"{""__audit_error__"": ""'AssetData' object has no attribute 'tags_and_values'""}"
/Game,CA_Mannequin,CurveLinearColorAtlas,/Game/TopDownShooter/Ressources/Character/Functions/CA_Mannequin,/Game/TopDownShooter/Ressources/Character/Functions,/Game/TopDownShooter/Ressources/Character/Functions/CA_Mannequin.CA_Mannequin,False,/Game/TopDownShooter/Ressources/Character/Functions/ChromaticCurve,"{""__audit_error__"": ""'AssetData' object has no attribute 'tags_and_values'""}"
/Game,ChromaticCurve,CurveLinearColor,/Game/TopDownShooter/Ressources/Character/Functions/ChromaticCurve,/Game/TopDownShooter/Ressources/Character/Functions,/Game/TopDownShooter/Ressources/Character/Functions/ChromaticCurve.ChromaticCurve,False,,"{""__audit_error__"": ""'AssetData' object has no attribute 'tags_and_values'""}"
/Game,MF_Diffraction,MaterialFunction,/Game/TopDownShooter/Ressources/Character/Functions/MF_Diffraction,/Game/TopDownShooter/Ressources/Character/Functions,/Game/TopDownShooter/Ressources/Character/Functions/MF_Diffraction.MF_Diffraction,False,/Game/TopDownShooter/Ressources/Character/Functions/CA_Mannequin|/Game/TopDownShooter/Ressources/Character/Functions/ChromaticCurve,"{""__audit_error__"": ""'AssetData' object has no attribute 'tags_and_values'""}"
/Game,MF_logo3layers,MaterialFunction,/Game/TopDownShooter/Ressources/Character/Functions/MF_logo3layers,/Game/TopDownShooter/Ressources/Character/Functions,/Game/TopDownShooter/Ressources/Character/Functions/MF_logo3layers.MF_logo3layers,False,/Engine/Functions/Engine_MaterialFunctions01/Texturing/ScaleUVsByCenter|/Game/TopDownShooter/Ressources/Character/Textures/T_UE_Logo_M,"{""__audit_error__"": ""'AssetData' object has no attribute 'tags_and_values'""}"
/Game,ML_BaseColorFallOff,MaterialFunction,/Game/TopDownShooter/Ressources/Character/Functions/ML_BaseColorFallOff,/Game/TopDownShooter/Ressources/Character/Functions,/Game/TopDownShooter/Ressources/Character/Functions/ML_BaseColorFallOff.ML_BaseColorFallOff,False,,"{""__audit_error__"": ""'AssetData' object has no attribute 'tags_and_values'""}"
/Game,M_Manny,Material,/Game/TopDownShooter/Ressources/Character/M_Manny,/Game/TopDownShooter/Ressources/Character,/Game/TopDownShooter/Ressources/Character/M_Manny.M_Manny,False,/Engine/Functions/Engine_MaterialFunctions01/Texturing/ScaleUVsByCenter|/Engine/Functions/Engine_MaterialFunctions02/Utility/BreakOutFloat2Components|/Game/TopDownShooter/Ressources/Character/Functions/CA_Mannequin|/Game/TopDownShooter/Ressources/Character/Functions/MF_Diffraction|/Game/TopDownShooter/Ressources/Character/Functions/MF_logo3layers|/Game/TopDownShooter/Ressources/Character/Functions/ML_BaseColorFallOff|/Game/TopDownShooter/Ressources/Character/Textures/T_Manny_01_ASAOPMASK_MSK|/Game/TopDownShooter/Ressources/Character/Textures/T_Manny_01_BN|/Game/TopDownShooter/Ressources/Character/Textures/T_Manny_01_CCRCCPlastic_MSK|/Game/TopDownShooter/Ressources/Character/Textures/T_Manny_01_D|/Game/TopDownShooter/Ressources/Character/Textures/T_Manny_01_MSR_MSK|/Game/TopDownShooter/Ressources/Character/Textures/T_Manny_01_N|/Game/TopDownShooter/Ressources/Character/Textures/T_Manny_01_Tan|/Game/TopDownShooter/Ressources/Character/Textures/T_UE_Logo_M,"{""__audit_error__"": ""'AssetData' object has no attribute 'tags_and_values'""}"
/Game,MI_Manny_01,MaterialInstanceConstant,/Game/TopDownShooter/Ressources/Character/MI_Manny_01,/Game/TopDownShooter/Ressources/Character,/Game/TopDownShooter/Ressources/Character/MI_Manny_01.MI_Manny_01,False,/Game/TopDownShooter/Ressources/Character/M_Manny|/Game/TopDownShooter/Ressources/Character/Textures/T_Manny_01_ASAOPMASK_MSK|/Game/TopDownShooter/Ressources/Character/Textures/T_Manny_01_BN|/Game/TopDownShooter/Ressources/Character/Textures/T_Manny_01_CCRCCPlastic_MSK|/Game/TopDownShooter/Ressources/Character/Textures/T_Manny_01_D|/Game/TopDownShooter/Ressources/Character/Textures/T_Manny_01_MSR_MSK|/Game/TopDownShooter/Ressources/Character/Textures/T_Manny_01_N|/Game/TopDownShooter/Ressources/Character/Textures/T_Manny_01_Tan,"{""__audit_error__"": ""'AssetData' object has no attribute 'tags_and_values'""}"
/Game,MI_Manny_02,MaterialInstanceConstant,/Game/TopDownShooter/Ressources/Character/MI_Manny_02,/Game/TopDownShooter/Ressources/Character,/Game/TopDownShooter/Ressources/Character/MI_Manny_02.MI_Manny_02,False,/Game/TopDownShooter/Ressources/Character/MI_Manny_01|/Game/TopDownShooter/Ressources/Character/Textures/T_Manny_02_ASAOPMASK_MSK|/Game/TopDownShooter/Ressources/Character/Textures/T_Manny_02_BN|/Game/TopDownShooter/Ressources/Character/Textures/T_Manny_02_CCRCCPlastic_MSK|/Game/TopDownShooter/Ressources/Character/Textures/T_Manny_02_D|/Game/TopDownShooter/Ressources/Character/Textures/T_Manny_02_MSR_MSK|/Game/TopDownShooter/Ressources/Character/Textures/T_Manny_02_N|/Game/TopDownShooter/Ressources/Character/Textures/T_Manny_02_Tan|/Game/TopDownShooter/Ressources/Character/Textures/T_UE_Logo_M,"{""__audit_error__"": ""'AssetData' object has no attribute 'tags_and_values'""}"
/Game,PHYS_Manny,PhysicsAsset,/Game/TopDownShooter/Ressources/Character/PHYS_Manny,/Game/TopDownShooter/Ressources/Character,/Game/TopDownShooter/Ressources/Character/PHYS_Manny.PHYS_Manny,False,/Game/TopDownShooter/Ressources/Character/SKM_Manny,"{""__audit_error__"": ""'AssetData' object has no attribute 'tags_and_values'""}"
/Game,SK_Manny,Skeleton,/Game/TopDownShooter/Ressources/Character/SK_Manny,/Game/TopDownShooter/Ressources/Character,/Game/TopDownShooter/Ressources/Character/SK_Manny.SK_Manny,False,/Game/TopDownShooter/Ressources/Character/SKM_Manny|/Game/TopDownShooter/Ressources/Rifle/Mesh/SK_Rifle,"{""__audit_error__"": ""'AssetData' object has no attribute 'tags_and_values'""}"
/Game,SKM_Manny,SkeletalMesh,/Game/TopDownShooter/Ressources/Character/SKM_Manny,/Game/TopDownShooter/Ressources/Character,/Game/TopDownShooter/Ressources/Character/SKM_Manny.SKM_Manny,False,/Game/TopDownShooter/Ressources/Character/MI_Manny_01|/Game/TopDownShooter/Ressources/Character/MI_Manny_02|/Game/TopDownShooter/Ressources/Character/PHYS_Manny|/Game/TopDownShooter/Ressources/Character/SK_Manny,"{""__audit_error__"": ""'AssetData' object has no attribute 'tags_and_values'""}"
/Game,T_Manny_01_ASAOPMASK_MSK,Texture2D,/Game/TopDownShooter/Ressources/Character/Textures/T_Manny_01_ASAOPMASK_MSK,/Game/TopDownShooter/Ressources/Character/Textures,/Game/TopDownShooter/Ressources/Character/Textures/T_Manny_01_ASAOPMASK_MSK.T_Manny_01_ASAOPMASK_MSK,False,,"{""__audit_error__"": ""'AssetData' object has no attribute 'tags_and_values'""}"
/Game,T_Manny_01_BN,Texture2D,/Game/TopDownShooter/Ressources/Character/Textures/T_Manny_01_BN,/Game/TopDownShooter/Ressources/Character/Textures,/Game/TopDownShooter/Ressources/Character/Textures/T_Manny_01_BN.T_Manny_01_BN,False,,"{""__audit_error__"": ""'AssetData' object has no attribute 'tags_and_values'""}"
/Game,T_Manny_01_CCRCCPlastic_MSK,Texture2D,/Game/TopDownShooter/Ressources/Character/Textures/T_Manny_01_CCRCCPlastic_MSK,/Game/TopDownShooter/Ressources/Character/Textures,/Game/TopDownShooter/Ressources/Character/Textures/T_Manny_01_CCRCCPlastic_MSK.T_Manny_01_CCRCCPlastic_MSK,False,,"{""__audit_error__"": ""'AssetData' object has no attribute 'tags_and_values'""}"
/Game,T_Manny_01_D,Texture2D,/Game/TopDownShooter/Ressources/Character/Textures/T_Manny_01_D,/Game/TopDownShooter/Ressources/Character/Textures,/Game/TopDownShooter/Ressources/Character/Textures/T_Manny_01_D.T_Manny_01_D,False,,"{""__audit_error__"": ""'AssetData' object has no attribute 'tags_and_values'""}"
/Game,T_Manny_01_MSR_MSK,Texture2D,/Game/TopDownShooter/Ressources/Character/Textures/T_Manny_01_MSR_MSK,/Game/TopDownShooter/Ressources/Character/Textures,/Game/TopDownShooter/Ressources/Character/Textures/T_Manny_01_MSR_MSK.T_Manny_01_MSR_MSK,False,,"{""__audit_error__"": ""'AssetData' object has no attribute 'tags_and_values'""}"
/Game,T_Manny_01_N,Texture2D,/Game/TopDownShooter/Ressources/Character/Textures/T_Manny_01_N,/Game/TopDownShooter/Ressources/Character/Textures,/Game/TopDownShooter/Ressources/Character/Textures/T_Manny_01_N.T_Manny_01_N,False,,"{""__audit_error__"": ""'AssetData' object has no attribute 'tags_and_values'""}"
/Game,T_Manny_01_Tan,Texture2D,/Game/TopDownShooter/Ressources/Character/Textures/T_Manny_01_Tan,/Game/TopDownShooter/Ressources/Character/Textures,/Game/TopDownShooter/Ressources/Character/Textures/T_Manny_01_Tan.T_Manny_01_Tan,False,,"{""__audit_error__"": ""'AssetData' object has no attribute 'tags_and_values'""}"
/Game,T_Manny_02_ASAOPMASK_MSK,Texture2D,/Game/TopDownShooter/Ressources/Character/Textures/T_Manny_02_ASAOPMASK_MSK,/Game/TopDownShooter/Ressources/Character/Textures,/Game/TopDownShooter/Ressources/Character/Textures/T_Manny_02_ASAOPMASK_MSK.T_Manny_02_ASAOPMASK_MSK,False,,"{""__audit_error__"": ""'AssetData' object has no attribute 'tags_and_values'""}"
/Game,T_Manny_02_BN,Texture2D,/Game/TopDownShooter/Ressources/Character/Textures/T_Manny_02_BN,/Game/TopDownShooter/Ressources/Character/Textures,/Game/TopDownShooter/Ressources/Character/Textures/T_Manny_02_BN.T_Manny_02_BN,False,,"{""__audit_error__"": ""'AssetData' object has no attribute 'tags_and_values'""}"
/Game,T_Manny_02_CCRCCPlastic_MSK,Texture2D,/Game/TopDownShooter/Ressources/Character/Textures/T_Manny_02_CCRCCPlastic_MSK,/Game/TopDownShooter/Ressources/Character/Textures,/Game/TopDownShooter/Ressources/Character/Textures/T_Manny_02_CCRCCPlastic_MSK.T_Manny_02_CCRCCPlastic_MSK,False,,"{""__audit_error__"": ""'AssetData' object has no attribute 'tags_and_values'""}"
/Game,T_Manny_02_D,Texture2D,/Game/TopDownShooter/Ressources/Character/Textures/T_Manny_02_D,/Game/TopDownShooter/Ressources/Character/Textures,/Game/TopDownShooter/Ressources/Character/Textures/T_Manny_02_D.T_Manny_02_D,False,,"{""__audit_error__"": ""'AssetData' object has no attribute 'tags_and_values'""}"
/Game,T_Manny_02_MSR_MSK,Texture2D,/Game/TopDownShooter/Ressources/Character/Textures/T_Manny_02_MSR_MSK,/Game/TopDownShooter/Ressources/Character/Textures,/Game/TopDownShooter/Ressources/Character/Textures/T_Manny_02_MSR_MSK.T_Manny_02_MSR_MSK,False,,"{""__audit_error__"": ""'AssetData' object has no attribute 'tags_and_values'""}"
/Game,T_Manny_02_N,Texture2D,/Game/TopDownShooter/Ressources/Character/Textures/T_Manny_02_N,/Game/TopDownShooter/Ressources/Character/Textures,/Game/TopDownShooter/Ressources/Character/Textures/T_Manny_02_N.T_Manny_02_N,False,,"{""__audit_error__"": ""'AssetData' object has no attribute 'tags_and_values'""}"
/Game,T_Manny_02_Tan,Texture2D,/Game/TopDownShooter/Ressources/Character/Textures/T_Manny_02_Tan,/Game/TopDownShooter/Ressources/Character/Textures,/Game/TopDownShooter/Ressources/Character/Textures/T_Manny_02_Tan.T_Manny_02_Tan,False,,"{""__audit_error__"": ""'AssetData' object has no attribute 'tags_and_values'""}"
/Game,T_UE_Logo_M,Texture2D,/Game/TopDownShooter/Ressources/Character/Textures/T_UE_Logo_M,/Game/TopDownShooter/Ressources/Character/Textures,/Game/TopDownShooter/Ressources/Character/Textures/T_UE_Logo_M.T_UE_Logo_M,False,,"{""__audit_error__"": ""'AssetData' object has no attribute 'tags_and_values'""}"
/Game,MI_tg3mfgrpa,MaterialInstanceConstant,/Game/TopDownShooter/Ressources/Fab/Megascans/3D/Coconut_tg3mfgrpa/Medium/MI_tg3mfgrpa,/Game/TopDownShooter/Ressources/Fab/Megascans/3D/Coconut_tg3mfgrpa/Medium,/Game/TopDownShooter/Ressources/Fab/Megascans/3D/Coconut_tg3mfgrpa/Medium/MI_tg3mfgrpa.MI_tg3mfgrpa,False,/Fab/Materials/Standard/M_MS_Base|/Game/TopDownShooter/Ressources/Fab/Megascans/3D/Coconut_tg3mfgrpa/Medium/T_tg3mfgrpa_2K_B|/Game/TopDownShooter/Ressources/Fab/Megascans/3D/Coconut_tg3mfgrpa/Medium/T_tg3mfgrpa_2K_N|/Game/TopDownShooter/Ressources/Fab/Megascans/3D/Coconut_tg3mfgrpa/Medium/T_tg3mfgrpa_2K_ORM|/Script/InterchangeEngine,"{""__audit_error__"": ""'AssetData' object has no attribute 'tags_and_values'""}"
/Game,T_tg3mfgrpa_2K_B,Texture2D,/Game/TopDownShooter/Ressources/Fab/Megascans/3D/Coconut_tg3mfgrpa/Medium/T_tg3mfgrpa_2K_B,/Game/TopDownShooter/Ressources/Fab/Megascans/3D/Coconut_tg3mfgrpa/Medium,/Game/TopDownShooter/Ressources/Fab/Megascans/3D/Coconut_tg3mfgrpa/Medium/T_tg3mfgrpa_2K_B.T_tg3mfgrpa_2K_B,False,/Script/InterchangeEngine,"{""__audit_error__"": ""'AssetData' object has no attribute 'tags_and_values'""}"
/Game,T_tg3mfgrpa_2K_N,Texture2D,/Game/TopDownShooter/Ressources/Fab/Megascans/3D/Coconut_tg3mfgrpa/Medium/T_tg3mfgrpa_2K_N,/Game/TopDownShooter/Ressources/Fab/Megascans/3D/Coconut_tg3mfgrpa/Medium,/Game/TopDownShooter/Ressources/Fab/Megascans/3D/Coconut_tg3mfgrpa/Medium/T_tg3mfgrpa_2K_N.T_tg3mfgrpa_2K_N,False,/Script/InterchangeEngine,"{""__audit_error__"": ""'AssetData' object has no attribute 'tags_and_values'""}"
/Game,T_tg3mfgrpa_2K_ORM,Texture2D,/Game/TopDownShooter/Ressources/Fab/Megascans/3D/Coconut_tg3mfgrpa/Medium/T_tg3mfgrpa_2K_ORM,/Game/TopDownShooter/Ressources/Fab/Megascans/3D/Coconut_tg3mfgrpa/Medium,/Game/TopDownShooter/Ressources/Fab/Megascans/3D/Coconut_tg3mfgrpa/Medium/T_tg3mfgrpa_2K_ORM.T_tg3mfgrpa_2K_ORM,False,/Script/InterchangeEngine,"{""__audit_error__"": ""'AssetData' object has no attribute 'tags_and_values'""}"
/Game,tg3mfgrpa_tier_2,StaticMesh,/Game/TopDownShooter/Ressources/Fab/Megascans/3D/Coconut_tg3mfgrpa/Medium/tg3mfgrpa_tier_2,/Game/TopDownShooter/Ressources/Fab/Megascans/3D/Coconut_tg3mfgrpa/Medium,/Game/TopDownShooter/Ressources/Fab/Megascans/3D/Coconut_tg3mfgrpa/Medium/tg3mfgrpa_tier_2.tg3mfgrpa_tier_2,False,/Game/TopDownShooter/Ressources/Fab/Megascans/3D/Coconut_tg3mfgrpa/Medium/MI_tg3mfgrpa|/Script/InterchangeEngine|/Script/NavigationSystem,"{""__audit_error__"": ""'AssetData' object has no attribute 'tags_and_values'""}"
/Game,Weap_Rifle_Fire,AnimSequence,/Game/TopDownShooter/Ressources/Rifle/Animations/Weap_Rifle_Fire,/Game/TopDownShooter/Ressources/Rifle/Animations,/Game/TopDownShooter/Ressources/Rifle/Animations/Weap_Rifle_Fire.Weap_Rifle_Fire,False,/Engine/Animation/DefaultAnimBoneCompressionSettings|/Engine/Animation/DefaultAnimCurveCompressionSettings|/Engine/Animation/DefaultVariableFrameStrippingSettings|/Game/TopDownShooter/Ressources/Rifle/Mesh/SK_Rifle_Skeleton|/Script/AnimationData|/Script/AnimationModifiers|/Script/ControlRig|/Script/MovieScene,"{""__audit_error__"": ""'AssetData' object has no attribute 'tags_and_values'""}"
/Game,Weap_Rifle_Reload,AnimSequence,/Game/TopDownShooter/Ressources/Rifle/Animations/Weap_Rifle_Reload,/Game/TopDownShooter/Ressources/Rifle/Animations,/Game/TopDownShooter/Ressources/Rifle/Animations/Weap_Rifle_Reload.Weap_Rifle_Reload,False,/Engine/Animation/DefaultAnimBoneCompressionSettings|/Engine/Animation/DefaultAnimCurveCompressionSettings|/Engine/Animation/DefaultVariableFrameStrippingSettings|/Game/TopDownShooter/Ressources/Rifle/Mesh/SK_Rifle_Skeleton|/Script/AnimationData|/Script/AnimationModifiers|/Script/ControlRig|/Script/MovieScene,"{""__audit_error__"": ""'AssetData' object has no attribute 'tags_and_values'""}"
/Game,M_Weapon,Material,/Game/TopDownShooter/Ressources/Rifle/Materials/M_Weapon,/Game/TopDownShooter/Ressources/Rifle/Materials,/Game/TopDownShooter/Ressources/Rifle/Materials/M_Weapon.M_Weapon,False,/Game/TopDownShooter/Ressources/Rifle/Textures/T_Weapon_AORM|/Game/TopDownShooter/Ressources/Rifle/Textures/T_Weapon_D|/Game/TopDownShooter/Ressources/Rifle/Textures/T_Weapon_Mask|/Game/TopDownShooter/Ressources/Rifle/Textures/T_Weapon_N,"{""__audit_error__"": ""'AssetData' object has no attribute 'tags_and_values'""}"
/Game,MI_Weapon_Rifle,MaterialInstanceConstant,/Game/TopDownShooter/Ressources/Rifle/Materials/MI_Weapon_Rifle,/Game/TopDownShooter/Ressources/Rifle/Materials,/Game/TopDownShooter/Ressources/Rifle/Materials/MI_Weapon_Rifle.MI_Weapon_Rifle,False,/Game/TopDownShooter/Ressources/Rifle/Materials/M_Weapon|/Game/TopDownShooter/Ressources/Rifle/Textures/T_Rifle_AORM|/Game/TopDownShooter/Ressources/Rifle/Textures/T_Rifle_Combined_N|/Game/TopDownShooter/Ressources/Rifle/Textures/T_Rifle_D|/Game/TopDownShooter/Ressources/Rifle/Textures/T_Rifle_Masks,"{""__audit_error__"": ""'AssetData' object has no attribute 'tags_and_values'""}"
/Game,SK_Rifle,SkeletalMesh,/Game/TopDownShooter/Ressources/Rifle/Mesh/SK_Rifle,/Game/TopDownShooter/Ressources/Rifle/Mesh,/Game/TopDownShooter/Ressources/Rifle/Mesh/SK_Rifle.SK_Rifle,False,/Game/TopDownShooter/Ressources/Rifle/Materials/MI_Weapon_Rifle|/Game/TopDownShooter/Ressources/Rifle/Mesh/SK_Rifle_PhysicsAsset|/Game/TopDownShooter/Ressources/Rifle/Mesh/SK_Rifle_Skeleton,"{""__audit_error__"": ""'AssetData' object has no attribute 'tags_and_values'""}"
/Game,SK_Rifle_PhysicsAsset,PhysicsAsset,/Game/TopDownShooter/Ressources/Rifle/Mesh/SK_Rifle_PhysicsAsset,/Game/TopDownShooter/Ressources/Rifle/Mesh,/Game/TopDownShooter/Ressources/Rifle/Mesh/SK_Rifle_PhysicsAsset.SK_Rifle_PhysicsAsset,False,/Game/TopDownShooter/Ressources/Rifle/Mesh/SK_Rifle,"{""__audit_error__"": ""'AssetData' object has no attribute 'tags_and_values'""}"
/Game,SK_Rifle_Skeleton,Skeleton,/Game/TopDownShooter/Ressources/Rifle/Mesh/SK_Rifle_Skeleton,/Game/TopDownShooter/Ressources/Rifle/Mesh,/Game/TopDownShooter/Ressources/Rifle/Mesh/SK_Rifle_Skeleton.SK_Rifle_Skeleton,False,/Game/TopDownShooter/Ressources/Rifle/Mesh/SK_Rifle,"{""__audit_error__"": ""'AssetData' object has no attribute 'tags_and_values'""}"
/Game,SM_Rifle,StaticMesh,/Game/TopDownShooter/Ressources/Rifle/Mesh/SM_Rifle,/Game/TopDownShooter/Ressources/Rifle/Mesh,/Game/TopDownShooter/Ressources/Rifle/Mesh/SM_Rifle.SM_Rifle,False,/Game/TopDownShooter/Ressources/Rifle/Materials/MI_Weapon_Rifle|/Script/NavigationSystem,"{""__audit_error__"": ""'AssetData' object has no attribute 'tags_and_values'""}"
/Game,T_Rifle_AORM,Texture2D,/Game/TopDownShooter/Ressources/Rifle/Textures/T_Rifle_AORM,/Game/TopDownShooter/Ressources/Rifle/Textures,/Game/TopDownShooter/Ressources/Rifle/Textures/T_Rifle_AORM.T_Rifle_AORM,False,,"{""__audit_error__"": ""'AssetData' object has no attribute 'tags_and_values'""}"
/Game,T_Rifle_Combined_N,Texture2D,/Game/TopDownShooter/Ressources/Rifle/Textures/T_Rifle_Combined_N,/Game/TopDownShooter/Ressources/Rifle/Textures,/Game/TopDownShooter/Ressources/Rifle/Textures/T_Rifle_Combined_N.T_Rifle_Combined_N,False,,"{""__audit_error__"": ""'AssetData' object has no attribute 'tags_and_values'""}"
/Game,T_Rifle_D,Texture2D,/Game/TopDownShooter/Ressources/Rifle/Textures/T_Rifle_D,/Game/TopDownShooter/Ressources/Rifle/Textures,/Game/TopDownShooter/Ressources/Rifle/Textures/T_Rifle_D.T_Rifle_D,False,,"{""__audit_error__"": ""'AssetData' object has no attribute 'tags_and_values'""}"
/Game,T_Rifle_Masks,Texture2D,/Game/TopDownShooter/Ressources/Rifle/Textures/T_Rifle_Masks,/Game/TopDownShooter/Ressources/Rifle/Textures,/Game/TopDownShooter/Ressources/Rifle/Textures/T_Rifle_Masks.T_Rifle_Masks,False,,"{""__audit_error__"": ""'AssetData' object has no attribute 'tags_and_values'""}"
/Game,T_Weapon_AORM,Texture2D,/Game/TopDownShooter/Ressources/Rifle/Textures/T_Weapon_AORM,/Game/TopDownShooter/Ressources/Rifle/Textures,/Game/TopDownShooter/Ressources/Rifle/Textures/T_Weapon_AORM.T_Weapon_AORM,False,,"{""__audit_error__"": ""'AssetData' object has no attribute 'tags_and_values'""}"
/Game,T_Weapon_D,Texture2D,/Game/TopDownShooter/Ressources/Rifle/Textures/T_Weapon_D,/Game/TopDownShooter/Ressources/Rifle/Textures,/Game/TopDownShooter/Ressources/Rifle/Textures/T_Weapon_D.T_Weapon_D,False,,"{""__audit_error__"": ""'AssetData' object has no attribute 'tags_and_values'""}"
/Game,T_Weapon_Mask,Texture2D,/Game/TopDownShooter/Ressources/Rifle/Textures/T_Weapon_Mask,/Game/TopDownShooter/Ressources/Rifle/Textures,/Game/TopDownShooter/Ressources/Rifle/Textures/T_Weapon_Mask.T_Weapon_Mask,False,,"{""__audit_error__"": ""'AssetData' object has no attribute 'tags_and_values'""}"
/Game,T_Weapon_N,Texture2D,/Game/TopDownShooter/Ressources/Rifle/Textures/T_Weapon_N,/Game/TopDownShooter/Ressources/Rifle/Textures,/Game/TopDownShooter/Ressources/Rifle/Textures/T_Weapon_N.T_Weapon_N,False,,"{""__audit_error__"": ""'AssetData' object has no attribute 'tags_and_values'""}"
/Game,SM_MatPreviewMesh_01,StaticMesh,/Game/TopDownShooter/Ressources/SM_MatPreviewMesh_01,/Game/TopDownShooter/Ressources,/Game/TopDownShooter/Ressources/SM_MatPreviewMesh_01.SM_MatPreviewMesh_01,False,/Engine/EngineMeshes/M_Mat_UnrealTech|/Game/TopDownShooter/Ressources/StarterContent/Materials/M_Metal_Copper|/Game/TopDownShooter/Ressources/StarterContent/Materials/M_Metal_Gold|/Script/NavigationSystem,"{""__audit_error__"": ""'AssetData' object has no attribute 'tags_and_values'""}"
/Game,Floor_400x400,StaticMesh,/Game/TopDownShooter/Ressources/StarterContent/Architecture/Floor_400x400,/Game/TopDownShooter/Ressources/StarterContent/Architecture,/Game/TopDownShooter/Ressources/StarterContent/Architecture/Floor_400x400.Floor_400x400,False,/Game/TopDownShooter/Ressources/StarterContent/Materials/M_Basic_Floor|/Script/NavigationSystem,"{""__audit_error__"": ""'AssetData' object has no attribute 'tags_and_values'""}"
/Game,Pillar_50x500,StaticMesh,/Game/TopDownShooter/Ressources/StarterContent/Architecture/Pillar_50x500,/Game/TopDownShooter/Ressources/StarterContent/Architecture,/Game/TopDownShooter/Ressources/StarterContent/Architecture/Pillar_50x500.Pillar_50x500,False,/Game/TopDownShooter/Ressources/StarterContent/Materials/M_Basic_Wall|/Script/NavigationSystem,"{""__audit_error__"": ""'AssetData' object has no attribute 'tags_and_values'""}"
/Game,SM_AssetPlatform,StaticMesh,/Game/TopDownShooter/Ressources/StarterContent/Architecture/SM_AssetPlatform,/Game/TopDownShooter/Ressources/StarterContent/Architecture,/Game/TopDownShooter/Ressources/StarterContent/Architecture/SM_AssetPlatform.SM_AssetPlatform,False,/Game/TopDownShooter/Ressources/StarterContent/Materials/M_AssetPlatform|/Script/NavigationSystem,"{""__audit_error__"": ""'AssetData' object has no attribute 'tags_and_values'""}"
/Game,Wall_400x200,StaticMesh,/Game/TopDownShooter/Ressources/StarterContent/Architecture/Wall_400x200,/Game/TopDownShooter/Ressources/StarterContent/Architecture,/Game/TopDownShooter/Ressources/StarterContent/Architecture/Wall_400x200.Wall_400x200,False,/Game/TopDownShooter/Ressources/StarterContent/Materials/M_Basic_Wall|/Script/NavigationSystem,"{""__audit_error__"": ""'AssetData' object has no attribute 'tags_and_values'""}"
/Game,Wall_400x300,StaticMesh,/Game/TopDownShooter/Ressources/StarterContent/Architecture/Wall_400x300,/Game/TopDownShooter/Ressources/StarterContent/Architecture,/Game/TopDownShooter/Ressources/StarterContent/Architecture/Wall_400x300.Wall_400x300,False,/Game/TopDownShooter/Ressources/StarterContent/Materials/M_Basic_Wall|/Script/NavigationSystem,"{""__audit_error__"": ""'AssetData' object has no attribute 'tags_and_values'""}"
/Game,Wall_400x400,StaticMesh,/Game/TopDownShooter/Ressources/StarterContent/Architecture/Wall_400x400,/Game/TopDownShooter/Ressources/StarterContent/Architecture,/Game/TopDownShooter/Ressources/StarterContent/Architecture/Wall_400x400.Wall_400x400,False,/Game/TopDownShooter/Ressources/StarterContent/Materials/M_Basic_Wall|/Script/NavigationSystem,"{""__audit_error__"": ""'AssetData' object has no attribute 'tags_and_values'""}"
/Game,Wall_500x500,StaticMesh,/Game/TopDownShooter/Ressources/StarterContent/Architecture/Wall_500x500,/Game/TopDownShooter/Ressources/StarterContent/Architecture,/Game/TopDownShooter/Ressources/StarterContent/Architecture/Wall_500x500.Wall_500x500,False,/Game/TopDownShooter/Ressources/StarterContent/Materials/M_Basic_Wall|/Script/NavigationSystem,"{""__audit_error__"": ""'AssetData' object has no attribute 'tags_and_values'""}"
/Game,Wall_Door_400x300,StaticMesh,/Game/TopDownShooter/Ressources/StarterContent/Architecture/Wall_Door_400x300,/Game/TopDownShooter/Ressources/StarterContent/Architecture,/Game/TopDownShooter/Ressources/StarterContent/Architecture/Wall_Door_400x300.Wall_Door_400x300,False,/Game/TopDownShooter/Ressources/StarterContent/Materials/M_Basic_Wall|/Script/NavigationSystem,"{""__audit_error__"": ""'AssetData' object has no attribute 'tags_and_values'""}"
/Game,Wall_Door_400x400,StaticMesh,/Game/TopDownShooter/Ressources/StarterContent/Architecture/Wall_Door_400x400,/Game/TopDownShooter/Ressources/StarterContent/Architecture,/Game/TopDownShooter/Ressources/StarterContent/Architecture/Wall_Door_400x400.Wall_Door_400x400,False,/Game/TopDownShooter/Ressources/StarterContent/Materials/M_Basic_Wall|/Script/NavigationSystem,"{""__audit_error__"": ""'AssetData' object has no attribute 'tags_and_values'""}"
/Game,Wall_Window_400x300,StaticMesh,/Game/TopDownShooter/Ressources/StarterContent/Architecture/Wall_Window_400x300,/Game/TopDownShooter/Ressources/StarterContent/Architecture,/Game/TopDownShooter/Ressources/StarterContent/Architecture/Wall_Window_400x300.Wall_Window_400x300,False,/Game/TopDownShooter/Ressources/StarterContent/Materials/M_Basic_Wall|/Script/NavigationSystem,"{""__audit_error__"": ""'AssetData' object has no attribute 'tags_and_values'""}"
/Game,Wall_Window_400x400,StaticMesh,/Game/TopDownShooter/Ressources/StarterContent/Architecture/Wall_Window_400x400,/Game/TopDownShooter/Ressources/StarterContent/Architecture,/Game/TopDownShooter/Ressources/StarterContent/Architecture/Wall_Window_400x400.Wall_Window_400x400,False,/Game/TopDownShooter/Ressources/StarterContent/Materials/M_Basic_Wall|/Script/NavigationSystem,"{""__audit_error__"": ""'AssetData' object has no attribute 'tags_and_values'""}"
/Game,Collapse01,SoundWave,/Game/TopDownShooter/Ressources/StarterContent/Audio/Collapse01,/Game/TopDownShooter/Ressources/StarterContent/Audio,/Game/TopDownShooter/Ressources/StarterContent/Audio/Collapse01.Collapse01,False,,"{""__audit_error__"": ""'AssetData' object has no attribute 'tags_and_values'""}"
/Game,Collapse02,SoundWave,/Game/TopDownShooter/Ressources/StarterContent/Audio/Collapse02,/Game/TopDownShooter/Ressources/StarterContent/Audio,/Game/TopDownShooter/Ressources/StarterContent/Audio/Collapse02.Collapse02,False,,"{""__audit_error__"": ""'AssetData' object has no attribute 'tags_and_values'""}"
/Game,Collapse_Cue,SoundCue,/Game/TopDownShooter/Ressources/StarterContent/Audio/Collapse_Cue,/Game/TopDownShooter/Ressources/StarterContent/Audio,/Game/TopDownShooter/Ressources/StarterContent/Audio/Collapse_Cue.Collapse_Cue,False,/Game/TopDownShooter/Ressources/StarterContent/Audio/Collapse01|/Game/TopDownShooter/Ressources/StarterContent/Audio/Collapse02|/Script/AudioEditor,"{""__audit_error__"": ""'AssetData' object has no attribute 'tags_and_values'""}"
/Game,Explosion01,SoundWave,/Game/TopDownShooter/Ressources/StarterContent/Audio/Explosion01,/Game/TopDownShooter/Ressources/StarterContent/Audio,/Game/TopDownShooter/Ressources/StarterContent/Audio/Explosion01.Explosion01,False,,"{""__audit_error__"": ""'AssetData' object has no attribute 'tags_and_values'""}"
/Game,Explosion02,SoundWave,/Game/TopDownShooter/Ressources/StarterContent/Audio/Explosion02,/Game/TopDownShooter/Ressources/StarterContent/Audio,/Game/TopDownShooter/Ressources/StarterContent/Audio/Explosion02.Explosion02,False,,"{""__audit_error__"": ""'AssetData' object has no attribute 'tags_and_values'""}"
/Game,Explosion_Cue,SoundCue,/Game/TopDownShooter/Ressources/StarterContent/Audio/Explosion_Cue,/Game/TopDownShooter/Ressources/StarterContent/Audio,/Game/TopDownShooter/Ressources/StarterContent/Audio/Explosion_Cue.Explosion_Cue,False,/Game/TopDownShooter/Ressources/StarterContent/Audio/Explosion01|/Game/TopDownShooter/Ressources/StarterContent/Audio/Explosion02|/Script/AudioEditor,"{""__audit_error__"": ""'AssetData' object has no attribute 'tags_and_values'""}"
/Game,Fire01,SoundWave,/Game/TopDownShooter/Ressources/StarterContent/Audio/Fire01,/Game/TopDownShooter/Ressources/StarterContent/Audio,/Game/TopDownShooter/Ressources/StarterContent/Audio/Fire01.Fire01,False,,"{""__audit_error__"": ""'AssetData' object has no attribute 'tags_and_values'""}"
/Game,Fire01_Cue,SoundCue,/Game/TopDownShooter/Ressources/StarterContent/Audio/Fire01_Cue,/Game/TopDownShooter/Ressources/StarterContent/Audio,/Game/TopDownShooter/Ressources/StarterContent/Audio/Fire01_Cue.Fire01_Cue,False,/Game/TopDownShooter/Ressources/StarterContent/Audio/Fire01|/Script/AudioEditor,"{""__audit_error__"": ""'AssetData' object has no attribute 'tags_and_values'""}"
/Game,Fire_Sparks01,SoundWave,/Game/TopDownShooter/Ressources/StarterContent/Audio/Fire_Sparks01,/Game/TopDownShooter/Ressources/StarterContent/Audio,/Game/TopDownShooter/Ressources/StarterContent/Audio/Fire_Sparks01.Fire_Sparks01,False,,"{""__audit_error__"": ""'AssetData' object has no attribute 'tags_and_values'""}"
/Game,Fire_Sparks01_Cue,SoundCue,/Game/TopDownShooter/Ressources/StarterContent/Audio/Fire_Sparks01_Cue,/Game/TopDownShooter/Ressources/StarterContent/Audio,/Game/TopDownShooter/Ressources/StarterContent/Audio/Fire_Sparks01_Cue.Fire_Sparks01_Cue,False,/Game/TopDownShooter/Ressources/StarterContent/Audio/Fire_Sparks01|/Script/AudioEditor,"{""__audit_error__"": ""'AssetData' object has no attribute 'tags_and_values'""}"
/Game,Light01,SoundWave,/Game/TopDownShooter/Ressources/StarterContent/Audio/Light01,/Game/TopDownShooter/Ressources/StarterContent/Audio,/Game/TopDownShooter/Ressources/StarterContent/Audio/Light01.Light01,False,,"{""__audit_error__"": ""'AssetData' object has no attribute 'tags_and_values'""}"
/Game,Light01_Cue,SoundCue,/Game/TopDownShooter/Ressources/StarterContent/Audio/Light01_Cue,/Game/TopDownShooter/Ressources/StarterContent/Audio,/Game/TopDownShooter/Ressources/StarterContent/Audio/Light01_Cue.Light01_Cue,False,/Game/TopDownShooter/Ressources/StarterContent/Audio/Light01|/Script/AudioEditor,"{""__audit_error__"": ""'AssetData' object has no attribute 'tags_and_values'""}"
/Game,Light02,SoundWave,/Game/TopDownShooter/Ressources/StarterContent/Audio/Light02,/Game/TopDownShooter/Ressources/StarterContent/Audio,/Game/TopDownShooter/Ressources/StarterContent/Audio/Light02.Light02,False,,"{""__audit_error__"": ""'AssetData' object has no attribute 'tags_and_values'""}"
/Game,Light02_Cue,SoundCue,/Game/TopDownShooter/Ressources/StarterContent/Audio/Light02_Cue,/Game/TopDownShooter/Ressources/StarterContent/Audio,/Game/TopDownShooter/Ressources/StarterContent/Audio/Light02_Cue.Light02_Cue,False,/Game/TopDownShooter/Ressources/StarterContent/Audio/Light02|/Script/AudioEditor,"{""__audit_error__"": ""'AssetData' object has no attribute 'tags_and_values'""}"
/Game,Smoke01,SoundWave,/Game/TopDownShooter/Ressources/StarterContent/Audio/Smoke01,/Game/TopDownShooter/Ressources/StarterContent/Audio,/Game/TopDownShooter/Ressources/StarterContent/Audio/Smoke01.Smoke01,False,,"{""__audit_error__"": ""'AssetData' object has no attribute 'tags_and_values'""}"
/Game,Smoke01_Cue,SoundCue,/Game/TopDownShooter/Ressources/StarterContent/Audio/Smoke01_Cue,/Game/TopDownShooter/Ressources/StarterContent/Audio,/Game/TopDownShooter/Ressources/StarterContent/Audio/Smoke01_Cue.Smoke01_Cue,False,/Game/TopDownShooter/Ressources/StarterContent/Audio/Smoke01|/Script/AudioEditor,"{""__audit_error__"": ""'AssetData' object has no attribute 'tags_and_values'""}"
/Game,Starter_Background_Cue,SoundCue,/Game/TopDownShooter/Ressources/StarterContent/Audio/Starter_Background_Cue,/Game/TopDownShooter/Ressources/StarterContent/Audio,/Game/TopDownShooter/Ressources/StarterContent/Audio/Starter_Background_Cue.Starter_Background_Cue,False,/Game/TopDownShooter/Ressources/StarterContent/Audio/Starter_Birds01|/Game/TopDownShooter/Ressources/StarterContent/Audio/Starter_Wind05|/Game/TopDownShooter/Ressources/StarterContent/Audio/Starter_Wind06|/Script/AudioEditor,"{""__audit_error__"": ""'AssetData' object has no attribute 'tags_and_values'""}"
/Game,Starter_Birds01,SoundWave,/Game/TopDownShooter/Ressources/StarterContent/Audio/Starter_Birds01,/Game/TopDownShooter/Ressources/StarterContent/Audio,/Game/TopDownShooter/Ressources/StarterContent/Audio/Starter_Birds01.Starter_Birds01,False,,"{""__audit_error__"": ""'AssetData' object has no attribute 'tags_and_values'""}"
/Game,Starter_Music01,SoundWave,/Game/TopDownShooter/Ressources/StarterContent/Audio/Starter_Music01,/Game/TopDownShooter/Ressources/StarterContent/Audio,/Game/TopDownShooter/Ressources/StarterContent/Audio/Starter_Music01.Starter_Music01,False,,"{""__audit_error__"": ""'AssetData' object has no attribute 'tags_and_values'""}"
/Game,Starter_Music_Cue,SoundCue,/Game/TopDownShooter/Ressources/StarterContent/Audio/Starter_Music_Cue,/Game/TopDownShooter/Ressources/StarterContent/Audio,/Game/TopDownShooter/Ressources/StarterContent/Audio/Starter_Music_Cue.Starter_Music_Cue,False,/Game/TopDownShooter/Ressources/StarterContent/Audio/Starter_Music01|/Script/AudioEditor,"{""__audit_error__"": ""'AssetData' object has no attribute 'tags_and_values'""}"
/Game,Starter_Wind05,SoundWave,/Game/TopDownShooter/Ressources/StarterContent/Audio/Starter_Wind05,/Game/TopDownShooter/Ressources/StarterContent/Audio,/Game/TopDownShooter/Ressources/StarterContent/Audio/Starter_Wind05.Starter_Wind05,False,,"{""__audit_error__"": ""'AssetData' object has no attribute 'tags_and_values'""}"
/Game,Starter_Wind06,SoundWave,/Game/TopDownShooter/Ressources/StarterContent/Audio/Starter_Wind06,/Game/TopDownShooter/Ressources/StarterContent/Audio,/Game/TopDownShooter/Ressources/StarterContent/Audio/Starter_Wind06.Starter_Wind06,False,,"{""__audit_error__"": ""'AssetData' object has no attribute 'tags_and_values'""}"
/Game,Steam01,SoundWave,/Game/TopDownShooter/Ressources/StarterContent/Audio/Steam01,/Game/TopDownShooter/Ressources/StarterContent/Audio,/Game/TopDownShooter/Ressources/StarterContent/Audio/Steam01.Steam01,False,,"{""__audit_error__"": ""'AssetData' object has no attribute 'tags_and_values'""}"
/Game,Steam01_Cue,SoundCue,/Game/TopDownShooter/Ressources/StarterContent/Audio/Steam01_Cue,/Game/TopDownShooter/Ressources/StarterContent/Audio,/Game/TopDownShooter/Ressources/StarterContent/Audio/Steam01_Cue.Steam01_Cue,False,/Game/TopDownShooter/Ressources/StarterContent/Audio/Steam01|/Script/AudioEditor,"{""__audit_error__"": ""'AssetData' object has no attribute 'tags_and_values'""}"
/Game,FogBrightnessLUT,CurveFloat,/Game/TopDownShooter/Ressources/StarterContent/Blueprints/Assets/FogBrightnessLUT,/Game/TopDownShooter/Ressources/StarterContent/Blueprints/Assets,/Game/TopDownShooter/Ressources/StarterContent/Blueprints/Assets/FogBrightnessLUT.FogBrightnessLUT,False,,"{""__audit_error__"": ""'AssetData' object has no attribute 'tags_and_values'""}"
/Game,M_LightStage_Arrows,Material,/Game/TopDownShooter/Ressources/StarterContent/Blueprints/Assets/M_LightStage_Arrows,/Game/TopDownShooter/Ressources/StarterContent/Blueprints/Assets,/Game/TopDownShooter/Ressources/StarterContent/Blueprints/Assets/M_LightStage_Arrows.M_LightStage_Arrows,False,,"{""__audit_error__"": ""'AssetData' object has no attribute 'tags_and_values'""}"
/Game,M_LightStage_Skybox_Black,MaterialInstanceConstant,/Game/TopDownShooter/Ressources/StarterContent/Blueprints/Assets/M_LightStage_Skybox_Black,/Game/TopDownShooter/Ressources/StarterContent/Blueprints/Assets,/Game/TopDownShooter/Ressources/StarterContent/Blueprints/Assets/M_LightStage_Skybox_Black.M_LightStage_Skybox_Black,False,/Game/TopDownShooter/Ressources/StarterContent/Blueprints/Assets/M_LightStage_Skybox_Master,"{""__audit_error__"": ""'AssetData' object has no attribute 'tags_and_values'""}"
/Game,M_LightStage_Skybox_HDRI,MaterialInstanceConstant,/Game/TopDownShooter/Ressources/StarterContent/Blueprints/Assets/M_LightStage_Skybox_HDRI,/Game/TopDownShooter/Ressources/StarterContent/Blueprints/Assets,/Game/TopDownShooter/Ressources/StarterContent/Blueprints/Assets/M_LightStage_Skybox_HDRI.M_LightStage_Skybox_HDRI,False,/Engine/MapTemplates/Sky/DaylightAmbientCubemap|/Game/TopDownShooter/Ressources/StarterContent/Blueprints/Assets/M_LightStage_Skybox_Master,"{""__audit_error__"": ""'AssetData' object has no attribute 'tags_and_values'""}"
/Game,M_LightStage_Skybox_Master,Material,/Game/TopDownShooter/Ressources/StarterContent/Blueprints/Assets/M_LightStage_Skybox_Master,/Game/TopDownShooter/Ressources/StarterContent/Blueprints/Assets,/Game/TopDownShooter/Ressources/StarterContent/Blueprints/Assets/M_LightStage_Skybox_Master.M_LightStage_Skybox_Master,False,/Engine/MapTemplates/Sky/DaylightAmbientCubemap,"{""__audit_error__"": ""'AssetData' object has no attribute 'tags_and_values'""}"
/Game,Skybox,StaticMesh,/Game/TopDownShooter/Ressources/StarterContent/Blueprints/Assets/Skybox,/Game/TopDownShooter/Ressources/StarterContent/Blueprints/Assets,/Game/TopDownShooter/Ressources/StarterContent/Blueprints/Assets/Skybox.Skybox,False,/Engine/EditorMaterials/Thumbnails/SkySphereMaterial|/Script/NavigationSystem,"{""__audit_error__"": ""'AssetData' object has no attribute 'tags_and_values'""}"
/Game,SM_Arrows,StaticMesh,/Game/TopDownShooter/Ressources/StarterContent/Blueprints/Assets/SM_Arrows,/Game/TopDownShooter/Ressources/StarterContent/Blueprints/Assets,/Game/TopDownShooter/Ressources/StarterContent/Blueprints/Assets/SM_Arrows.SM_Arrows,False,/Engine/EngineMaterials/WorldGridMaterial|/Script/NavigationSystem,"{""__audit_error__"": ""'AssetData' object has no attribute 'tags_and_values'""}"
/Game,SunlightColorLUT,CurveLinearColor,/Game/TopDownShooter/Ressources/StarterContent/Blueprints/Assets/SunlightColorLUT,/Game/TopDownShooter/Ressources/StarterContent/Blueprints/Assets,/Game/TopDownShooter/Ressources/StarterContent/Blueprints/Assets/SunlightColorLUT.SunlightColorLUT,False,,"{""__audit_error__"": ""'AssetData' object has no attribute 'tags_and_values'""}"
/Game,Blueprint_CeilingLight,Blueprint,/Game/TopDownShooter/Ressources/StarterContent/Blueprints/Blueprint_CeilingLight,/Game/TopDownShooter/Ressources/StarterContent/Blueprints,/Game/TopDownShooter/Ressources/StarterContent/Blueprints/Blueprint_CeilingLight.Blueprint_CeilingLight,False,/Engine/EditorResources/LightIcons/S_LightError|/Game/TopDownShooter/Ressources/StarterContent/Props/SM_Lamp_Ceiling,"{""__audit_error__"": ""'AssetData' object has no attribute 'tags_and_values'""}"
/Game,Blueprint_Effect_Explosion,Blueprint,/Game/TopDownShooter/Ressources/StarterContent/Blueprints/Blueprint_Effect_Explosion,/Game/TopDownShooter/Ressources/StarterContent/Blueprints,/Game/TopDownShooter/Ressources/StarterContent/Blueprints/Blueprint_Effect_Explosion.Blueprint_Effect_Explosion,False,/Engine/EditorResources/AudioIcons/S_AudioComponent|/Engine/EditorResources/AudioIcons/S_AudioComponent_AutoActivate|/Game/TopDownShooter/Ressources/StarterContent/Audio/Explosion_Cue|/Game/TopDownShooter/Ressources/StarterContent/Particles/P_Explosion,"{""__audit_error__"": ""'AssetData' object has no attribute 'tags_and_values'""}"
/Game,Blueprint_Effect_Fire,Blueprint,/Game/TopDownShooter/Ressources/StarterContent/Blueprints/Blueprint_Effect_Fire,/Game/TopDownShooter/Ressources/StarterContent/Blueprints,/Game/TopDownShooter/Ressources/StarterContent/Blueprints/Blueprint_Effect_Fire.Blueprint_Effect_Fire,False,/Engine/EditorResources/AudioIcons/S_AudioComponent|/Engine/EditorResources/AudioIcons/S_AudioComponent_AutoActivate|/Game/TopDownShooter/Ressources/StarterContent/Audio/Fire01_Cue|/Game/TopDownShooter/Ressources/StarterContent/Particles/P_Fire,"{""__audit_error__"": ""'AssetData' object has no attribute 'tags_and_values'""}"
/Game,Blueprint_Effect_Smoke,Blueprint,/Game/TopDownShooter/Ressources/StarterContent/Blueprints/Blueprint_Effect_Smoke,/Game/TopDownShooter/Ressources/StarterContent/Blueprints,/Game/TopDownShooter/Ressources/StarterContent/Blueprints/Blueprint_Effect_Smoke.Blueprint_Effect_Smoke,False,/Engine/EditorResources/AudioIcons/S_AudioComponent|/Engine/EditorResources/AudioIcons/S_AudioComponent_AutoActivate|/Game/TopDownShooter/Ressources/StarterContent/Audio/Smoke01_Cue|/Game/TopDownShooter/Ressources/StarterContent/Particles/P_Smoke,"{""__audit_error__"": ""'AssetData' object has no attribute 'tags_and_values'""}"
/Game,Blueprint_Effect_Sparks,Blueprint,/Game/TopDownShooter/Ressources/StarterContent/Blueprints/Blueprint_Effect_Sparks,/Game/TopDownShooter/Ressources/StarterContent/Blueprints,/Game/TopDownShooter/Ressources/StarterContent/Blueprints/Blueprint_Effect_Sparks.Blueprint_Effect_Sparks,False,/Engine/EditorResources/AudioIcons/S_AudioComponent|/Engine/EditorResources/AudioIcons/S_AudioComponent_AutoActivate|/Game/TopDownShooter/Ressources/StarterContent/Audio/Fire_Sparks01_Cue|/Game/TopDownShooter/Ressources/StarterContent/Particles/P_Sparks,"{""__audit_error__"": ""'AssetData' object has no attribute 'tags_and_values'""}"
/Game,Blueprint_Effect_Steam,Blueprint,/Game/TopDownShooter/Ressources/StarterContent/Blueprints/Blueprint_Effect_Steam,/Game/TopDownShooter/Ressources/StarterContent/Blueprints,/Game/TopDownShooter/Ressources/StarterContent/Blueprints/Blueprint_Effect_Steam.Blueprint_Effect_Steam,False,/Engine/EditorResources/AudioIcons/S_AudioComponent|/Engine/EditorResources/AudioIcons/S_AudioComponent_AutoActivate|/Game/TopDownShooter/Ressources/StarterContent/Audio/Steam01_Cue|/Game/TopDownShooter/Ressources/StarterContent/Particles/P_Steam_Lit,"{""__audit_error__"": ""'AssetData' object has no attribute 'tags_and_values'""}"
/Game,Blueprint_WallSconce,Blueprint,/Game/TopDownShooter/Ressources/StarterContent/Blueprints/Blueprint_WallSconce,/Game/TopDownShooter/Ressources/StarterContent/Blueprints,/Game/TopDownShooter/Ressources/StarterContent/Blueprints/Blueprint_WallSconce.Blueprint_WallSconce,False,/Engine/EditorResources/LightIcons/S_LightError|/Game/TopDownShooter/Ressources/StarterContent/Props/SM_Lamp_Wall,"{""__audit_error__"": ""'AssetData' object has no attribute 'tags_and_values'""}"
/Game,BP_LightStudio,Blueprint,/Game/TopDownShooter/Ressources/StarterContent/Blueprints/BP_LightStudio,/Game/TopDownShooter/Ressources/StarterContent/Blueprints,/Game/TopDownShooter/Ressources/StarterContent/Blueprints/BP_LightStudio.BP_LightStudio,False,/Engine/EditorResources/LightIcons/S_LightError|/Game/TopDownShooter/Ressources/StarterContent/Blueprints/Assets/FogBrightnessLUT|/Game/TopDownShooter/Ressources/StarterContent/Blueprints/Assets/M_LightStage_Arrows|/Game/TopDownShooter/Ressources/StarterContent/Blueprints/Assets/M_LightStage_Skybox_Black|/Game/TopDownShooter/Ressources/StarterContent/Blueprints/Assets/M_LightStage_Skybox_HDRI|/Game/TopDownShooter/Ressources/StarterContent/Blueprints/Assets/M_LightStage_Skybox_Master|/Game/TopDownShooter/Ressources/StarterContent/Blueprints/Assets/SM_Arrows|/Game/TopDownShooter/Ressources/StarterContent/Blueprints/Assets/Skybox|/Game/TopDownShooter/Ressources/StarterContent/Blueprints/Assets/SunlightColorLUT|/Game/TopDownShooter/Ressources/StarterContent/HDRI/HDRI_Epic_Courtyard_Daylight,"{""__audit_error__"": ""'AssetData' object has no attribute 'tags_and_values'""}"
/Game,HDRI_Epic_Courtyard_Daylight,TextureCube,/Game/TopDownShooter/Ressources/StarterContent/HDRI/HDRI_Epic_Courtyard_Daylight,/Game/TopDownShooter/Ressources/StarterContent/HDRI,/Game/TopDownShooter/Ressources/StarterContent/HDRI/HDRI_Epic_Courtyard_Daylight.HDRI_Epic_Courtyard_Daylight,False,,"{""__audit_error__"": ""'AssetData' object has no attribute 'tags_and_values'""}"
/Game,Advanced_Lighting,World,/Game/TopDownShooter/Ressources/StarterContent/Maps/Advanced_Lighting,/Game/TopDownShooter/Ressources/StarterContent/Maps,/Game/TopDownShooter/Ressources/StarterContent/Maps/Advanced_Lighting.Advanced_Lighting,False,/Engine/EditorMeshes/ColorCalibrator/SM_ColorCalibrator|/Engine/EditorResources/LightIcons/S_LightError|/Engine/EngineMaterials/WorldGridMaterial|/Game/TopDownShooter/Ressources/StarterContent/Architecture/SM_AssetPlatform|/Game/TopDownShooter/Ressources/StarterContent/Blueprints/Assets/M_LightStage_Arrows|/Game/TopDownShooter/Ressources/StarterContent/Blueprints/Assets/M_LightStage_Skybox_HDRI|/Game/TopDownShooter/Ressources/StarterContent/Blueprints/BP_LightStudio|/Game/TopDownShooter/Ressources/StarterContent/HDRI/HDRI_Epic_Courtyard_Daylight|/Game/TopDownShooter/Ressources/StarterContent/Maps/Advanced_Lighting_BuiltData|/Game/TopDownShooter/Ressources/StarterContent/Materials/M_AssetPlatform|/Script/Foliage|/Script/NavigationSystem,"{""__audit_error__"": ""'AssetData' object has no attribute 'tags_and_values'""}"
/Game,Advanced_Lighting_BuiltData,MapBuildDataRegistry,/Game/TopDownShooter/Ressources/StarterContent/Maps/Advanced_Lighting_BuiltData,/Game/TopDownShooter/Ressources/StarterContent/Maps,/Game/TopDownShooter/Ressources/StarterContent/Maps/Advanced_Lighting_BuiltData.Advanced_Lighting_BuiltData,False,,"{""__audit_error__"": ""'AssetData' object has no attribute 'tags_and_values'""}"
/Game,Minimal_Default,World,/Game/TopDownShooter/Ressources/StarterContent/Maps/Minimal_Default,/Game/TopDownShooter/Ressources/StarterContent/Maps,/Game/TopDownShooter/Ressources/StarterContent/Maps/Minimal_Default.Minimal_Default,False,/Engine/EditorResources/AudioIcons/S_AudioComponent|/Engine/EditorResources/AudioIcons/S_AudioComponent_AutoActivate|/Engine/EditorResources/LightIcons/S_LightError|/Engine/EngineMaterials/WorldGridMaterial|/Engine/EngineSky/M_SimpleSkyDome|/Engine/EngineSky/SM_SkySphere|/Game/TopDownShooter/Ressources/StarterContent/Architecture/Floor_400x400|/Game/TopDownShooter/Ressources/StarterContent/Audio/Starter_Background_Cue|/Game/TopDownShooter/Ressources/StarterContent/Maps/Minimal_Default_BuiltData|/Game/TopDownShooter/Ressources/StarterContent/Materials/M_Ceramic_Tile_Checker|/Game/TopDownShooter/Ressources/StarterContent/Materials/M_Metal_Burnished_Steel|/Game/TopDownShooter/Ressources/StarterContent/Props/Materials/M_Chair|/Game/TopDownShooter/Ressources/StarterContent/Props/Materials/M_StatueGlass|/Game/TopDownShooter/Ressources/StarterContent/Props/SM_Chair|/Game/TopDownShooter/Ressources/StarterContent/Props/SM_Statue|/Game/TopDownShooter/Ressources/StarterContent/Props/SM_TableRound|/Script/NavigationSystem,"{""__audit_error__"": ""'AssetData' object has no attribute 'tags_and_values'""}"
/Game,Minimal_Default_BuiltData,MapBuildDataRegistry,/Game/TopDownShooter/Ressources/StarterContent/Maps/Minimal_Default_BuiltData,/Game/TopDownShooter/Ressources/StarterContent/Maps,/Game/TopDownShooter/Ressources/StarterContent/Maps/Minimal_Default_BuiltData.Minimal_Default_BuiltData,False,,"{""__audit_error__"": ""'AssetData' object has no attribute 'tags_and_values'""}"
/Game,StarterMap,World,/Game/TopDownShooter/Ressources/StarterContent/Maps/StarterMap,/Game/TopDownShooter/Ressources/StarterContent/Maps,/Game/TopDownShooter/Ressources/StarterContent/Maps/StarterMap.StarterMap,False,/Engine/EditorResources/AudioIcons/S_AudioComponent|/Engine/EditorResources/AudioIcons/S_AudioComponent_AutoActivate|/Engine/EditorResources/LightIcons/S_LightError|/Engine/EngineMaterials/AntiAliasedTextMaterialTranslucent|/Engine/EngineMaterials/WorldGridMaterial|/Engine/EngineSky/M_SimpleSkyDome|/Engine/EngineSky/SM_SkySphere|/Game/TopDownShooter/Ressources/StarterContent/Architecture/Floor_400x400|/Game/TopDownShooter/Ressources/StarterContent/Architecture/Wall_400x200|/Game/TopDownShooter/Ressources/StarterContent/Architecture/Wall_Door_400x300|/Game/TopDownShooter/Ressources/StarterContent/Architecture/Wall_Window_400x300|/Game/TopDownShooter/Ressources/StarterContent/Audio/Collapse_Cue|/Game/TopDownShooter/Ressources/StarterContent/Audio/Starter_Background_Cue|/Game/TopDownShooter/Ressources/StarterContent/Audio/Starter_Music_Cue|/Game/TopDownShooter/Ressources/StarterContent/Blueprints/Blueprint_CeilingLight|/Game/TopDownShooter/Ressources/StarterContent/Blueprints/Blueprint_Effect_Fire|/Game/TopDownShooter/Ressources/StarterContent/Blueprints/Blueprint_Effect_Smoke|/Game/TopDownShooter/Ressources/StarterContent/Blueprints/Blueprint_Effect_Sparks|/Game/TopDownShooter/Ressources/StarterContent/Blueprints/Blueprint_Effect_Steam|/Game/TopDownShooter/Ressources/StarterContent/Blueprints/Blueprint_WallSconce|/Game/TopDownShooter/Ressources/StarterContent/Maps/StarterMap_BuiltData|/Game/TopDownShooter/Ressources/StarterContent/Materials/M_Brick_Clay_Beveled|/Game/TopDownShooter/Ressources/StarterContent/Materials/M_Brick_Clay_New|/Game/TopDownShooter/Ressources/StarterContent/Materials/M_Brick_Clay_Old|/Game/TopDownShooter/Ressources/StarterContent/Materials/M_Brick_Cut_Stone|/Game/TopDownShooter/Ressources/StarterContent/Materials/M_Brick_Hewn_Stone|/Game/TopDownShooter/Ressources/StarterContent/Materials/M_Ceramic_Tile_Checker|/Game/TopDownShooter/Ressources/StarterContent/Materials/M_CobbleStone_Pebble|/Game/TopDownShooter/Ressources/StarterContent/Materials/M_CobbleStone_Rough|/Game/TopDownShooter/Ressources/StarterContent/Materials/M_CobbleStone_Smooth|/Game/TopDownShooter/Ressources/StarterContent/Materials/M_Concrete_Grime|/Game/TopDownShooter/Ressources/StarterContent/Materials/M_Concrete_Panels|/Game/TopDownShooter/Ressources/StarterContent/Materials/M_Concrete_Poured|/Game/TopDownShooter/Ressources/StarterContent/Materials/M_Concrete_Tiles|/Game/TopDownShooter/Ressources/StarterContent/Materials/M_Ground_Grass|/Game/TopDownShooter/Ressources/StarterContent/Materials/M_Ground_Gravel|/Game/TopDownShooter/Ressources/StarterContent/Materials/M_Ground_Moss|/Game/TopDownShooter/Ressources/StarterContent/Materials/M_Metal_Brushed_Nickel|/Game/TopDownShooter/Ressources/StarterContent/Materials/M_Metal_Burnished_Steel|/Game/TopDownShooter/Ressources/StarterContent/Materials/M_Metal_Chrome|/Game/TopDownShooter/Ressources/StarterContent/Materials/M_Metal_Copper|/Game/TopDownShooter/Ressources/StarterContent/Materials/M_Metal_Gold|/Game/TopDownShooter/Ressources/StarterContent/Materials/M_Metal_Rust|/Game/TopDownShooter/Ressources/StarterContent/Materials/M_Metal_Steel|/Game/TopDownShooter/Ressources/StarterContent/Materials/M_Rock_Basalt|/Game/TopDownShooter/Ressources/StarterContent/Materials/M_Rock_Marble_Polished|/Game/TopDownShooter/Ressources/StarterContent/Materials/M_Rock_Sandstone|/Game/TopDownShooter/Ressources/StarterContent/Materials/M_Rock_Slate|/Game/TopDownShooter/Ressources/StarterContent/Materials/M_Tech_Checker_Dot|/Game/TopDownShooter/Ressources/StarterContent/Materials/M_Tech_Hex_Tile|/Game/TopDownShooter/Ressources/StarterContent/Materials/M_Tech_Hex_Tile_Pulse|/Game/TopDownShooter/Ressources/StarterContent/Materials/M_Tech_Panel|/Game/TopDownShooter/Ressources/StarterContent/Materials/M_Water_Lake|/Game/TopDownShooter/Ressources/StarterContent/Materials/M_Water_Ocean|/Game/TopDownShooter/Ressources/StarterContent/Materials/M_Wood_Floor_Walnut_Polished|/Game/TopDownShooter/Ressources/StarterContent/Materials/M_Wood_Floor_Walnut_Worn|/Game/TopDownShooter/Ressources/StarterContent/Materials/M_Wood_Oak|/Game/TopDownShooter/Ressources/StarterContent/Materials/M_Wood_Pine|/Game/TopDownShooter/Ressources/StarterContent/Materials/M_Wood_Walnut|/Game/TopDownShooter/Ressources/StarterContent/Particles/P_Ambient_Dust|/Game/TopDownShooter/Ressources/StarterContent/Props/MaterialSphere|/Game/TopDownShooter/Ressources/StarterContent/Props/Materials/M_Chair|/Game/TopDownShooter/Ressources/StarterContent/Props/SM_Chair|/Game/TopDownShooter/Ressources/StarterContent/Props/SM_CornerFrame|/Game/TopDownShooter/Ressources/StarterContent/Props/SM_DoorFrame|/Game/TopDownShooter/Ressources/StarterContent/Props/SM_GlassWindow|/Game/TopDownShooter/Ressources/StarterContent/Props/SM_PillarFrame|/Game/TopDownShooter/Ressources/StarterContent/Props/SM_PillarFrame300|/Game/TopDownShooter/Ressources/StarterContent/Props/SM_Statue|/Game/TopDownShooter/Ressources/StarterContent/Props/SM_TableRound|/Game/TopDownShooter/Ressources/StarterContent/Props/SM_WindowFrame|/Game/TopDownShooter/Ressources/StarterContent/Shapes/Shape_Cube|/Game/TopDownShooter/Ressources/StarterContent/Shapes/Shape_QuadPyramid|/Game/TopDownShooter/Ressources/StarterContent/Shapes/Shape_Sphere|/Script/Foliage|/Script/NavigationSystem,"{""__audit_error__"": ""'AssetData' object has no attribute 'tags_and_values'""}"
/Game,StarterMap_BuiltData,MapBuildDataRegistry,/Game/TopDownShooter/Ressources/StarterContent/Maps/StarterMap_BuiltData,/Game/TopDownShooter/Ressources/StarterContent/Maps,/Game/TopDownShooter/Ressources/StarterContent/Maps/StarterMap_BuiltData.StarterMap_BuiltData,False,,"{""__audit_error__"": ""'AssetData' object has no attribute 'tags_and_values'""}"
/Game,M_AssetPlatform,Material,/Game/TopDownShooter/Ressources/StarterContent/Materials/M_AssetPlatform,/Game/TopDownShooter/Ressources/StarterContent/Materials,/Game/TopDownShooter/Ressources/StarterContent/Materials/M_AssetPlatform.M_AssetPlatform,False,,"{""__audit_error__"": ""'AssetData' object has no attribute 'tags_and_values'""}"
/Game,M_Basic_Floor,Material,/Game/TopDownShooter/Ressources/StarterContent/Materials/M_Basic_Floor,/Game/TopDownShooter/Ressources/StarterContent/Materials,/Game/TopDownShooter/Ressources/StarterContent/Materials/M_Basic_Floor.M_Basic_Floor,False,,"{""__audit_error__"": ""'AssetData' object has no attribute 'tags_and_values'""}"
/Game,M_Basic_Wall,Material,/Game/TopDownShooter/Ressources/StarterContent/Materials/M_Basic_Wall,/Game/TopDownShooter/Ressources/StarterContent/Materials,/Game/TopDownShooter/Ressources/StarterContent/Materials/M_Basic_Wall.M_Basic_Wall,False,,"{""__audit_error__"": ""'AssetData' object has no attribute 'tags_and_values'""}"
/Game,M_Brick_Clay_Beveled,Material,/Game/TopDownShooter/Ressources/StarterContent/Materials/M_Brick_Clay_Beveled,/Game/TopDownShooter/Ressources/StarterContent/Materials,/Game/TopDownShooter/Ressources/StarterContent/Materials/M_Brick_Clay_Beveled.M_Brick_Clay_Beveled,False,/Game/TopDownShooter/Ressources/StarterContent/Textures/T_Brick_Clay_Beveled_D|/Game/TopDownShooter/Ressources/StarterContent/Textures/T_Brick_Clay_Beveled_M|/Game/TopDownShooter/Ressources/StarterContent/Textures/T_Brick_Clay_Beveled_N|/Game/TopDownShooter/Ressources/StarterContent/Textures/T_MacroVariation,"{""__audit_error__"": ""'AssetData' object has no attribute 'tags_and_values'""}"
/Game,M_Brick_Clay_New,Material,/Game/TopDownShooter/Ressources/StarterContent/Materials/M_Brick_Clay_New,/Game/TopDownShooter/Ressources/StarterContent/Materials,/Game/TopDownShooter/Ressources/StarterContent/Materials/M_Brick_Clay_New.M_Brick_Clay_New,False,/Game/TopDownShooter/Ressources/StarterContent/Textures/T_Brick_Clay_New_D|/Game/TopDownShooter/Ressources/StarterContent/Textures/T_Brick_Clay_New_M|/Game/TopDownShooter/Ressources/StarterContent/Textures/T_Brick_Clay_New_N|/Game/TopDownShooter/Ressources/StarterContent/Textures/T_Detail_Rocky_N|/Game/TopDownShooter/Ressources/StarterContent/Textures/T_MacroVariation,"{""__audit_error__"": ""'AssetData' object has no attribute 'tags_and_values'""}"
/Game,M_Brick_Clay_Old,Material,/Game/TopDownShooter/Ressources/StarterContent/Materials/M_Brick_Clay_Old,/Game/TopDownShooter/Ressources/StarterContent/Materials,/Game/TopDownShooter/Ressources/StarterContent/Materials/M_Brick_Clay_Old.M_Brick_Clay_Old,False,/Game/TopDownShooter/Ressources/StarterContent/Textures/T_Brick_Clay_Old_D|/Game/TopDownShooter/Ressources/StarterContent/Textures/T_Brick_Clay_Old_N|/Game/TopDownShooter/Ressources/StarterContent/Textures/T_MacroVariation|/Game/TopDownShooter/Ressources/StarterContent/Textures/T_Perlin_Noise_M,"{""__audit_error__"": ""'AssetData' object has no attribute 'tags_and_values'""}"
/Game,M_Brick_Cut_Stone,Material,/Game/TopDownShooter/Ressources/StarterContent/Materials/M_Brick_Cut_Stone,/Game/TopDownShooter/Ressources/StarterContent/Materials,/Game/TopDownShooter/Ressources/StarterContent/Materials/M_Brick_Cut_Stone.M_Brick_Cut_Stone,False,/Game/TopDownShooter/Ressources/StarterContent/Textures/T_Brick_Cut_Stone_D|/Game/TopDownShooter/Ressources/StarterContent/Textures/T_Brick_Cut_Stone_N|/Game/TopDownShooter/Ressources/StarterContent/Textures/T_MacroVariation|/Game/TopDownShooter/Ressources/StarterContent/Textures/T_Perlin_Noise_M,"{""__audit_error__"": ""'AssetData' object has no attribute 'tags_and_values'""}"
/Game,M_Brick_Hewn_Stone,Material,/Game/TopDownShooter/Ressources/StarterContent/Materials/M_Brick_Hewn_Stone,/Game/TopDownShooter/Ressources/StarterContent/Materials,/Game/TopDownShooter/Ressources/StarterContent/Materials/M_Brick_Hewn_Stone.M_Brick_Hewn_Stone,False,/Game/TopDownShooter/Ressources/StarterContent/Textures/T_Brick_Hewn_Stone_D|/Game/TopDownShooter/Ressources/StarterContent/Textures/T_Brick_Hewn_Stone_M|/Game/TopDownShooter/Ressources/StarterContent/Textures/T_Brick_Hewn_Stone_N|/Game/TopDownShooter/Ressources/StarterContent/Textures/T_Detail_Rocky_N|/Game/TopDownShooter/Ressources/StarterContent/Textures/T_MacroVariation,"{""__audit_error__"": ""'AssetData' object has no attribute 'tags_and_values'""}"
/Game,M_Ceramic_Tile_Checker,Material,/Game/TopDownShooter/Ressources/StarterContent/Materials/M_Ceramic_Tile_Checker,/Game/TopDownShooter/Ressources/StarterContent/Materials,/Game/TopDownShooter/Ressources/StarterContent/Materials/M_Ceramic_Tile_Checker.M_Ceramic_Tile_Checker,False,/Game/TopDownShooter/Ressources/StarterContent/Textures/T_Ceramic_Tile_M|/Game/TopDownShooter/Ressources/StarterContent/Textures/T_Ceramic_Tile_N|/Game/TopDownShooter/Ressources/StarterContent/Textures/T_Perlin_Noise_M|/Game/TopDownShooter/Ressources/StarterContent/Textures/T_Rock_Marble_Polished_D,"{""__audit_error__"": ""'AssetData' object has no attribute 'tags_and_values'""}"
/Game,M_CobbleStone_Pebble,Material,/Game/TopDownShooter/Ressources/StarterContent/Materials/M_CobbleStone_Pebble,/Game/TopDownShooter/Ressources/StarterContent/Materials,/Game/TopDownShooter/Ressources/StarterContent/Materials/M_CobbleStone_Pebble.M_CobbleStone_Pebble,False,/Game/TopDownShooter/Ressources/StarterContent/Textures/T_CobbleStone_Pebble_D|/Game/TopDownShooter/Ressources/StarterContent/Textures/T_CobbleStone_Pebble_M|/Game/TopDownShooter/Ressources/StarterContent/Textures/T_CobbleStone_Pebble_N|/Game/TopDownShooter/Ressources/StarterContent/Textures/T_MacroVariation,"{""__audit_error__"": ""'AssetData' object has no attribute 'tags_and_values'""}"
/Game,M_CobbleStone_Rough,Material,/Game/TopDownShooter/Ressources/StarterContent/Materials/M_CobbleStone_Rough,/Game/TopDownShooter/Ressources/StarterContent/Materials,/Game/TopDownShooter/Ressources/StarterContent/Materials/M_CobbleStone_Rough.M_CobbleStone_Rough,False,/Game/TopDownShooter/Ressources/StarterContent/Textures/T_CobbleStone_Rough_D|/Game/TopDownShooter/Ressources/StarterContent/Textures/T_CobbleStone_Rough_N|/Game/TopDownShooter/Ressources/StarterContent/Textures/T_Gradinet_01|/Game/TopDownShooter/Ressources/StarterContent/Textures/T_Rock_Smooth_Granite_D,"{""__audit_error__"": ""'AssetData' object has no attribute 'tags_and_values'""}"
/Game,M_CobbleStone_Smooth,Material,/Game/TopDownShooter/Ressources/StarterContent/Materials/M_CobbleStone_Smooth,/Game/TopDownShooter/Ressources/StarterContent/Materials,/Game/TopDownShooter/Ressources/StarterContent/Materials/M_CobbleStone_Smooth.M_CobbleStone_Smooth,False,/Game/TopDownShooter/Ressources/StarterContent/Textures/T_CobbleStone_Smooth_D|/Game/TopDownShooter/Ressources/StarterContent/Textures/T_CobbleStone_Smooth_M|/Game/TopDownShooter/Ressources/StarterContent/Textures/T_CobbleStone_Smooth_N|/Game/TopDownShooter/Ressources/StarterContent/Textures/T_Gradinet_01|/Game/TopDownShooter/Ressources/StarterContent/Textures/T_MacroVariation|/Game/TopDownShooter/Ressources/StarterContent/Textures/T_Rock_Smooth_Granite_D,"{""__audit_error__"": ""'AssetData' object has no attribute 'tags_and_values'""}"
/Game,M_ColorGrid_LowSpec,Material,/Game/TopDownShooter/Ressources/StarterContent/Materials/M_ColorGrid_LowSpec,/Game/TopDownShooter/Ressources/StarterContent/Materials,/Game/TopDownShooter/Ressources/StarterContent/Materials/M_ColorGrid_LowSpec.M_ColorGrid_LowSpec,False,/Engine/EditorMeshes/ColorCalibrator/T_ColorGrid,"{""__audit_error__"": ""'AssetData' object has no attribute 'tags_and_values'""}"
/Game,M_Concrete_Grime,Material,/Game/TopDownShooter/Ressources/StarterContent/Materials/M_Concrete_Grime,/Game/TopDownShooter/Ressources/StarterContent/Materials,/Game/TopDownShooter/Ressources/StarterContent/Materials/M_Concrete_Grime.M_Concrete_Grime,False,/Game/TopDownShooter/Ressources/StarterContent/Textures/T_Concrete_Grime_D|/Game/TopDownShooter/Ressources/StarterContent/Textures/T_MacroVariation|/Game/TopDownShooter/Ressources/StarterContent/Textures/T_Metal_Rust_N|/Game/TopDownShooter/Ressources/StarterContent/Textures/T_Perlin_Noise_M,"{""__audit_error__"": ""'AssetData' object has no attribute 'tags_and_values'""}"
/Game,M_Concrete_Panels,Material,/Game/TopDownShooter/Ressources/StarterContent/Materials/M_Concrete_Panels,/Game/TopDownShooter/Ressources/StarterContent/Materials,/Game/TopDownShooter/Ressources/StarterContent/Materials/M_Concrete_Panels.M_Concrete_Panels,False,/Game/TopDownShooter/Ressources/StarterContent/Textures/T_Concrete_Panels_D|/Game/TopDownShooter/Ressources/StarterContent/Textures/T_Concrete_Panels_N|/Game/TopDownShooter/Ressources/StarterContent/Textures/T_MacroVariation|/Game/TopDownShooter/Ressources/StarterContent/Textures/T_Perlin_Noise_M,"{""__audit_error__"": ""'AssetData' object has no attribute 'tags_and_values'""}"
/Game,M_Concrete_Poured,Material,/Game/TopDownShooter/Ressources/StarterContent/Materials/M_Concrete_Poured,/Game/TopDownShooter/Ressources/StarterContent/Materials,/Game/TopDownShooter/Ressources/StarterContent/Materials/M_Concrete_Poured.M_Concrete_Poured,False,/Game/TopDownShooter/Ressources/StarterContent/Textures/T_Concrete_Poured_D|/Game/TopDownShooter/Ressources/StarterContent/Textures/T_Concrete_Poured_N|/Game/TopDownShooter/Ressources/StarterContent/Textures/T_MacroVariation|/Game/TopDownShooter/Ressources/StarterContent/Textures/T_Perlin_Noise_M,"{""__audit_error__"": ""'AssetData' object has no attribute 'tags_and_values'""}"
/Game,M_Concrete_Tiles,Material,/Game/TopDownShooter/Ressources/StarterContent/Materials/M_Concrete_Tiles,/Game/TopDownShooter/Ressources/StarterContent/Materials,/Game/TopDownShooter/Ressources/StarterContent/Materials/M_Concrete_Tiles.M_Concrete_Tiles,False,/Engine/Functions/Engine_MaterialFunctions01/Opacity/CameraDepthFade|/Game/TopDownShooter/Ressources/StarterContent/Textures/T_Concrete_Tiles_D|/Game/TopDownShooter/Ressources/StarterContent/Textures/T_Concrete_Tiles_M|/Game/TopDownShooter/Ressources/StarterContent/Textures/T_Concrete_Tiles_N|/Game/TopDownShooter/Ressources/StarterContent/Textures/T_Concrete_Tiles_Variation_M|/Game/TopDownShooter/Ressources/StarterContent/Textures/T_MacroVariation,"{""__audit_error__"": ""'AssetData' object has no attribute 'tags_and_values'""}"
/Game,M_Glass,Material,/Game/TopDownShooter/Ressources/StarterContent/Materials/M_Glass,/Game/TopDownShooter/Ressources/StarterContent/Materials,/Game/TopDownShooter/Ressources/StarterContent/Materials/M_Glass.M_Glass,False,,"{""__audit_error__"": ""'AssetData' object has no attribute 'tags_and_values'""}"
/Game,M_Ground_Grass,Material,/Game/TopDownShooter/Ressources/StarterContent/Materials/M_Ground_Grass,/Game/TopDownShooter/Ressources/StarterContent/Materials,/Game/TopDownShooter/Ressources/StarterContent/Materials/M_Ground_Grass.M_Ground_Grass,False,/Game/TopDownShooter/Ressources/StarterContent/Textures/T_Ground_Grass_D|/Game/TopDownShooter/Ressources/StarterContent/Textures/T_Ground_Grass_N|/Game/TopDownShooter/Ressources/StarterContent/Textures/T_MacroVariation|/Game/TopDownShooter/Ressources/StarterContent/Textures/T_Perlin_Noise_M,"{""__audit_error__"": ""'AssetData' object has no attribute 'tags_and_values'""}"
/Game,M_Ground_Gravel,Material,/Game/TopDownShooter/Ressources/StarterContent/Materials/M_Ground_Gravel,/Game/TopDownShooter/Ressources/StarterContent/Materials,/Game/TopDownShooter/Ressources/StarterContent/Materials/M_Ground_Gravel.M_Ground_Gravel,False,/Game/TopDownShooter/Ressources/StarterContent/Textures/T_Ground_Gravel_D|/Game/TopDownShooter/Ressources/StarterContent/Textures/T_Ground_Gravel_N|/Game/TopDownShooter/Ressources/StarterContent/Textures/T_MacroVariation|/Game/TopDownShooter/Ressources/StarterContent/Textures/T_Perlin_Noise_M,"{""__audit_error__"": ""'AssetData' object has no attribute 'tags_and_values'""}"
/Game,M_Ground_Moss,Material,/Game/TopDownShooter/Ressources/StarterContent/Materials/M_Ground_Moss,/Game/TopDownShooter/Ressources/StarterContent/Materials,/Game/TopDownShooter/Ressources/StarterContent/Materials/M_Ground_Moss.M_Ground_Moss,False,/Game/TopDownShooter/Ressources/StarterContent/Textures/T_Ground_Moss_N|/Game/TopDownShooter/Ressources/StarterContent/Textures/T_MacroVariation|/Game/TopDownShooter/Ressources/StarterContent/Textures/T_Perlin_Noise_M|/Game/TopDownShooter/Ressources/StarterContent/Textures/T_ground_Moss_D,"{""__audit_error__"": ""'AssetData' object has no attribute 'tags_and_values'""}"
/Game,M_Metal_Brushed_Nickel,Material,/Game/TopDownShooter/Ressources/StarterContent/Materials/M_Metal_Brushed_Nickel,/Game/TopDownShooter/Ressources/StarterContent/Materials,/Game/TopDownShooter/Ressources/StarterContent/Materials/M_Metal_Brushed_Nickel.M_Metal_Brushed_Nickel,False,/Game/TopDownShooter/Ressources/StarterContent/Textures/T_MacroVariation,"{""__audit_error__"": ""'AssetData' object has no attribute 'tags_and_values'""}"
/Game,M_Metal_Burnished_Steel,Material,/Game/TopDownShooter/Ressources/StarterContent/Materials/M_Metal_Burnished_Steel,/Game/TopDownShooter/Ressources/StarterContent/Materials,/Game/TopDownShooter/Ressources/StarterContent/Materials/M_Metal_Burnished_Steel.M_Metal_Burnished_Steel,False,/Game/TopDownShooter/Ressources/StarterContent/Textures/T_MacroVariation|/Game/TopDownShooter/Ressources/StarterContent/Textures/T_Metal_Aluminum_D|/Game/TopDownShooter/Ressources/StarterContent/Textures/T_Metal_Gold_N,"{""__audit_error__"": ""'AssetData' object has no attribute 'tags_and_values'""}"
/Game,M_Metal_Chrome,Material,/Game/TopDownShooter/Ressources/StarterContent/Materials/M_Metal_Chrome,/Game/TopDownShooter/Ressources/StarterContent/Materials,/Game/TopDownShooter/Ressources/StarterContent/Materials/M_Metal_Chrome.M_Metal_Chrome,False,/Game/TopDownShooter/Ressources/StarterContent/Textures/T_MacroVariation,"{""__audit_error__"": ""'AssetData' object has no attribute 'tags_and_values'""}"
/Game,M_Metal_Copper,Material,/Game/TopDownShooter/Ressources/StarterContent/Materials/M_Metal_Copper,/Game/TopDownShooter/Ressources/StarterContent/Materials,/Game/TopDownShooter/Ressources/StarterContent/Materials/M_Metal_Copper.M_Metal_Copper,False,/Game/TopDownShooter/Ressources/StarterContent/Textures/T_MacroVariation|/Game/TopDownShooter/Ressources/StarterContent/Textures/T_Metal_Copper_D|/Game/TopDownShooter/Ressources/StarterContent/Textures/T_Metal_Gold_N,"{""__audit_error__"": ""'AssetData' object has no attribute 'tags_and_values'""}"
/Game,M_Metal_Gold,Material,/Game/TopDownShooter/Ressources/StarterContent/Materials/M_Metal_Gold,/Game/TopDownShooter/Ressources/StarterContent/Materials,/Game/TopDownShooter/Ressources/StarterContent/Materials/M_Metal_Gold.M_Metal_Gold,False,/Game/TopDownShooter/Ressources/StarterContent/Textures/T_MacroVariation|/Game/TopDownShooter/Ressources/StarterContent/Textures/T_Metal_Gold_D|/Game/TopDownShooter/Ressources/StarterContent/Textures/T_Metal_Gold_N,"{""__audit_error__"": ""'AssetData' object has no attribute 'tags_and_values'""}"
/Game,M_Metal_Rust,Material,/Game/TopDownShooter/Ressources/StarterContent/Materials/M_Metal_Rust,/Game/TopDownShooter/Ressources/StarterContent/Materials,/Game/TopDownShooter/Ressources/StarterContent/Materials/M_Metal_Rust.M_Metal_Rust,False,/Engine/Functions/Engine_MaterialFunctions02/Utility/BlendAngleCorrectedNormals|/Game/TopDownShooter/Ressources/StarterContent/Textures/T_MacroVariation|/Game/TopDownShooter/Ressources/StarterContent/Textures/T_Metal_Rust_D|/Game/TopDownShooter/Ressources/StarterContent/Textures/T_Metal_Rust_N,"{""__audit_error__"": ""'AssetData' object has no attribute 'tags_and_values'""}"
/Game,M_Metal_Steel,Material,/Game/TopDownShooter/Ressources/StarterContent/Materials/M_Metal_Steel,/Game/TopDownShooter/Ressources/StarterContent/Materials,/Game/TopDownShooter/Ressources/StarterContent/Materials/M_Metal_Steel.M_Metal_Steel,False,/Game/TopDownShooter/Ressources/StarterContent/Textures/T_MacroVariation|/Game/TopDownShooter/Ressources/StarterContent/Textures/T_Metal_Steel_D|/Game/TopDownShooter/Ressources/StarterContent/Textures/T_Metal_Steel_N,"{""__audit_error__"": ""'AssetData' object has no attribute 'tags_and_values'""}"
/Game,M_Rock_Basalt,Material,/Game/TopDownShooter/Ressources/StarterContent/Materials/M_Rock_Basalt,/Game/TopDownShooter/Ressources/StarterContent/Materials,/Game/TopDownShooter/Ressources/StarterContent/Materials/M_Rock_Basalt.M_Rock_Basalt,False,/Game/TopDownShooter/Ressources/StarterContent/Textures/T_MacroVariation|/Game/TopDownShooter/Ressources/StarterContent/Textures/T_Perlin_Noise_M|/Game/TopDownShooter/Ressources/StarterContent/Textures/T_Rock_Basalt_D|/Game/TopDownShooter/Ressources/StarterContent/Textures/T_Rock_Basalt_N,"{""__audit_error__"": ""'AssetData' object has no attribute 'tags_and_values'""}"
/Game,M_Rock_Marble_Polished,Material,/Game/TopDownShooter/Ressources/StarterContent/Materials/M_Rock_Marble_Polished,/Game/TopDownShooter/Ressources/StarterContent/Materials,/Game/TopDownShooter/Ressources/StarterContent/Materials/M_Rock_Marble_Polished.M_Rock_Marble_Polished,False,/Game/TopDownShooter/Ressources/StarterContent/Textures/T_Metal_Gold_N|/Game/TopDownShooter/Ressources/StarterContent/Textures/T_Perlin_Noise_M|/Game/TopDownShooter/Ressources/StarterContent/Textures/T_Rock_Marble_Polished_D,"{""__audit_error__"": ""'AssetData' object has no attribute 'tags_and_values'""}"
/Game,M_Rock_Sandstone,Material,/Game/TopDownShooter/Ressources/StarterContent/Materials/M_Rock_Sandstone,/Game/TopDownShooter/Ressources/StarterContent/Materials,/Game/TopDownShooter/Ressources/StarterContent/Materials/M_Rock_Sandstone.M_Rock_Sandstone,False,/Game/TopDownShooter/Ressources/StarterContent/Textures/T_MacroVariation|/Game/TopDownShooter/Ressources/StarterContent/Textures/T_Perlin_Noise_M|/Game/TopDownShooter/Ressources/StarterContent/Textures/T_Rock_Sandstone_D|/Game/TopDownShooter/Ressources/StarterContent/Textures/T_Rock_Sandstone_N,"{""__audit_error__"": ""'AssetData' object has no attribute 'tags_and_values'""}"
/Game,M_Rock_Slate,Material,/Game/TopDownShooter/Ressources/StarterContent/Materials/M_Rock_Slate,/Game/TopDownShooter/Ressources/StarterContent/Materials,/Game/TopDownShooter/Ressources/StarterContent/Materials/M_Rock_Slate.M_Rock_Slate,False,/Game/TopDownShooter/Ressources/StarterContent/Textures/T_MacroVariation|/Game/TopDownShooter/Ressources/StarterContent/Textures/T_Perlin_Noise_M|/Game/TopDownShooter/Ressources/StarterContent/Textures/T_Rock_Slate_D|/Game/TopDownShooter/Ressources/StarterContent/Textures/T_Rock_Slate_N,"{""__audit_error__"": ""'AssetData' object has no attribute 'tags_and_values'""}"
/Game,M_Tech_Checker_Dot,Material,/Game/TopDownShooter/Ressources/StarterContent/Materials/M_Tech_Checker_Dot,/Game/TopDownShooter/Ressources/StarterContent/Materials,/Game/TopDownShooter/Ressources/StarterContent/Materials/M_Tech_Checker_Dot.M_Tech_Checker_Dot,False,/Engine/Functions/Engine_MaterialFunctions01/Opacity/CameraDepthFade|/Game/TopDownShooter/Ressources/StarterContent/Textures/T_Checker_Noise_M|/Game/TopDownShooter/Ressources/StarterContent/Textures/T_Single_Tile_N|/Game/TopDownShooter/Ressources/StarterContent/Textures/T_Tech_Dot_M|/Game/TopDownShooter/Ressources/StarterContent/Textures/T_Tech_Dot_N,"{""__audit_error__"": ""'AssetData' object has no attribute 'tags_and_values'""}"
/Game,M_Tech_Hex_Tile,Material,/Game/TopDownShooter/Ressources/StarterContent/Materials/M_Tech_Hex_Tile,/Game/TopDownShooter/Ressources/StarterContent/Materials,/Game/TopDownShooter/Ressources/StarterContent/Materials/M_Tech_Hex_Tile.M_Tech_Hex_Tile,False,/Engine/Functions/Engine_MaterialFunctions02/Utility/BlendAngleCorrectedNormals|/Game/TopDownShooter/Ressources/StarterContent/Textures/T_Tech_Hex_Tile_M|/Game/TopDownShooter/Ressources/StarterContent/Textures/T_Tech_Hex_Tile_N,"{""__audit_error__"": ""'AssetData' object has no attribute 'tags_and_values'""}"
/Game,M_Tech_Hex_Tile_Pulse,Material,/Game/TopDownShooter/Ressources/StarterContent/Materials/M_Tech_Hex_Tile_Pulse,/Game/TopDownShooter/Ressources/StarterContent/Materials,/Game/TopDownShooter/Ressources/StarterContent/Materials/M_Tech_Hex_Tile_Pulse.M_Tech_Hex_Tile_Pulse,False,/Game/TopDownShooter/Ressources/StarterContent/Textures/T_MacroVariation|/Game/TopDownShooter/Ressources/StarterContent/Textures/T_Tech_Hex_Tile_M|/Game/TopDownShooter/Ressources/StarterContent/Textures/T_Tech_Hex_Tile_N,"{""__audit_error__"": ""'AssetData' object has no attribute 'tags_and_values'""}"
/Game,M_Tech_Panel,Material,/Game/TopDownShooter/Ressources/StarterContent/Materials/M_Tech_Panel,/Game/TopDownShooter/Ressources/StarterContent/Materials,/Game/TopDownShooter/Ressources/StarterContent/Materials/M_Tech_Panel.M_Tech_Panel,False,/Game/TopDownShooter/Ressources/StarterContent/Textures/T_MacroVariation|/Game/TopDownShooter/Ressources/StarterContent/Textures/T_Metal_Steel_D|/Game/TopDownShooter/Ressources/StarterContent/Textures/T_Tech_Panel_M|/Game/TopDownShooter/Ressources/StarterContent/Textures/T_Tech_Panel_N,"{""__audit_error__"": ""'AssetData' object has no attribute 'tags_and_values'""}"
/Game,M_Water_Lake,Material,/Game/TopDownShooter/Ressources/StarterContent/Materials/M_Water_Lake,/Game/TopDownShooter/Ressources/StarterContent/Materials,/Game/TopDownShooter/Ressources/StarterContent/Materials/M_Water_Lake.M_Water_Lake,False,/Game/TopDownShooter/Ressources/StarterContent/Textures/T_Perlin_Noise_M|/Game/TopDownShooter/Ressources/StarterContent/Textures/T_Water_N,"{""__audit_error__"": ""'AssetData' object has no attribute 'tags_and_values'""}"
/Game,M_Water_Ocean,Material,/Game/TopDownShooter/Ressources/StarterContent/Materials/M_Water_Ocean,/Game/TopDownShooter/Ressources/StarterContent/Materials,/Game/TopDownShooter/Ressources/StarterContent/Materials/M_Water_Ocean.M_Water_Ocean,False,/Engine/Functions/Engine_MaterialFunctions02/Utility/BlendAngleCorrectedNormals|/Game/TopDownShooter/Ressources/StarterContent/Textures/T_Perlin_Noise_M|/Game/TopDownShooter/Ressources/StarterContent/Textures/T_Water_M|/Game/TopDownShooter/Ressources/StarterContent/Textures/T_Water_N,"{""__audit_error__"": ""'AssetData' object has no attribute 'tags_and_values'""}"
/Game,M_Wood_Floor_Walnut_Polished,Material,/Game/TopDownShooter/Ressources/StarterContent/Materials/M_Wood_Floor_Walnut_Polished,/Game/TopDownShooter/Ressources/StarterContent/Materials,/Game/TopDownShooter/Ressources/StarterContent/Materials/M_Wood_Floor_Walnut_Polished.M_Wood_Floor_Walnut_Polished,False,/Game/TopDownShooter/Ressources/StarterContent/Textures/T_Perlin_Noise_M|/Game/TopDownShooter/Ressources/StarterContent/Textures/T_Wood_Floor_Walnut_D|/Game/TopDownShooter/Ressources/StarterContent/Textures/T_Wood_Floor_Walnut_M|/Game/TopDownShooter/Ressources/StarterContent/Textures/T_Wood_Floor_Walnut_N,"{""__audit_error__"": ""'AssetData' object has no attribute 'tags_and_values'""}"
/Game,M_Wood_Floor_Walnut_Worn,Material,/Game/TopDownShooter/Ressources/StarterContent/Materials/M_Wood_Floor_Walnut_Worn,/Game/TopDownShooter/Ressources/StarterContent/Materials,/Game/TopDownShooter/Ressources/StarterContent/Materials/M_Wood_Floor_Walnut_Worn.M_Wood_Floor_Walnut_Worn,False,/Engine/Functions/Engine_MaterialFunctions01/Opacity/AlphaOffset|/Game/TopDownShooter/Ressources/StarterContent/Textures/T_MacroVariation|/Game/TopDownShooter/Ressources/StarterContent/Textures/T_Wood_Floor_Walnut_D|/Game/TopDownShooter/Ressources/StarterContent/Textures/T_Wood_Floor_Walnut_M|/Game/TopDownShooter/Ressources/StarterContent/Textures/T_Wood_Floor_Walnut_N,"{""__audit_error__"": ""'AssetData' object has no attribute 'tags_and_values'""}"
/Game,M_Wood_Oak,Material,/Game/TopDownShooter/Ressources/StarterContent/Materials/M_Wood_Oak,/Game/TopDownShooter/Ressources/StarterContent/Materials,/Game/TopDownShooter/Ressources/StarterContent/Materials/M_Wood_Oak.M_Wood_Oak,False,/Game/TopDownShooter/Ressources/StarterContent/Textures/T_MacroVariation|/Game/TopDownShooter/Ressources/StarterContent/Textures/T_Wood_Oak_D|/Game/TopDownShooter/Ressources/StarterContent/Textures/T_Wood_Oak_N,"{""__audit_error__"": ""'AssetData' object has no attribute 'tags_and_values'""}"
/Game,M_Wood_Pine,Material,/Game/TopDownShooter/Ressources/StarterContent/Materials/M_Wood_Pine,/Game/TopDownShooter/Ressources/StarterContent/Materials,/Game/TopDownShooter/Ressources/StarterContent/Materials/M_Wood_Pine.M_Wood_Pine,False,/Game/TopDownShooter/Ressources/StarterContent/Textures/T_MacroVariation|/Game/TopDownShooter/Ressources/StarterContent/Textures/T_Perlin_Noise_M|/Game/TopDownShooter/Ressources/StarterContent/Textures/T_Wood_Pine_D|/Game/TopDownShooter/Ressources/StarterContent/Textures/T_Wood_Pine_N,"{""__audit_error__"": ""'AssetData' object has no attribute 'tags_and_values'""}"
/Game,M_Wood_Walnut,Material,/Game/TopDownShooter/Ressources/StarterContent/Materials/M_Wood_Walnut,/Game/TopDownShooter/Ressources/StarterContent/Materials,/Game/TopDownShooter/Ressources/StarterContent/Materials/M_Wood_Walnut.M_Wood_Walnut,False,/Game/TopDownShooter/Ressources/StarterContent/Textures/T_MacroVariation|/Game/TopDownShooter/Ressources/StarterContent/Textures/T_Wood_Walnut_D|/Game/TopDownShooter/Ressources/StarterContent/Textures/T_Wood_Walnut_N,"{""__audit_error__"": ""'AssetData' object has no attribute 'tags_and_values'""}"
/Game,M_Burst,Material,/Game/TopDownShooter/Ressources/StarterContent/Particles/Materials/M_Burst,/Game/TopDownShooter/Ressources/StarterContent/Particles/Materials,/Game/TopDownShooter/Ressources/StarterContent/Particles/Materials/M_Burst.M_Burst,False,/Game/TopDownShooter/Ressources/StarterContent/Textures/T_Burst_M,"{""__audit_error__"": ""'AssetData' object has no attribute 'tags_and_values'""}"
/Game,M_Dust_Particle,Material,/Game/TopDownShooter/Ressources/StarterContent/Particles/Materials/M_Dust_Particle,/Game/TopDownShooter/Ressources/StarterContent/Particles/Materials,/Game/TopDownShooter/Ressources/StarterContent/Particles/Materials/M_Dust_Particle.M_Dust_Particle,False,/Game/TopDownShooter/Ressources/StarterContent/Textures/T_Dust_Particle_D,"{""__audit_error__"": ""'AssetData' object has no attribute 'tags_and_values'""}"
/Game,M_explosion_subUV,Material,/Game/TopDownShooter/Ressources/StarterContent/Particles/Materials/M_explosion_subUV,/Game/TopDownShooter/Ressources/StarterContent/Particles/Materials,/Game/TopDownShooter/Ressources/StarterContent/Particles/Materials/M_explosion_subUV.M_explosion_subUV,False,/Game/TopDownShooter/Ressources/StarterContent/Textures/T_Explosion_SubUV,"{""__audit_error__"": ""'AssetData' object has no attribute 'tags_and_values'""}"
/Game,M_Fire_SubUV,Material,/Game/TopDownShooter/Ressources/StarterContent/Particles/Materials/M_Fire_SubUV,/Game/TopDownShooter/Ressources/StarterContent/Particles/Materials,/Game/TopDownShooter/Ressources/StarterContent/Particles/Materials/M_Fire_SubUV.M_Fire_SubUV,False,/Game/TopDownShooter/Ressources/StarterContent/Textures/T_Fire_SubUV|/Game/TopDownShooter/Ressources/StarterContent/Textures/T_Fire_Tiled_D,"{""__audit_error__"": ""'AssetData' object has no attribute 'tags_and_values'""}"
/Game,m_flare_01,Material,/Game/TopDownShooter/Ressources/StarterContent/Particles/Materials/m_flare_01,/Game/TopDownShooter/Ressources/StarterContent/Particles/Materials,/Game/TopDownShooter/Ressources/StarterContent/Particles/Materials/m_flare_01.m_flare_01,False,,"{""__audit_error__"": ""'AssetData' object has no attribute 'tags_and_values'""}"
/Game,M_Heat_Distortion,Material,/Game/TopDownShooter/Ressources/StarterContent/Particles/Materials/M_Heat_Distortion,/Game/TopDownShooter/Ressources/StarterContent/Particles/Materials,/Game/TopDownShooter/Ressources/StarterContent/Particles/Materials/M_Heat_Distortion.M_Heat_Distortion,False,/Game/TopDownShooter/Ressources/StarterContent/Textures/T_Water_N,"{""__audit_error__"": ""'AssetData' object has no attribute 'tags_and_values'""}"
/Game,M_Radial_Gradient,Material,/Game/TopDownShooter/Ressources/StarterContent/Particles/Materials/M_Radial_Gradient,/Game/TopDownShooter/Ressources/StarterContent/Particles/Materials,/Game/TopDownShooter/Ressources/StarterContent/Particles/Materials/M_Radial_Gradient.M_Radial_Gradient,False,/Engine/Functions/Engine_MaterialFunctions01/Gradient/RadialGradient,"{""__audit_error__"": ""'AssetData' object has no attribute 'tags_and_values'""}"
/Game,M_radial_ramp,Material,/Game/TopDownShooter/Ressources/StarterContent/Particles/Materials/M_radial_ramp,/Game/TopDownShooter/Ressources/StarterContent/Particles/Materials,/Game/TopDownShooter/Ressources/StarterContent/Particles/Materials/M_radial_ramp.M_radial_ramp,False,/Engine/Functions/Engine_MaterialFunctions01/Gradient/RadialGradient,"{""__audit_error__"": ""'AssetData' object has no attribute 'tags_and_values'""}"
/Game,M_smoke_subUV,Material,/Game/TopDownShooter/Ressources/StarterContent/Particles/Materials/M_smoke_subUV,/Game/TopDownShooter/Ressources/StarterContent/Particles/Materials,/Game/TopDownShooter/Ressources/StarterContent/Particles/Materials/M_smoke_subUV.M_smoke_subUV,False,/Game/TopDownShooter/Ressources/StarterContent/Textures/T_Smoke_SubUV|/Game/TopDownShooter/Ressources/StarterContent/Textures/T_Smoke_Tiled_D,"{""__audit_error__"": ""'AssetData' object has no attribute 'tags_and_values'""}"
/Game,M_Spark,Material,/Game/TopDownShooter/Ressources/StarterContent/Particles/Materials/M_Spark,/Game/TopDownShooter/Ressources/StarterContent/Particles/Materials,/Game/TopDownShooter/Ressources/StarterContent/Particles/Materials/M_Spark.M_Spark,False,/Game/TopDownShooter/Ressources/StarterContent/Textures/T_Spark_Core,"{""__audit_error__"": ""'AssetData' object has no attribute 'tags_and_values'""}"
/Game,P_Ambient_Dust,ParticleSystem,/Game/TopDownShooter/Ressources/StarterContent/Particles/P_Ambient_Dust,/Game/TopDownShooter/Ressources/StarterContent/Particles,/Game/TopDownShooter/Ressources/StarterContent/Particles/P_Ambient_Dust.P_Ambient_Dust,False,/Game/TopDownShooter/Ressources/StarterContent/Particles/Materials/M_Dust_Particle,"{""__audit_error__"": ""'AssetData' object has no attribute 'tags_and_values'""}"
/Game,P_Explosion,ParticleSystem,/Game/TopDownShooter/Ressources/StarterContent/Particles/P_Explosion,/Game/TopDownShooter/Ressources/StarterContent/Particles,/Game/TopDownShooter/Ressources/StarterContent/Particles/P_Explosion.P_Explosion,False,/Game/TopDownShooter/Ressources/StarterContent/Particles/Materials/M_Burst|/Game/TopDownShooter/Ressources/StarterContent/Particles/Materials/M_explosion_subUV|/Game/TopDownShooter/Ressources/StarterContent/Particles/Materials/M_radial_ramp|/Game/TopDownShooter/Ressources/StarterContent/Particles/Materials/M_smoke_subUV|/Game/TopDownShooter/Ressources/StarterContent/Particles/Materials/m_flare_01,"{""__audit_error__"": ""'AssetData' object has no attribute 'tags_and_values'""}"
/Game,P_Fire,ParticleSystem,/Game/TopDownShooter/Ressources/StarterContent/Particles/P_Fire,/Game/TopDownShooter/Ressources/StarterContent/Particles,/Game/TopDownShooter/Ressources/StarterContent/Particles/P_Fire.P_Fire,False,/Game/TopDownShooter/Ressources/StarterContent/Particles/Materials/M_Fire_SubUV|/Game/TopDownShooter/Ressources/StarterContent/Particles/Materials/M_Heat_Distortion|/Game/TopDownShooter/Ressources/StarterContent/Particles/Materials/M_Radial_Gradient|/Game/TopDownShooter/Ressources/StarterContent/Particles/Materials/M_smoke_subUV,"{""__audit_error__"": ""'AssetData' object has no attribute 'tags_and_values'""}"
/Game,P_Smoke,ParticleSystem,/Game/TopDownShooter/Ressources/StarterContent/Particles/P_Smoke,/Game/TopDownShooter/Ressources/StarterContent/Particles,/Game/TopDownShooter/Ressources/StarterContent/Particles/P_Smoke.P_Smoke,False,/Game/TopDownShooter/Ressources/StarterContent/Particles/Materials/M_smoke_subUV,"{""__audit_error__"": ""'AssetData' object has no attribute 'tags_and_values'""}"
/Game,P_Sparks,ParticleSystem,/Game/TopDownShooter/Ressources/StarterContent/Particles/P_Sparks,/Game/TopDownShooter/Ressources/StarterContent/Particles,/Game/TopDownShooter/Ressources/StarterContent/Particles/P_Sparks.P_Sparks,False,/Game/TopDownShooter/Ressources/StarterContent/Particles/Materials/M_Radial_Gradient|/Game/TopDownShooter/Ressources/StarterContent/Particles/Materials/M_Spark|/Game/TopDownShooter/Ressources/StarterContent/Particles/Materials/M_smoke_subUV,"{""__audit_error__"": ""'AssetData' object has no attribute 'tags_and_values'""}"
/Game,P_Steam_Lit,ParticleSystem,/Game/TopDownShooter/Ressources/StarterContent/Particles/P_Steam_Lit,/Game/TopDownShooter/Ressources/StarterContent/Particles,/Game/TopDownShooter/Ressources/StarterContent/Particles/P_Steam_Lit.P_Steam_Lit,False,/Game/TopDownShooter/Ressources/StarterContent/Particles/Materials/M_smoke_subUV,"{""__audit_error__"": ""'AssetData' object has no attribute 'tags_and_values'""}"
/Game,M_Bush,Material,/Game/TopDownShooter/Ressources/StarterContent/Props/Materials/M_Bush,/Game/TopDownShooter/Ressources/StarterContent/Props/Materials,/Game/TopDownShooter/Ressources/StarterContent/Props/Materials/M_Bush.M_Bush,False,/Game/TopDownShooter/Ressources/StarterContent/Textures/T_Bush_D|/Game/TopDownShooter/Ressources/StarterContent/Textures/T_Bush_N,"{""__audit_error__"": ""'AssetData' object has no attribute 'tags_and_values'""}"
/Game,M_Chair,Material,/Game/TopDownShooter/Ressources/StarterContent/Props/Materials/M_Chair,/Game/TopDownShooter/Ressources/StarterContent/Props/Materials,/Game/TopDownShooter/Ressources/StarterContent/Props/Materials/M_Chair.M_Chair,False,/Game/TopDownShooter/Ressources/StarterContent/Textures/T_Chair_M|/Game/TopDownShooter/Ressources/StarterContent/Textures/T_Chair_N,"{""__audit_error__"": ""'AssetData' object has no attribute 'tags_and_values'""}"
/Game,M_Door,Material,/Game/TopDownShooter/Ressources/StarterContent/Props/Materials/M_Door,/Game/TopDownShooter/Ressources/StarterContent/Props/Materials,/Game/TopDownShooter/Ressources/StarterContent/Props/Materials/M_Door.M_Door,False,/Game/TopDownShooter/Ressources/StarterContent/Textures/T_Door_M|/Game/TopDownShooter/Ressources/StarterContent/Textures/T_Door_N,"{""__audit_error__"": ""'AssetData' object has no attribute 'tags_and_values'""}"
/Game,M_Frame,Material,/Game/TopDownShooter/Ressources/StarterContent/Props/Materials/M_Frame,/Game/TopDownShooter/Ressources/StarterContent/Props/Materials,/Game/TopDownShooter/Ressources/StarterContent/Props/Materials/M_Frame.M_Frame,False,/Game/TopDownShooter/Ressources/StarterContent/Textures/T_Frame_M|/Game/TopDownShooter/Ressources/StarterContent/Textures/T_Frame_N,"{""__audit_error__"": ""'AssetData' object has no attribute 'tags_and_values'""}"
/Game,M_Lamp,Material,/Game/TopDownShooter/Ressources/StarterContent/Props/Materials/M_Lamp,/Game/TopDownShooter/Ressources/StarterContent/Props/Materials,/Game/TopDownShooter/Ressources/StarterContent/Props/Materials/M_Lamp.M_Lamp,False,/Game/TopDownShooter/Ressources/StarterContent/Textures/T_Lamp_M|/Game/TopDownShooter/Ressources/StarterContent/Textures/T_Lamp_N,"{""__audit_error__"": ""'AssetData' object has no attribute 'tags_and_values'""}"
/Game,M_Rock,Material,/Game/TopDownShooter/Ressources/StarterContent/Props/Materials/M_Rock,/Game/TopDownShooter/Ressources/StarterContent/Props/Materials,/Game/TopDownShooter/Ressources/StarterContent/Props/Materials/M_Rock.M_Rock,False,/Engine/Functions/Engine_MaterialFunctions02/Utility/BlendAngleCorrectedNormals|/Game/TopDownShooter/Ressources/StarterContent/Textures/T_Detail_Rocky_N|/Game/TopDownShooter/Ressources/StarterContent/Textures/T_RockMesh_M|/Game/TopDownShooter/Ressources/StarterContent/Textures/T_RockMesh_N|/Game/TopDownShooter/Ressources/StarterContent/Textures/T_Rock_Basalt_D,"{""__audit_error__"": ""'AssetData' object has no attribute 'tags_and_values'""}"
/Game,M_Shelf,Material,/Game/TopDownShooter/Ressources/StarterContent/Props/Materials/M_Shelf,/Game/TopDownShooter/Ressources/StarterContent/Props/Materials,/Game/TopDownShooter/Ressources/StarterContent/Props/Materials/M_Shelf.M_Shelf,False,/Game/TopDownShooter/Ressources/StarterContent/Textures/T_Shelf_M|/Game/TopDownShooter/Ressources/StarterContent/Textures/T_Shelf_N,"{""__audit_error__"": ""'AssetData' object has no attribute 'tags_and_values'""}"
/Game,M_Statue,Material,/Game/TopDownShooter/Ressources/StarterContent/Props/Materials/M_Statue,/Game/TopDownShooter/Ressources/StarterContent/Props/Materials,/Game/TopDownShooter/Ressources/StarterContent/Props/Materials/M_Statue.M_Statue,False,/Game/TopDownShooter/Ressources/StarterContent/Props/SM_Statue|/Game/TopDownShooter/Ressources/StarterContent/Textures/T_Statue_M|/Game/TopDownShooter/Ressources/StarterContent/Textures/T_Statue_N,"{""__audit_error__"": ""'AssetData' object has no attribute 'tags_and_values'""}"
/Game,M_StatueGlass,Material,/Game/TopDownShooter/Ressources/StarterContent/Props/Materials/M_StatueGlass,/Game/TopDownShooter/Ressources/StarterContent/Props/Materials,/Game/TopDownShooter/Ressources/StarterContent/Props/Materials/M_StatueGlass.M_StatueGlass,False,/Game/TopDownShooter/Ressources/StarterContent/Textures/T_Statue_M|/Game/TopDownShooter/Ressources/StarterContent/Textures/T_Statue_N,"{""__audit_error__"": ""'AssetData' object has no attribute 'tags_and_values'""}"
/Game,M_TableRound,Material,/Game/TopDownShooter/Ressources/StarterContent/Props/Materials/M_TableRound,/Game/TopDownShooter/Ressources/StarterContent/Props/Materials,/Game/TopDownShooter/Ressources/StarterContent/Props/Materials/M_TableRound.M_TableRound,False,/Game/TopDownShooter/Ressources/StarterContent/Textures/T_TableRound_M|/Game/TopDownShooter/Ressources/StarterContent/Textures/T_TableRound_N,"{""__audit_error__"": ""'AssetData' object has no attribute 'tags_and_values'""}"
/Game,MaterialSphere,StaticMesh,/Game/TopDownShooter/Ressources/StarterContent/Props/MaterialSphere,/Game/TopDownShooter/Ressources/StarterContent/Props,/Game/TopDownShooter/Ressources/StarterContent/Props/MaterialSphere.MaterialSphere,False,/Engine/EngineMaterials/WorldGridMaterial|/Script/NavigationSystem,"{""__audit_error__"": ""'AssetData' object has no attribute 'tags_and_values'""}"
/Game,SM_Bush,StaticMesh,/Game/TopDownShooter/Ressources/StarterContent/Props/SM_Bush,/Game/TopDownShooter/Ressources/StarterContent/Props,/Game/TopDownShooter/Ressources/StarterContent/Props/SM_Bush.SM_Bush,False,/Game/TopDownShooter/Ressources/StarterContent/Props/Materials/M_Bush|/Script/NavigationSystem,"{""__audit_error__"": ""'AssetData' object has no attribute 'tags_and_values'""}"
/Game,SM_Chair,StaticMesh,/Game/TopDownShooter/Ressources/StarterContent/Props/SM_Chair,/Game/TopDownShooter/Ressources/StarterContent/Props,/Game/TopDownShooter/Ressources/StarterContent/Props/SM_Chair.SM_Chair,False,/Game/TopDownShooter/Ressources/StarterContent/Props/Materials/M_Chair|/Script/NavigationSystem,"{""__audit_error__"": ""'AssetData' object has no attribute 'tags_and_values'""}"
/Game,SM_CornerFrame,StaticMesh,/Game/TopDownShooter/Ressources/StarterContent/Props/SM_CornerFrame,/Game/TopDownShooter/Ressources/StarterContent/Props,/Game/TopDownShooter/Ressources/StarterContent/Props/SM_CornerFrame.SM_CornerFrame,False,/Game/TopDownShooter/Ressources/StarterContent/Props/Materials/M_Frame|/Script/NavigationSystem,"{""__audit_error__"": ""'AssetData' object has no attribute 'tags_and_values'""}"
/Game,SM_Couch,StaticMesh,/Game/TopDownShooter/Ressources/StarterContent/Props/SM_Couch,/Game/TopDownShooter/Ressources/StarterContent/Props,/Game/TopDownShooter/Ressources/StarterContent/Props/SM_Couch.SM_Couch,False,/Game/TopDownShooter/Ressources/StarterContent/Props/Materials/M_Chair|/Script/NavigationSystem,"{""__audit_error__"": ""'AssetData' object has no attribute 'tags_and_values'""}"
/Game,SM_Door,StaticMesh,/Game/TopDownShooter/Ressources/StarterContent/Props/SM_Door,/Game/TopDownShooter/Ressources/StarterContent/Props,/Game/TopDownShooter/Ressources/StarterContent/Props/SM_Door.SM_Door,False,/Game/TopDownShooter/Ressources/StarterContent/Materials/M_Glass|/Game/TopDownShooter/Ressources/StarterContent/Props/Materials/M_Door|/Script/NavigationSystem,"{""__audit_error__"": ""'AssetData' object has no attribute 'tags_and_values'""}"
/Game,SM_DoorFrame,StaticMesh,/Game/TopDownShooter/Ressources/StarterContent/Props/SM_DoorFrame,/Game/TopDownShooter/Ressources/StarterContent/Props,/Game/TopDownShooter/Ressources/StarterContent/Props/SM_DoorFrame.SM_DoorFrame,False,/Game/TopDownShooter/Ressources/StarterContent/Props/Materials/M_Frame|/Script/NavigationSystem,"{""__audit_error__"": ""'AssetData' object has no attribute 'tags_and_values'""}"
/Game,SM_GlassWindow,StaticMesh,/Game/TopDownShooter/Ressources/StarterContent/Props/SM_GlassWindow,/Game/TopDownShooter/Ressources/StarterContent/Props,/Game/TopDownShooter/Ressources/StarterContent/Props/SM_GlassWindow.SM_GlassWindow,False,/Game/TopDownShooter/Ressources/StarterContent/Materials/M_Glass|/Script/NavigationSystem,"{""__audit_error__"": ""'AssetData' object has no attribute 'tags_and_values'""}"
/Game,SM_Lamp_Ceiling,StaticMesh,/Game/TopDownShooter/Ressources/StarterContent/Props/SM_Lamp_Ceiling,/Game/TopDownShooter/Ressources/StarterContent/Props,/Game/TopDownShooter/Ressources/StarterContent/Props/SM_Lamp_Ceiling.SM_Lamp_Ceiling,False,/Game/TopDownShooter/Ressources/StarterContent/Props/Materials/M_Lamp|/Script/NavigationSystem,"{""__audit_error__"": ""'AssetData' object has no attribute 'tags_and_values'""}"
/Game,SM_Lamp_Wall,StaticMesh,/Game/TopDownShooter/Ressources/StarterContent/Props/SM_Lamp_Wall,/Game/TopDownShooter/Ressources/StarterContent/Props,/Game/TopDownShooter/Ressources/StarterContent/Props/SM_Lamp_Wall.SM_Lamp_Wall,False,/Game/TopDownShooter/Ressources/StarterContent/Props/Materials/M_Lamp|/Script/NavigationSystem,"{""__audit_error__"": ""'AssetData' object has no attribute 'tags_and_values'""}"
/Game,SM_PillarFrame,StaticMesh,/Game/TopDownShooter/Ressources/StarterContent/Props/SM_PillarFrame,/Game/TopDownShooter/Ressources/StarterContent/Props,/Game/TopDownShooter/Ressources/StarterContent/Props/SM_PillarFrame.SM_PillarFrame,False,/Game/TopDownShooter/Ressources/StarterContent/Props/Materials/M_Frame|/Script/NavigationSystem,"{""__audit_error__"": ""'AssetData' object has no attribute 'tags_and_values'""}"
/Game,SM_PillarFrame300,StaticMesh,/Game/TopDownShooter/Ressources/StarterContent/Props/SM_PillarFrame300,/Game/TopDownShooter/Ressources/StarterContent/Props,/Game/TopDownShooter/Ressources/StarterContent/Props/SM_PillarFrame300.SM_PillarFrame300,False,/Game/TopDownShooter/Ressources/StarterContent/Props/Materials/M_Frame|/Script/NavigationSystem,"{""__audit_error__"": ""'AssetData' object has no attribute 'tags_and_values'""}"
/Game,SM_Rock,StaticMesh,/Game/TopDownShooter/Ressources/StarterContent/Props/SM_Rock,/Game/TopDownShooter/Ressources/StarterContent/Props,/Game/TopDownShooter/Ressources/StarterContent/Props/SM_Rock.SM_Rock,False,/Game/TopDownShooter/Ressources/StarterContent/Props/Materials/M_Rock|/Script/NavigationSystem,"{""__audit_error__"": ""'AssetData' object has no attribute 'tags_and_values'""}"
/Game,SM_Shelf,StaticMesh,/Game/TopDownShooter/Ressources/StarterContent/Props/SM_Shelf,/Game/TopDownShooter/Ressources/StarterContent/Props,/Game/TopDownShooter/Ressources/StarterContent/Props/SM_Shelf.SM_Shelf,False,/Game/TopDownShooter/Ressources/StarterContent/Props/Materials/M_Shelf|/Script/NavigationSystem,"{""__audit_error__"": ""'AssetData' object has no attribute 'tags_and_values'""}"
/Game,SM_Stairs,StaticMesh,/Game/TopDownShooter/Ressources/StarterContent/Props/SM_Stairs,/Game/TopDownShooter/Ressources/StarterContent/Props,/Game/TopDownShooter/Ressources/StarterContent/Props/SM_Stairs.SM_Stairs,False,/Game/TopDownShooter/Ressources/StarterContent/Materials/M_Basic_Floor|/Game/TopDownShooter/Ressources/StarterContent/Materials/M_Basic_Wall|/Script/NavigationSystem,"{""__audit_error__"": ""'AssetData' object has no attribute 'tags_and_values'""}"
/Game,SM_Statue,StaticMesh,/Game/TopDownShooter/Ressources/StarterContent/Props/SM_Statue,/Game/TopDownShooter/Ressources/StarterContent/Props,/Game/TopDownShooter/Ressources/StarterContent/Props/SM_Statue.SM_Statue,False,/Game/TopDownShooter/Ressources/StarterContent/Props/Materials/M_Statue|/Game/TopDownShooter/Ressources/StarterContent/Props/Materials/M_StatueGlass|/Script/NavigationSystem,"{""__audit_error__"": ""'AssetData' object has no attribute 'tags_and_values'""}"
/Game,SM_TableRound,StaticMesh,/Game/TopDownShooter/Ressources/StarterContent/Props/SM_TableRound,/Game/TopDownShooter/Ressources/StarterContent/Props,/Game/TopDownShooter/Ressources/StarterContent/Props/SM_TableRound.SM_TableRound,False,/Game/TopDownShooter/Ressources/StarterContent/Props/Materials/M_TableRound|/Script/NavigationSystem,"{""__audit_error__"": ""'AssetData' object has no attribute 'tags_and_values'""}"
/Game,SM_WindowFrame,StaticMesh,/Game/TopDownShooter/Ressources/StarterContent/Props/SM_WindowFrame,/Game/TopDownShooter/Ressources/StarterContent/Props,/Game/TopDownShooter/Ressources/StarterContent/Props/SM_WindowFrame.SM_WindowFrame,False,/Game/TopDownShooter/Ressources/StarterContent/Props/Materials/M_Frame|/Script/NavigationSystem,"{""__audit_error__"": ""'AssetData' object has no attribute 'tags_and_values'""}"
/Game,Shape_Cone,StaticMesh,/Game/TopDownShooter/Ressources/StarterContent/Shapes/Shape_Cone,/Game/TopDownShooter/Ressources/StarterContent/Shapes,/Game/TopDownShooter/Ressources/StarterContent/Shapes/Shape_Cone.Shape_Cone,False,/Game/TopDownShooter/Ressources/StarterContent/Materials/M_Basic_Wall|/Script/NavigationSystem,"{""__audit_error__"": ""'AssetData' object has no attribute 'tags_and_values'""}"
/Game,Shape_Cube,StaticMesh,/Game/TopDownShooter/Ressources/StarterContent/Shapes/Shape_Cube,/Game/TopDownShooter/Ressources/StarterContent/Shapes,/Game/TopDownShooter/Ressources/StarterContent/Shapes/Shape_Cube.Shape_Cube,False,/Game/TopDownShooter/Ressources/StarterContent/Materials/M_Basic_Wall|/Script/NavigationSystem,"{""__audit_error__"": ""'AssetData' object has no attribute 'tags_and_values'""}"
/Game,Shape_Cylinder,StaticMesh,/Game/TopDownShooter/Ressources/StarterContent/Shapes/Shape_Cylinder,/Game/TopDownShooter/Ressources/StarterContent/Shapes,/Game/TopDownShooter/Ressources/StarterContent/Shapes/Shape_Cylinder.Shape_Cylinder,False,/Game/TopDownShooter/Ressources/StarterContent/Materials/M_Basic_Wall|/Script/NavigationSystem,"{""__audit_error__"": ""'AssetData' object has no attribute 'tags_and_values'""}"
/Game,Shape_NarrowCapsule,StaticMesh,/Game/TopDownShooter/Ressources/StarterContent/Shapes/Shape_NarrowCapsule,/Game/TopDownShooter/Ressources/StarterContent/Shapes,/Game/TopDownShooter/Ressources/StarterContent/Shapes/Shape_NarrowCapsule.Shape_NarrowCapsule,False,/Game/TopDownShooter/Ressources/StarterContent/Materials/M_Basic_Wall|/Script/NavigationSystem,"{""__audit_error__"": ""'AssetData' object has no attribute 'tags_and_values'""}"
/Game,Shape_Pipe,StaticMesh,/Game/TopDownShooter/Ressources/StarterContent/Shapes/Shape_Pipe,/Game/TopDownShooter/Ressources/StarterContent/Shapes,/Game/TopDownShooter/Ressources/StarterContent/Shapes/Shape_Pipe.Shape_Pipe,False,/Game/TopDownShooter/Ressources/StarterContent/Materials/M_Basic_Wall|/Script/NavigationSystem,"{""__audit_error__"": ""'AssetData' object has no attribute 'tags_and_values'""}"
/Game,Shape_Pipe_180,StaticMesh,/Game/TopDownShooter/Ressources/StarterContent/Shapes/Shape_Pipe_180,/Game/TopDownShooter/Ressources/StarterContent/Shapes,/Game/TopDownShooter/Ressources/StarterContent/Shapes/Shape_Pipe_180.Shape_Pipe_180,False,/Game/TopDownShooter/Ressources/StarterContent/Materials/M_Basic_Wall|/Script/NavigationSystem,"{""__audit_error__"": ""'AssetData' object has no attribute 'tags_and_values'""}"
/Game,Shape_Pipe_90,StaticMesh,/Game/TopDownShooter/Ressources/StarterContent/Shapes/Shape_Pipe_90,/Game/TopDownShooter/Ressources/StarterContent/Shapes,/Game/TopDownShooter/Ressources/StarterContent/Shapes/Shape_Pipe_90.Shape_Pipe_90,False,/Game/TopDownShooter/Ressources/StarterContent/Materials/M_Basic_Wall|/Script/NavigationSystem,"{""__audit_error__"": ""'AssetData' object has no attribute 'tags_and_values'""}"
/Game,Shape_Plane,StaticMesh,/Game/TopDownShooter/Ressources/StarterContent/Shapes/Shape_Plane,/Game/TopDownShooter/Ressources/StarterContent/Shapes,/Game/TopDownShooter/Ressources/StarterContent/Shapes/Shape_Plane.Shape_Plane,False,/Game/TopDownShooter/Ressources/StarterContent/Materials/M_Basic_Wall|/Script/NavigationSystem,"{""__audit_error__"": ""'AssetData' object has no attribute 'tags_and_values'""}"
/Game,Shape_QuadPyramid,StaticMesh,/Game/TopDownShooter/Ressources/StarterContent/Shapes/Shape_QuadPyramid,/Game/TopDownShooter/Ressources/StarterContent/Shapes,/Game/TopDownShooter/Ressources/StarterContent/Shapes/Shape_QuadPyramid.Shape_QuadPyramid,False,/Game/TopDownShooter/Ressources/StarterContent/Materials/M_Basic_Wall|/Script/NavigationSystem,"{""__audit_error__"": ""'AssetData' object has no attribute 'tags_and_values'""}"
/Game,Shape_Sphere,StaticMesh,/Game/TopDownShooter/Ressources/StarterContent/Shapes/Shape_Sphere,/Game/TopDownShooter/Ressources/StarterContent/Shapes,/Game/TopDownShooter/Ressources/StarterContent/Shapes/Shape_Sphere.Shape_Sphere,False,/Game/TopDownShooter/Ressources/StarterContent/Materials/M_Basic_Wall|/Script/NavigationSystem,"{""__audit_error__"": ""'AssetData' object has no attribute 'tags_and_values'""}"
/Game,Shape_Torus,StaticMesh,/Game/TopDownShooter/Ressources/StarterContent/Shapes/Shape_Torus,/Game/TopDownShooter/Ressources/StarterContent/Shapes,/Game/TopDownShooter/Ressources/StarterContent/Shapes/Shape_Torus.Shape_Torus,False,/Game/TopDownShooter/Ressources/StarterContent/Materials/M_Basic_Wall|/Script/NavigationSystem,"{""__audit_error__"": ""'AssetData' object has no attribute 'tags_and_values'""}"
/Game,Shape_Trim,StaticMesh,/Game/TopDownShooter/Ressources/StarterContent/Shapes/Shape_Trim,/Game/TopDownShooter/Ressources/StarterContent/Shapes,/Game/TopDownShooter/Ressources/StarterContent/Shapes/Shape_Trim.Shape_Trim,False,/Game/TopDownShooter/Ressources/StarterContent/Materials/M_Basic_Wall|/Script/NavigationSystem,"{""__audit_error__"": ""'AssetData' object has no attribute 'tags_and_values'""}"
/Game,Shape_Trim_90_In,StaticMesh,/Game/TopDownShooter/Ressources/StarterContent/Shapes/Shape_Trim_90_In,/Game/TopDownShooter/Ressources/StarterContent/Shapes,/Game/TopDownShooter/Ressources/StarterContent/Shapes/Shape_Trim_90_In.Shape_Trim_90_In,False,/Game/TopDownShooter/Ressources/StarterContent/Materials/M_Basic_Wall|/Script/NavigationSystem,"{""__audit_error__"": ""'AssetData' object has no attribute 'tags_and_values'""}"
/Game,Shape_Trim_90_Out,StaticMesh,/Game/TopDownShooter/Ressources/StarterContent/Shapes/Shape_Trim_90_Out,/Game/TopDownShooter/Ressources/StarterContent/Shapes,/Game/TopDownShooter/Ressources/StarterContent/Shapes/Shape_Trim_90_Out.Shape_Trim_90_Out,False,/Game/TopDownShooter/Ressources/StarterContent/Materials/M_Basic_Wall|/Script/NavigationSystem,"{""__audit_error__"": ""'AssetData' object has no attribute 'tags_and_values'""}"
/Game,Shape_TriPyramid,StaticMesh,/Game/TopDownShooter/Ressources/StarterContent/Shapes/Shape_TriPyramid,/Game/TopDownShooter/Ressources/StarterContent/Shapes,/Game/TopDownShooter/Ressources/StarterContent/Shapes/Shape_TriPyramid.Shape_TriPyramid,False,/Game/TopDownShooter/Ressources/StarterContent/Materials/M_Basic_Wall|/Script/NavigationSystem,"{""__audit_error__"": ""'AssetData' object has no attribute 'tags_and_values'""}"
/Game,Shape_Tube,StaticMesh,/Game/TopDownShooter/Ressources/StarterContent/Shapes/Shape_Tube,/Game/TopDownShooter/Ressources/StarterContent/Shapes,/Game/TopDownShooter/Ressources/StarterContent/Shapes/Shape_Tube.Shape_Tube,False,/Game/TopDownShooter/Ressources/StarterContent/Materials/M_Basic_Wall|/Script/NavigationSystem,"{""__audit_error__"": ""'AssetData' object has no attribute 'tags_and_values'""}"
/Game,Shape_Wedge_A,StaticMesh,/Game/TopDownShooter/Ressources/StarterContent/Shapes/Shape_Wedge_A,/Game/TopDownShooter/Ressources/StarterContent/Shapes,/Game/TopDownShooter/Ressources/StarterContent/Shapes/Shape_Wedge_A.Shape_Wedge_A,False,/Game/TopDownShooter/Ressources/StarterContent/Materials/M_Basic_Wall|/Script/NavigationSystem,"{""__audit_error__"": ""'AssetData' object has no attribute 'tags_and_values'""}"
/Game,Shape_Wedge_B,StaticMesh,/Game/TopDownShooter/Ressources/StarterContent/Shapes/Shape_Wedge_B,/Game/TopDownShooter/Ressources/StarterContent/Shapes,/Game/TopDownShooter/Ressources/StarterContent/Shapes/Shape_Wedge_B.Shape_Wedge_B,False,/Game/TopDownShooter/Ressources/StarterContent/Materials/M_Basic_Wall|/Script/NavigationSystem,"{""__audit_error__"": ""'AssetData' object has no attribute 'tags_and_values'""}"
/Game,Shape_WideCapsule,StaticMesh,/Game/TopDownShooter/Ressources/StarterContent/Shapes/Shape_WideCapsule,/Game/TopDownShooter/Ressources/StarterContent/Shapes,/Game/TopDownShooter/Ressources/StarterContent/Shapes/Shape_WideCapsule.Shape_WideCapsule,False,/Game/TopDownShooter/Ressources/StarterContent/Materials/M_Basic_Wall|/Script/NavigationSystem,"{""__audit_error__"": ""'AssetData' object has no attribute 'tags_and_values'""}"
/Game,T_Brick_Clay_Beveled_D,Texture2D,/Game/TopDownShooter/Ressources/StarterContent/Textures/T_Brick_Clay_Beveled_D,/Game/TopDownShooter/Ressources/StarterContent/Textures,/Game/TopDownShooter/Ressources/StarterContent/Textures/T_Brick_Clay_Beveled_D.T_Brick_Clay_Beveled_D,False,,"{""__audit_error__"": ""'AssetData' object has no attribute 'tags_and_values'""}"
/Game,T_Brick_Clay_Beveled_M,Texture2D,/Game/TopDownShooter/Ressources/StarterContent/Textures/T_Brick_Clay_Beveled_M,/Game/TopDownShooter/Ressources/StarterContent/Textures,/Game/TopDownShooter/Ressources/StarterContent/Textures/T_Brick_Clay_Beveled_M.T_Brick_Clay_Beveled_M,False,,"{""__audit_error__"": ""'AssetData' object has no attribute 'tags_and_values'""}"
/Game,T_Brick_Clay_Beveled_N,Texture2D,/Game/TopDownShooter/Ressources/StarterContent/Textures/T_Brick_Clay_Beveled_N,/Game/TopDownShooter/Ressources/StarterContent/Textures,/Game/TopDownShooter/Ressources/StarterContent/Textures/T_Brick_Clay_Beveled_N.T_Brick_Clay_Beveled_N,False,,"{""__audit_error__"": ""'AssetData' object has no attribute 'tags_and_values'""}"
/Game,T_Brick_Clay_New_D,Texture2D,/Game/TopDownShooter/Ressources/StarterContent/Textures/T_Brick_Clay_New_D,/Game/TopDownShooter/Ressources/StarterContent/Textures,/Game/TopDownShooter/Ressources/StarterContent/Textures/T_Brick_Clay_New_D.T_Brick_Clay_New_D,False,,"{""__audit_error__"": ""'AssetData' object has no attribute 'tags_and_values'""}"
/Game,T_Brick_Clay_New_M,Texture2D,/Game/TopDownShooter/Ressources/StarterContent/Textures/T_Brick_Clay_New_M,/Game/TopDownShooter/Ressources/StarterContent/Textures,/Game/TopDownShooter/Ressources/StarterContent/Textures/T_Brick_Clay_New_M.T_Brick_Clay_New_M,False,,"{""__audit_error__"": ""'AssetData' object has no attribute 'tags_and_values'""}"
/Game,T_Brick_Clay_New_N,Texture2D,/Game/TopDownShooter/Ressources/StarterContent/Textures/T_Brick_Clay_New_N,/Game/TopDownShooter/Ressources/StarterContent/Textures,/Game/TopDownShooter/Ressources/StarterContent/Textures/T_Brick_Clay_New_N.T_Brick_Clay_New_N,False,,"{""__audit_error__"": ""'AssetData' object has no attribute 'tags_and_values'""}"
/Game,T_Brick_Clay_Old_D,Texture2D,/Game/TopDownShooter/Ressources/StarterContent/Textures/T_Brick_Clay_Old_D,/Game/TopDownShooter/Ressources/StarterContent/Textures,/Game/TopDownShooter/Ressources/StarterContent/Textures/T_Brick_Clay_Old_D.T_Brick_Clay_Old_D,False,,"{""__audit_error__"": ""'AssetData' object has no attribute 'tags_and_values'""}"
/Game,T_Brick_Clay_Old_N,Texture2D,/Game/TopDownShooter/Ressources/StarterContent/Textures/T_Brick_Clay_Old_N,/Game/TopDownShooter/Ressources/StarterContent/Textures,/Game/TopDownShooter/Ressources/StarterContent/Textures/T_Brick_Clay_Old_N.T_Brick_Clay_Old_N,False,,"{""__audit_error__"": ""'AssetData' object has no attribute 'tags_and_values'""}"
/Game,T_Brick_Cut_Stone_D,Texture2D,/Game/TopDownShooter/Ressources/StarterContent/Textures/T_Brick_Cut_Stone_D,/Game/TopDownShooter/Ressources/StarterContent/Textures,/Game/TopDownShooter/Ressources/StarterContent/Textures/T_Brick_Cut_Stone_D.T_Brick_Cut_Stone_D,False,,"{""__audit_error__"": ""'AssetData' object has no attribute 'tags_and_values'""}"
/Game,T_Brick_Cut_Stone_N,Texture2D,/Game/TopDownShooter/Ressources/StarterContent/Textures/T_Brick_Cut_Stone_N,/Game/TopDownShooter/Ressources/StarterContent/Textures,/Game/TopDownShooter/Ressources/StarterContent/Textures/T_Brick_Cut_Stone_N.T_Brick_Cut_Stone_N,False,,"{""__audit_error__"": ""'AssetData' object has no attribute 'tags_and_values'""}"
/Game,T_Brick_Hewn_Stone_D,Texture2D,/Game/TopDownShooter/Ressources/StarterContent/Textures/T_Brick_Hewn_Stone_D,/Game/TopDownShooter/Ressources/StarterContent/Textures,/Game/TopDownShooter/Ressources/StarterContent/Textures/T_Brick_Hewn_Stone_D.T_Brick_Hewn_Stone_D,False,,"{""__audit_error__"": ""'AssetData' object has no attribute 'tags_and_values'""}"
/Game,T_Brick_Hewn_Stone_M,Texture2D,/Game/TopDownShooter/Ressources/StarterContent/Textures/T_Brick_Hewn_Stone_M,/Game/TopDownShooter/Ressources/StarterContent/Textures,/Game/TopDownShooter/Ressources/StarterContent/Textures/T_Brick_Hewn_Stone_M.T_Brick_Hewn_Stone_M,False,,"{""__audit_error__"": ""'AssetData' object has no attribute 'tags_and_values'""}"
/Game,T_Brick_Hewn_Stone_N,Texture2D,/Game/TopDownShooter/Ressources/StarterContent/Textures/T_Brick_Hewn_Stone_N,/Game/TopDownShooter/Ressources/StarterContent/Textures,/Game/TopDownShooter/Ressources/StarterContent/Textures/T_Brick_Hewn_Stone_N.T_Brick_Hewn_Stone_N,False,,"{""__audit_error__"": ""'AssetData' object has no attribute 'tags_and_values'""}"
/Game,T_Burst_M,Texture2D,/Game/TopDownShooter/Ressources/StarterContent/Textures/T_Burst_M,/Game/TopDownShooter/Ressources/StarterContent/Textures,/Game/TopDownShooter/Ressources/StarterContent/Textures/T_Burst_M.T_Burst_M,False,,"{""__audit_error__"": ""'AssetData' object has no attribute 'tags_and_values'""}"
/Game,T_Bush_D,Texture2D,/Game/TopDownShooter/Ressources/StarterContent/Textures/T_Bush_D,/Game/TopDownShooter/Ressources/StarterContent/Textures,/Game/TopDownShooter/Ressources/StarterContent/Textures/T_Bush_D.T_Bush_D,False,,"{""__audit_error__"": ""'AssetData' object has no attribute 'tags_and_values'""}"
/Game,T_Bush_N,Texture2D,/Game/TopDownShooter/Ressources/StarterContent/Textures/T_Bush_N,/Game/TopDownShooter/Ressources/StarterContent/Textures,/Game/TopDownShooter/Ressources/StarterContent/Textures/T_Bush_N.T_Bush_N,False,,"{""__audit_error__"": ""'AssetData' object has no attribute 'tags_and_values'""}"
/Game,T_Ceramic_Tile_M,Texture2D,/Game/TopDownShooter/Ressources/StarterContent/Textures/T_Ceramic_Tile_M,/Game/TopDownShooter/Ressources/StarterContent/Textures,/Game/TopDownShooter/Ressources/StarterContent/Textures/T_Ceramic_Tile_M.T_Ceramic_Tile_M,False,,"{""__audit_error__"": ""'AssetData' object has no attribute 'tags_and_values'""}"
/Game,T_Ceramic_Tile_N,Texture2D,/Game/TopDownShooter/Ressources/StarterContent/Textures/T_Ceramic_Tile_N,/Game/TopDownShooter/Ressources/StarterContent/Textures,/Game/TopDownShooter/Ressources/StarterContent/Textures/T_Ceramic_Tile_N.T_Ceramic_Tile_N,False,,"{""__audit_error__"": ""'AssetData' object has no attribute 'tags_and_values'""}"
/Game,T_Chair_M,Texture2D,/Game/TopDownShooter/Ressources/StarterContent/Textures/T_Chair_M,/Game/TopDownShooter/Ressources/StarterContent/Textures,/Game/TopDownShooter/Ressources/StarterContent/Textures/T_Chair_M.T_Chair_M,False,,"{""__audit_error__"": ""'AssetData' object has no attribute 'tags_and_values'""}"
/Game,T_Chair_N,Texture2D,/Game/TopDownShooter/Ressources/StarterContent/Textures/T_Chair_N,/Game/TopDownShooter/Ressources/StarterContent/Textures,/Game/TopDownShooter/Ressources/StarterContent/Textures/T_Chair_N.T_Chair_N,False,,"{""__audit_error__"": ""'AssetData' object has no attribute 'tags_and_values'""}"
/Game,T_Checker_Noise_M,Texture2D,/Game/TopDownShooter/Ressources/StarterContent/Textures/T_Checker_Noise_M,/Game/TopDownShooter/Ressources/StarterContent/Textures,/Game/TopDownShooter/Ressources/StarterContent/Textures/T_Checker_Noise_M.T_Checker_Noise_M,False,,"{""__audit_error__"": ""'AssetData' object has no attribute 'tags_and_values'""}"
/Game,T_CobbleStone_Pebble_D,Texture2D,/Game/TopDownShooter/Ressources/StarterContent/Textures/T_CobbleStone_Pebble_D,/Game/TopDownShooter/Ressources/StarterContent/Textures,/Game/TopDownShooter/Ressources/StarterContent/Textures/T_CobbleStone_Pebble_D.T_CobbleStone_Pebble_D,False,,"{""__audit_error__"": ""'AssetData' object has no attribute 'tags_and_values'""}"
/Game,T_CobbleStone_Pebble_M,Texture2D,/Game/TopDownShooter/Ressources/StarterContent/Textures/T_CobbleStone_Pebble_M,/Game/TopDownShooter/Ressources/StarterContent/Textures,/Game/TopDownShooter/Ressources/StarterContent/Textures/T_CobbleStone_Pebble_M.T_CobbleStone_Pebble_M,False,,"{""__audit_error__"": ""'AssetData' object has no attribute 'tags_and_values'""}"
/Game,T_CobbleStone_Pebble_N,Texture2D,/Game/TopDownShooter/Ressources/StarterContent/Textures/T_CobbleStone_Pebble_N,/Game/TopDownShooter/Ressources/StarterContent/Textures,/Game/TopDownShooter/Ressources/StarterContent/Textures/T_CobbleStone_Pebble_N.T_CobbleStone_Pebble_N,False,,"{""__audit_error__"": ""'AssetData' object has no attribute 'tags_and_values'""}"
/Game,T_CobbleStone_Rough_D,Texture2D,/Game/TopDownShooter/Ressources/StarterContent/Textures/T_CobbleStone_Rough_D,/Game/TopDownShooter/Ressources/StarterContent/Textures,/Game/TopDownShooter/Ressources/StarterContent/Textures/T_CobbleStone_Rough_D.T_CobbleStone_Rough_D,False,,"{""__audit_error__"": ""'AssetData' object has no attribute 'tags_and_values'""}"
/Game,T_CobbleStone_Rough_N,Texture2D,/Game/TopDownShooter/Ressources/StarterContent/Textures/T_CobbleStone_Rough_N,/Game/TopDownShooter/Ressources/StarterContent/Textures,/Game/TopDownShooter/Ressources/StarterContent/Textures/T_CobbleStone_Rough_N.T_CobbleStone_Rough_N,False,,"{""__audit_error__"": ""'AssetData' object has no attribute 'tags_and_values'""}"
/Game,T_CobbleStone_Smooth_D,Texture2D,/Game/TopDownShooter/Ressources/StarterContent/Textures/T_CobbleStone_Smooth_D,/Game/TopDownShooter/Ressources/StarterContent/Textures,/Game/TopDownShooter/Ressources/StarterContent/Textures/T_CobbleStone_Smooth_D.T_CobbleStone_Smooth_D,False,,"{""__audit_error__"": ""'AssetData' object has no attribute 'tags_and_values'""}"
/Game,T_CobbleStone_Smooth_M,Texture2D,/Game/TopDownShooter/Ressources/StarterContent/Textures/T_CobbleStone_Smooth_M,/Game/TopDownShooter/Ressources/StarterContent/Textures,/Game/TopDownShooter/Ressources/StarterContent/Textures/T_CobbleStone_Smooth_M.T_CobbleStone_Smooth_M,False,,"{""__audit_error__"": ""'AssetData' object has no attribute 'tags_and_values'""}"
/Game,T_CobbleStone_Smooth_N,Texture2D,/Game/TopDownShooter/Ressources/StarterContent/Textures/T_CobbleStone_Smooth_N,/Game/TopDownShooter/Ressources/StarterContent/Textures,/Game/TopDownShooter/Ressources/StarterContent/Textures/T_CobbleStone_Smooth_N.T_CobbleStone_Smooth_N,False,,"{""__audit_error__"": ""'AssetData' object has no attribute 'tags_and_values'""}"
/Game,T_Concrete_Grime_D,Texture2D,/Game/TopDownShooter/Ressources/StarterContent/Textures/T_Concrete_Grime_D,/Game/TopDownShooter/Ressources/StarterContent/Textures,/Game/TopDownShooter/Ressources/StarterContent/Textures/T_Concrete_Grime_D.T_Concrete_Grime_D,False,,"{""__audit_error__"": ""'AssetData' object has no attribute 'tags_and_values'""}"
/Game,T_Concrete_Panels_D,Texture2D,/Game/TopDownShooter/Ressources/StarterContent/Textures/T_Concrete_Panels_D,/Game/TopDownShooter/Ressources/StarterContent/Textures,/Game/TopDownShooter/Ressources/StarterContent/Textures/T_Concrete_Panels_D.T_Concrete_Panels_D,False,,"{""__audit_error__"": ""'AssetData' object has no attribute 'tags_and_values'""}"
/Game,T_Concrete_Panels_N,Texture2D,/Game/TopDownShooter/Ressources/StarterContent/Textures/T_Concrete_Panels_N,/Game/TopDownShooter/Ressources/StarterContent/Textures,/Game/TopDownShooter/Ressources/StarterContent/Textures/T_Concrete_Panels_N.T_Concrete_Panels_N,False,,"{""__audit_error__"": ""'AssetData' object has no attribute 'tags_and_values'""}"
/Game,T_Concrete_Poured_D,Texture2D,/Game/TopDownShooter/Ressources/StarterContent/Textures/T_Concrete_Poured_D,/Game/TopDownShooter/Ressources/StarterContent/Textures,/Game/TopDownShooter/Ressources/StarterContent/Textures/T_Concrete_Poured_D.T_Concrete_Poured_D,False,,"{""__audit_error__"": ""'AssetData' object has no attribute 'tags_and_values'""}"
/Game,T_Concrete_Poured_N,Texture2D,/Game/TopDownShooter/Ressources/StarterContent/Textures/T_Concrete_Poured_N,/Game/TopDownShooter/Ressources/StarterContent/Textures,/Game/TopDownShooter/Ressources/StarterContent/Textures/T_Concrete_Poured_N.T_Concrete_Poured_N,False,,"{""__audit_error__"": ""'AssetData' object has no attribute 'tags_and_values'""}"
/Game,T_Concrete_Tiles_D,Texture2D,/Game/TopDownShooter/Ressources/StarterContent/Textures/T_Concrete_Tiles_D,/Game/TopDownShooter/Ressources/StarterContent/Textures,/Game/TopDownShooter/Ressources/StarterContent/Textures/T_Concrete_Tiles_D.T_Concrete_Tiles_D,False,,"{""__audit_error__"": ""'AssetData' object has no attribute 'tags_and_values'""}"
/Game,T_Concrete_Tiles_M,Texture2D,/Game/TopDownShooter/Ressources/StarterContent/Textures/T_Concrete_Tiles_M,/Game/TopDownShooter/Ressources/StarterContent/Textures,/Game/TopDownShooter/Ressources/StarterContent/Textures/T_Concrete_Tiles_M.T_Concrete_Tiles_M,False,,"{""__audit_error__"": ""'AssetData' object has no attribute 'tags_and_values'""}"
/Game,T_Concrete_Tiles_N,Texture2D,/Game/TopDownShooter/Ressources/StarterContent/Textures/T_Concrete_Tiles_N,/Game/TopDownShooter/Ressources/StarterContent/Textures,/Game/TopDownShooter/Ressources/StarterContent/Textures/T_Concrete_Tiles_N.T_Concrete_Tiles_N,False,,"{""__audit_error__"": ""'AssetData' object has no attribute 'tags_and_values'""}"
/Game,T_Concrete_Tiles_Variation_M,Texture2D,/Game/TopDownShooter/Ressources/StarterContent/Textures/T_Concrete_Tiles_Variation_M,/Game/TopDownShooter/Ressources/StarterContent/Textures,/Game/TopDownShooter/Ressources/StarterContent/Textures/T_Concrete_Tiles_Variation_M.T_Concrete_Tiles_Variation_M,False,,"{""__audit_error__"": ""'AssetData' object has no attribute 'tags_and_values'""}"
/Game,T_Detail_Rocky_N,Texture2D,/Game/TopDownShooter/Ressources/StarterContent/Textures/T_Detail_Rocky_N,/Game/TopDownShooter/Ressources/StarterContent/Textures,/Game/TopDownShooter/Ressources/StarterContent/Textures/T_Detail_Rocky_N.T_Detail_Rocky_N,False,,"{""__audit_error__"": ""'AssetData' object has no attribute 'tags_and_values'""}"
/Game,T_Door_M,Texture2D,/Game/TopDownShooter/Ressources/StarterContent/Textures/T_Door_M,/Game/TopDownShooter/Ressources/StarterContent/Textures,/Game/TopDownShooter/Ressources/StarterContent/Textures/T_Door_M.T_Door_M,False,,"{""__audit_error__"": ""'AssetData' object has no attribute 'tags_and_values'""}"
/Game,T_Door_N,Texture2D,/Game/TopDownShooter/Ressources/StarterContent/Textures/T_Door_N,/Game/TopDownShooter/Ressources/StarterContent/Textures,/Game/TopDownShooter/Ressources/StarterContent/Textures/T_Door_N.T_Door_N,False,,"{""__audit_error__"": ""'AssetData' object has no attribute 'tags_and_values'""}"
/Game,T_Dust_Particle_D,Texture2D,/Game/TopDownShooter/Ressources/StarterContent/Textures/T_Dust_Particle_D,/Game/TopDownShooter/Ressources/StarterContent/Textures,/Game/TopDownShooter/Ressources/StarterContent/Textures/T_Dust_Particle_D.T_Dust_Particle_D,False,,"{""__audit_error__"": ""'AssetData' object has no attribute 'tags_and_values'""}"
/Game,T_Explosion_SubUV,Texture2D,/Game/TopDownShooter/Ressources/StarterContent/Textures/T_Explosion_SubUV,/Game/TopDownShooter/Ressources/StarterContent/Textures,/Game/TopDownShooter/Ressources/StarterContent/Textures/T_Explosion_SubUV.T_Explosion_SubUV,False,,"{""__audit_error__"": ""'AssetData' object has no attribute 'tags_and_values'""}"
/Game,T_Fire_SubUV,Texture2D,/Game/TopDownShooter/Ressources/StarterContent/Textures/T_Fire_SubUV,/Game/TopDownShooter/Ressources/StarterContent/Textures,/Game/TopDownShooter/Ressources/StarterContent/Textures/T_Fire_SubUV.T_Fire_SubUV,False,,"{""__audit_error__"": ""'AssetData' object has no attribute 'tags_and_values'""}"
/Game,T_Fire_Tiled_D,Texture2D,/Game/TopDownShooter/Ressources/StarterContent/Textures/T_Fire_Tiled_D,/Game/TopDownShooter/Ressources/StarterContent/Textures,/Game/TopDownShooter/Ressources/StarterContent/Textures/T_Fire_Tiled_D.T_Fire_Tiled_D,False,,"{""__audit_error__"": ""'AssetData' object has no attribute 'tags_and_values'""}"
/Game,T_Frame_M,Texture2D,/Game/TopDownShooter/Ressources/StarterContent/Textures/T_Frame_M,/Game/TopDownShooter/Ressources/StarterContent/Textures,/Game/TopDownShooter/Ressources/StarterContent/Textures/T_Frame_M.T_Frame_M,False,,"{""__audit_error__"": ""'AssetData' object has no attribute 'tags_and_values'""}"
/Game,T_Frame_N,Texture2D,/Game/TopDownShooter/Ressources/StarterContent/Textures/T_Frame_N,/Game/TopDownShooter/Ressources/StarterContent/Textures,/Game/TopDownShooter/Ressources/StarterContent/Textures/T_Frame_N.T_Frame_N,False,,"{""__audit_error__"": ""'AssetData' object has no attribute 'tags_and_values'""}"
/Game,T_Gradinet_01,Texture2D,/Game/TopDownShooter/Ressources/StarterContent/Textures/T_Gradinet_01,/Game/TopDownShooter/Ressources/StarterContent/Textures,/Game/TopDownShooter/Ressources/StarterContent/Textures/T_Gradinet_01.T_Gradinet_01,False,,"{""__audit_error__"": ""'AssetData' object has no attribute 'tags_and_values'""}"
/Game,T_Ground_Grass_D,Texture2D,/Game/TopDownShooter/Ressources/StarterContent/Textures/T_Ground_Grass_D,/Game/TopDownShooter/Ressources/StarterContent/Textures,/Game/TopDownShooter/Ressources/StarterContent/Textures/T_Ground_Grass_D.T_Ground_Grass_D,False,,"{""__audit_error__"": ""'AssetData' object has no attribute 'tags_and_values'""}"
/Game,T_Ground_Grass_N,Texture2D,/Game/TopDownShooter/Ressources/StarterContent/Textures/T_Ground_Grass_N,/Game/TopDownShooter/Ressources/StarterContent/Textures,/Game/TopDownShooter/Ressources/StarterContent/Textures/T_Ground_Grass_N.T_Ground_Grass_N,False,,"{""__audit_error__"": ""'AssetData' object has no attribute 'tags_and_values'""}"
/Game,T_Ground_Gravel_D,Texture2D,/Game/TopDownShooter/Ressources/StarterContent/Textures/T_Ground_Gravel_D,/Game/TopDownShooter/Ressources/StarterContent/Textures,/Game/TopDownShooter/Ressources/StarterContent/Textures/T_Ground_Gravel_D.T_Ground_Gravel_D,False,,"{""__audit_error__"": ""'AssetData' object has no attribute 'tags_and_values'""}"
/Game,T_Ground_Gravel_N,Texture2D,/Game/TopDownShooter/Ressources/StarterContent/Textures/T_Ground_Gravel_N,/Game/TopDownShooter/Ressources/StarterContent/Textures,/Game/TopDownShooter/Ressources/StarterContent/Textures/T_Ground_Gravel_N.T_Ground_Gravel_N,False,,"{""__audit_error__"": ""'AssetData' object has no attribute 'tags_and_values'""}"
/Game,T_ground_Moss_D,Texture2D,/Game/TopDownShooter/Ressources/StarterContent/Textures/T_ground_Moss_D,/Game/TopDownShooter/Ressources/StarterContent/Textures,/Game/TopDownShooter/Ressources/StarterContent/Textures/T_ground_Moss_D.T_ground_Moss_D,False,,"{""__audit_error__"": ""'AssetData' object has no attribute 'tags_and_values'""}"
/Game,T_Ground_Moss_N,Texture2D,/Game/TopDownShooter/Ressources/StarterContent/Textures/T_Ground_Moss_N,/Game/TopDownShooter/Ressources/StarterContent/Textures,/Game/TopDownShooter/Ressources/StarterContent/Textures/T_Ground_Moss_N.T_Ground_Moss_N,False,,"{""__audit_error__"": ""'AssetData' object has no attribute 'tags_and_values'""}"
/Game,T_Lamp_M,Texture2D,/Game/TopDownShooter/Ressources/StarterContent/Textures/T_Lamp_M,/Game/TopDownShooter/Ressources/StarterContent/Textures,/Game/TopDownShooter/Ressources/StarterContent/Textures/T_Lamp_M.T_Lamp_M,False,,"{""__audit_error__"": ""'AssetData' object has no attribute 'tags_and_values'""}"
/Game,T_Lamp_N,Texture2D,/Game/TopDownShooter/Ressources/StarterContent/Textures/T_Lamp_N,/Game/TopDownShooter/Ressources/StarterContent/Textures,/Game/TopDownShooter/Ressources/StarterContent/Textures/T_Lamp_N.T_Lamp_N,False,,"{""__audit_error__"": ""'AssetData' object has no attribute 'tags_and_values'""}"
/Game,T_MacroVariation,Texture2D,/Game/TopDownShooter/Ressources/StarterContent/Textures/T_MacroVariation,/Game/TopDownShooter/Ressources/StarterContent/Textures,/Game/TopDownShooter/Ressources/StarterContent/Textures/T_MacroVariation.T_MacroVariation,False,,"{""__audit_error__"": ""'AssetData' object has no attribute 'tags_and_values'""}"
/Game,T_Metal_Aluminum_D,Texture2D,/Game/TopDownShooter/Ressources/StarterContent/Textures/T_Metal_Aluminum_D,/Game/TopDownShooter/Ressources/StarterContent/Textures,/Game/TopDownShooter/Ressources/StarterContent/Textures/T_Metal_Aluminum_D.T_Metal_Aluminum_D,False,,"{""__audit_error__"": ""'AssetData' object has no attribute 'tags_and_values'""}"
/Game,T_Metal_Copper_D,Texture2D,/Game/TopDownShooter/Ressources/StarterContent/Textures/T_Metal_Copper_D,/Game/TopDownShooter/Ressources/StarterContent/Textures,/Game/TopDownShooter/Ressources/StarterContent/Textures/T_Metal_Copper_D.T_Metal_Copper_D,False,,"{""__audit_error__"": ""'AssetData' object has no attribute 'tags_and_values'""}"
/Game,T_Metal_Gold_D,Texture2D,/Game/TopDownShooter/Ressources/StarterContent/Textures/T_Metal_Gold_D,/Game/TopDownShooter/Ressources/StarterContent/Textures,/Game/TopDownShooter/Ressources/StarterContent/Textures/T_Metal_Gold_D.T_Metal_Gold_D,False,,"{""__audit_error__"": ""'AssetData' object has no attribute 'tags_and_values'""}"
/Game,T_Metal_Gold_N,Texture2D,/Game/TopDownShooter/Ressources/StarterContent/Textures/T_Metal_Gold_N,/Game/TopDownShooter/Ressources/StarterContent/Textures,/Game/TopDownShooter/Ressources/StarterContent/Textures/T_Metal_Gold_N.T_Metal_Gold_N,False,,"{""__audit_error__"": ""'AssetData' object has no attribute 'tags_and_values'""}"
/Game,T_Metal_Rust_D,Texture2D,/Game/TopDownShooter/Ressources/StarterContent/Textures/T_Metal_Rust_D,/Game/TopDownShooter/Ressources/StarterContent/Textures,/Game/TopDownShooter/Ressources/StarterContent/Textures/T_Metal_Rust_D.T_Metal_Rust_D,False,,"{""__audit_error__"": ""'AssetData' object has no attribute 'tags_and_values'""}"
/Game,T_Metal_Rust_N,Texture2D,/Game/TopDownShooter/Ressources/StarterContent/Textures/T_Metal_Rust_N,/Game/TopDownShooter/Ressources/StarterContent/Textures,/Game/TopDownShooter/Ressources/StarterContent/Textures/T_Metal_Rust_N.T_Metal_Rust_N,False,,"{""__audit_error__"": ""'AssetData' object has no attribute 'tags_and_values'""}"
/Game,T_Metal_Steel_D,Texture2D,/Game/TopDownShooter/Ressources/StarterContent/Textures/T_Metal_Steel_D,/Game/TopDownShooter/Ressources/StarterContent/Textures,/Game/TopDownShooter/Ressources/StarterContent/Textures/T_Metal_Steel_D.T_Metal_Steel_D,False,,"{""__audit_error__"": ""'AssetData' object has no attribute 'tags_and_values'""}"
/Game,T_Metal_Steel_N,Texture2D,/Game/TopDownShooter/Ressources/StarterContent/Textures/T_Metal_Steel_N,/Game/TopDownShooter/Ressources/StarterContent/Textures,/Game/TopDownShooter/Ressources/StarterContent/Textures/T_Metal_Steel_N.T_Metal_Steel_N,False,,"{""__audit_error__"": ""'AssetData' object has no attribute 'tags_and_values'""}"
/Game,T_Perlin_Noise_M,Texture2D,/Game/TopDownShooter/Ressources/StarterContent/Textures/T_Perlin_Noise_M,/Game/TopDownShooter/Ressources/StarterContent/Textures,/Game/TopDownShooter/Ressources/StarterContent/Textures/T_Perlin_Noise_M.T_Perlin_Noise_M,False,,"{""__audit_error__"": ""'AssetData' object has no attribute 'tags_and_values'""}"
/Game,T_Rock_Basalt_D,Texture2D,/Game/TopDownShooter/Ressources/StarterContent/Textures/T_Rock_Basalt_D,/Game/TopDownShooter/Ressources/StarterContent/Textures,/Game/TopDownShooter/Ressources/StarterContent/Textures/T_Rock_Basalt_D.T_Rock_Basalt_D,False,,"{""__audit_error__"": ""'AssetData' object has no attribute 'tags_and_values'""}"
/Game,T_Rock_Basalt_N,Texture2D,/Game/TopDownShooter/Ressources/StarterContent/Textures/T_Rock_Basalt_N,/Game/TopDownShooter/Ressources/StarterContent/Textures,/Game/TopDownShooter/Ressources/StarterContent/Textures/T_Rock_Basalt_N.T_Rock_Basalt_N,False,,"{""__audit_error__"": ""'AssetData' object has no attribute 'tags_and_values'""}"
/Game,T_Rock_Marble_Polished_D,Texture2D,/Game/TopDownShooter/Ressources/StarterContent/Textures/T_Rock_Marble_Polished_D,/Game/TopDownShooter/Ressources/StarterContent/Textures,/Game/TopDownShooter/Ressources/StarterContent/Textures/T_Rock_Marble_Polished_D.T_Rock_Marble_Polished_D,False,,"{""__audit_error__"": ""'AssetData' object has no attribute 'tags_and_values'""}"
/Game,T_Rock_Sandstone_D,Texture2D,/Game/TopDownShooter/Ressources/StarterContent/Textures/T_Rock_Sandstone_D,/Game/TopDownShooter/Ressources/StarterContent/Textures,/Game/TopDownShooter/Ressources/StarterContent/Textures/T_Rock_Sandstone_D.T_Rock_Sandstone_D,False,,"{""__audit_error__"": ""'AssetData' object has no attribute 'tags_and_values'""}"
/Game,T_Rock_Sandstone_N,Texture2D,/Game/TopDownShooter/Ressources/StarterContent/Textures/T_Rock_Sandstone_N,/Game/TopDownShooter/Ressources/StarterContent/Textures,/Game/TopDownShooter/Ressources/StarterContent/Textures/T_Rock_Sandstone_N.T_Rock_Sandstone_N,False,,"{""__audit_error__"": ""'AssetData' object has no attribute 'tags_and_values'""}"
/Game,T_Rock_Slate_D,Texture2D,/Game/TopDownShooter/Ressources/StarterContent/Textures/T_Rock_Slate_D,/Game/TopDownShooter/Ressources/StarterContent/Textures,/Game/TopDownShooter/Ressources/StarterContent/Textures/T_Rock_Slate_D.T_Rock_Slate_D,False,,"{""__audit_error__"": ""'AssetData' object has no attribute 'tags_and_values'""}"
/Game,T_Rock_Slate_N,Texture2D,/Game/TopDownShooter/Ressources/StarterContent/Textures/T_Rock_Slate_N,/Game/TopDownShooter/Ressources/StarterContent/Textures,/Game/TopDownShooter/Ressources/StarterContent/Textures/T_Rock_Slate_N.T_Rock_Slate_N,False,,"{""__audit_error__"": ""'AssetData' object has no attribute 'tags_and_values'""}"
/Game,T_Rock_Smooth_Granite_D,Texture2D,/Game/TopDownShooter/Ressources/StarterContent/Textures/T_Rock_Smooth_Granite_D,/Game/TopDownShooter/Ressources/StarterContent/Textures,/Game/TopDownShooter/Ressources/StarterContent/Textures/T_Rock_Smooth_Granite_D.T_Rock_Smooth_Granite_D,False,,"{""__audit_error__"": ""'AssetData' object has no attribute 'tags_and_values'""}"
/Game,T_RockMesh_M,Texture2D,/Game/TopDownShooter/Ressources/StarterContent/Textures/T_RockMesh_M,/Game/TopDownShooter/Ressources/StarterContent/Textures,/Game/TopDownShooter/Ressources/StarterContent/Textures/T_RockMesh_M.T_RockMesh_M,False,,"{""__audit_error__"": ""'AssetData' object has no attribute 'tags_and_values'""}"
/Game,T_RockMesh_N,Texture2D,/Game/TopDownShooter/Ressources/StarterContent/Textures/T_RockMesh_N,/Game/TopDownShooter/Ressources/StarterContent/Textures,/Game/TopDownShooter/Ressources/StarterContent/Textures/T_RockMesh_N.T_RockMesh_N,False,,"{""__audit_error__"": ""'AssetData' object has no attribute 'tags_and_values'""}"
/Game,T_Shelf_M,Texture2D,/Game/TopDownShooter/Ressources/StarterContent/Textures/T_Shelf_M,/Game/TopDownShooter/Ressources/StarterContent/Textures,/Game/TopDownShooter/Ressources/StarterContent/Textures/T_Shelf_M.T_Shelf_M,False,,"{""__audit_error__"": ""'AssetData' object has no attribute 'tags_and_values'""}"
/Game,T_Shelf_N,Texture2D,/Game/TopDownShooter/Ressources/StarterContent/Textures/T_Shelf_N,/Game/TopDownShooter/Ressources/StarterContent/Textures,/Game/TopDownShooter/Ressources/StarterContent/Textures/T_Shelf_N.T_Shelf_N,False,,"{""__audit_error__"": ""'AssetData' object has no attribute 'tags_and_values'""}"
/Game,T_Single_Tile_N,Texture2D,/Game/TopDownShooter/Ressources/StarterContent/Textures/T_Single_Tile_N,/Game/TopDownShooter/Ressources/StarterContent/Textures,/Game/TopDownShooter/Ressources/StarterContent/Textures/T_Single_Tile_N.T_Single_Tile_N,False,,"{""__audit_error__"": ""'AssetData' object has no attribute 'tags_and_values'""}"
/Game,T_Smoke_SubUV,Texture2D,/Game/TopDownShooter/Ressources/StarterContent/Textures/T_Smoke_SubUV,/Game/TopDownShooter/Ressources/StarterContent/Textures,/Game/TopDownShooter/Ressources/StarterContent/Textures/T_Smoke_SubUV.T_Smoke_SubUV,False,,"{""__audit_error__"": ""'AssetData' object has no attribute 'tags_and_values'""}"
/Game,T_Smoke_Tiled_D,Texture2D,/Game/TopDownShooter/Ressources/StarterContent/Textures/T_Smoke_Tiled_D,/Game/TopDownShooter/Ressources/StarterContent/Textures,/Game/TopDownShooter/Ressources/StarterContent/Textures/T_Smoke_Tiled_D.T_Smoke_Tiled_D,False,,"{""__audit_error__"": ""'AssetData' object has no attribute 'tags_and_values'""}"
/Game,T_Spark_Core,Texture2D,/Game/TopDownShooter/Ressources/StarterContent/Textures/T_Spark_Core,/Game/TopDownShooter/Ressources/StarterContent/Textures,/Game/TopDownShooter/Ressources/StarterContent/Textures/T_Spark_Core.T_Spark_Core,False,,"{""__audit_error__"": ""'AssetData' object has no attribute 'tags_and_values'""}"
/Game,T_Statue_M,Texture2D,/Game/TopDownShooter/Ressources/StarterContent/Textures/T_Statue_M,/Game/TopDownShooter/Ressources/StarterContent/Textures,/Game/TopDownShooter/Ressources/StarterContent/Textures/T_Statue_M.T_Statue_M,False,,"{""__audit_error__"": ""'AssetData' object has no attribute 'tags_and_values'""}"
/Game,T_Statue_N,Texture2D,/Game/TopDownShooter/Ressources/StarterContent/Textures/T_Statue_N,/Game/TopDownShooter/Ressources/StarterContent/Textures,/Game/TopDownShooter/Ressources/StarterContent/Textures/T_Statue_N.T_Statue_N,False,,"{""__audit_error__"": ""'AssetData' object has no attribute 'tags_and_values'""}"
/Game,T_TableRound_M,Texture2D,/Game/TopDownShooter/Ressources/StarterContent/Textures/T_TableRound_M,/Game/TopDownShooter/Ressources/StarterContent/Textures,/Game/TopDownShooter/Ressources/StarterContent/Textures/T_TableRound_M.T_TableRound_M,False,,"{""__audit_error__"": ""'AssetData' object has no attribute 'tags_and_values'""}"
/Game,T_TableRound_N,Texture2D,/Game/TopDownShooter/Ressources/StarterContent/Textures/T_TableRound_N,/Game/TopDownShooter/Ressources/StarterContent/Textures,/Game/TopDownShooter/Ressources/StarterContent/Textures/T_TableRound_N.T_TableRound_N,False,,"{""__audit_error__"": ""'AssetData' object has no attribute 'tags_and_values'""}"
/Game,T_Tech_Dot_M,Texture2D,/Game/TopDownShooter/Ressources/StarterContent/Textures/T_Tech_Dot_M,/Game/TopDownShooter/Ressources/StarterContent/Textures,/Game/TopDownShooter/Ressources/StarterContent/Textures/T_Tech_Dot_M.T_Tech_Dot_M,False,,"{""__audit_error__"": ""'AssetData' object has no attribute 'tags_and_values'""}"
/Game,T_Tech_Dot_N,Texture2D,/Game/TopDownShooter/Ressources/StarterContent/Textures/T_Tech_Dot_N,/Game/TopDownShooter/Ressources/StarterContent/Textures,/Game/TopDownShooter/Ressources/StarterContent/Textures/T_Tech_Dot_N.T_Tech_Dot_N,False,,"{""__audit_error__"": ""'AssetData' object has no attribute 'tags_and_values'""}"
/Game,T_Tech_Hex_Tile_M,Texture2D,/Game/TopDownShooter/Ressources/StarterContent/Textures/T_Tech_Hex_Tile_M,/Game/TopDownShooter/Ressources/StarterContent/Textures,/Game/TopDownShooter/Ressources/StarterContent/Textures/T_Tech_Hex_Tile_M.T_Tech_Hex_Tile_M,False,,"{""__audit_error__"": ""'AssetData' object has no attribute 'tags_and_values'""}"
/Game,T_Tech_Hex_Tile_N,Texture2D,/Game/TopDownShooter/Ressources/StarterContent/Textures/T_Tech_Hex_Tile_N,/Game/TopDownShooter/Ressources/StarterContent/Textures,/Game/TopDownShooter/Ressources/StarterContent/Textures/T_Tech_Hex_Tile_N.T_Tech_Hex_Tile_N,False,,"{""__audit_error__"": ""'AssetData' object has no attribute 'tags_and_values'""}"
/Game,T_Tech_Panel_M,Texture2D,/Game/TopDownShooter/Ressources/StarterContent/Textures/T_Tech_Panel_M,/Game/TopDownShooter/Ressources/StarterContent/Textures,/Game/TopDownShooter/Ressources/StarterContent/Textures/T_Tech_Panel_M.T_Tech_Panel_M,False,,"{""__audit_error__"": ""'AssetData' object has no attribute 'tags_and_values'""}"
/Game,T_Tech_Panel_N,Texture2D,/Game/TopDownShooter/Ressources/StarterContent/Textures/T_Tech_Panel_N,/Game/TopDownShooter/Ressources/StarterContent/Textures,/Game/TopDownShooter/Ressources/StarterContent/Textures/T_Tech_Panel_N.T_Tech_Panel_N,False,,"{""__audit_error__"": ""'AssetData' object has no attribute 'tags_and_values'""}"
/Game,T_Water_M,Texture2D,/Game/TopDownShooter/Ressources/StarterContent/Textures/T_Water_M,/Game/TopDownShooter/Ressources/StarterContent/Textures,/Game/TopDownShooter/Ressources/StarterContent/Textures/T_Water_M.T_Water_M,False,,"{""__audit_error__"": ""'AssetData' object has no attribute 'tags_and_values'""}"
/Game,T_Water_N,Texture2D,/Game/TopDownShooter/Ressources/StarterContent/Textures/T_Water_N,/Game/TopDownShooter/Ressources/StarterContent/Textures,/Game/TopDownShooter/Ressources/StarterContent/Textures/T_Water_N.T_Water_N,False,,"{""__audit_error__"": ""'AssetData' object has no attribute 'tags_and_values'""}"
/Game,T_Wood_Floor_Walnut_D,Texture2D,/Game/TopDownShooter/Ressources/StarterContent/Textures/T_Wood_Floor_Walnut_D,/Game/TopDownShooter/Ressources/StarterContent/Textures,/Game/TopDownShooter/Ressources/StarterContent/Textures/T_Wood_Floor_Walnut_D.T_Wood_Floor_Walnut_D,False,,"{""__audit_error__"": ""'AssetData' object has no attribute 'tags_and_values'""}"
/Game,T_Wood_Floor_Walnut_M,Texture2D,/Game/TopDownShooter/Ressources/StarterContent/Textures/T_Wood_Floor_Walnut_M,/Game/TopDownShooter/Ressources/StarterContent/Textures,/Game/TopDownShooter/Ressources/StarterContent/Textures/T_Wood_Floor_Walnut_M.T_Wood_Floor_Walnut_M,False,,"{""__audit_error__"": ""'AssetData' object has no attribute 'tags_and_values'""}"
/Game,T_Wood_Floor_Walnut_N,Texture2D,/Game/TopDownShooter/Ressources/StarterContent/Textures/T_Wood_Floor_Walnut_N,/Game/TopDownShooter/Ressources/StarterContent/Textures,/Game/TopDownShooter/Ressources/StarterContent/Textures/T_Wood_Floor_Walnut_N.T_Wood_Floor_Walnut_N,False,,"{""__audit_error__"": ""'AssetData' object has no attribute 'tags_and_values'""}"
/Game,T_Wood_Oak_D,Texture2D,/Game/TopDownShooter/Ressources/StarterContent/Textures/T_Wood_Oak_D,/Game/TopDownShooter/Ressources/StarterContent/Textures,/Game/TopDownShooter/Ressources/StarterContent/Textures/T_Wood_Oak_D.T_Wood_Oak_D,False,,"{""__audit_error__"": ""'AssetData' object has no attribute 'tags_and_values'""}"
/Game,T_Wood_Oak_N,Texture2D,/Game/TopDownShooter/Ressources/StarterContent/Textures/T_Wood_Oak_N,/Game/TopDownShooter/Ressources/StarterContent/Textures,/Game/TopDownShooter/Ressources/StarterContent/Textures/T_Wood_Oak_N.T_Wood_Oak_N,False,,"{""__audit_error__"": ""'AssetData' object has no attribute 'tags_and_values'""}"
/Game,T_Wood_Pine_D,Texture2D,/Game/TopDownShooter/Ressources/StarterContent/Textures/T_Wood_Pine_D,/Game/TopDownShooter/Ressources/StarterContent/Textures,/Game/TopDownShooter/Ressources/StarterContent/Textures/T_Wood_Pine_D.T_Wood_Pine_D,False,,"{""__audit_error__"": ""'AssetData' object has no attribute 'tags_and_values'""}"
/Game,T_Wood_Pine_N,Texture2D,/Game/TopDownShooter/Ressources/StarterContent/Textures/T_Wood_Pine_N,/Game/TopDownShooter/Ressources/StarterContent/Textures,/Game/TopDownShooter/Ressources/StarterContent/Textures/T_Wood_Pine_N.T_Wood_Pine_N,False,,"{""__audit_error__"": ""'AssetData' object has no attribute 'tags_and_values'""}"
/Game,T_Wood_Walnut_D,Texture2D,/Game/TopDownShooter/Ressources/StarterContent/Textures/T_Wood_Walnut_D,/Game/TopDownShooter/Ressources/StarterContent/Textures,/Game/TopDownShooter/Ressources/StarterContent/Textures/T_Wood_Walnut_D.T_Wood_Walnut_D,False,,"{""__audit_error__"": ""'AssetData' object has no attribute 'tags_and_values'""}"
/Game,T_Wood_Walnut_N,Texture2D,/Game/TopDownShooter/Ressources/StarterContent/Textures/T_Wood_Walnut_N,/Game/TopDownShooter/Ressources/StarterContent/Textures,/Game/TopDownShooter/Ressources/StarterContent/Textures/T_Wood_Walnut_N.T_Wood_Walnut_N,False,,"{""__audit_error__"": ""'AssetData' object has no attribute 'tags_and_values'""}"
