review_id,kind,category,pack,review_state,asset_name,asset_class,object_path,source_score,source_score_reasons
M0001,MESH,barrier_fence,Street_Props_Pack_V1,PENDING,SM_Barrier,StaticMesh,/Game/Street_Props_Pack_V1/Mesh/SM_Barrier.SM_Barrier,40,keyword:barrier;static_mesh;preferred_street_props_pack;mesh_naming;normal_path_depth
M0002,MESH,barrier_fence,Street_Props_Pack_V1,PENDING,SM_barrier_2,StaticMesh,/Game/Street_Props_Pack_V1/Mesh/SM_barrier_2.SM_barrier_2,40,keyword:barrier;static_mesh;preferred_street_props_pack;mesh_naming;normal_path_depth
M0003,MESH,barrier_fence,Street_Props_Pack_V1,PENDING,SM_barrier_3_A,StaticMesh,/Game/Street_Props_Pack_V1/Mesh/SM_barrier_3_A.SM_barrier_3_A,40,keyword:barrier;static_mesh;preferred_street_props_pack;mesh_naming;normal_path_depth
M0004,MESH,barrier_fence,Street_Props_Pack_V1,PENDING,SM_barrier_3_B,StaticMesh,/Game/Street_Props_Pack_V1/Mesh/SM_barrier_3_B.SM_barrier_3_B,40,keyword:barrier;static_mesh;preferred_street_props_pack;mesh_naming;normal_path_depth
M0005,MESH,barrier_fence,Street_Props_Pack_V1,PENDING,SM_barrier_5,StaticMesh,/Game/Street_Props_Pack_V1/Mesh/SM_barrier_5.SM_barrier_5,40,keyword:barrier;static_mesh;preferred_street_props_pack;mesh_naming;normal_path_depth
M0006,MESH,barrier_fence,Street_Props_Pack_V1,PENDING,SM_barrier_6,StaticMesh,/Game/Street_Props_Pack_V1/Mesh/SM_barrier_6.SM_barrier_6,40,keyword:barrier;static_mesh;preferred_street_props_pack;mesh_naming;normal_path_depth
M0007,MESH,barrier_fence,Street_Props_Pack_V1,PENDING,SM_barrier_7_A,StaticMesh,/Game/Street_Props_Pack_V1/Mesh/SM_barrier_7_A.SM_barrier_7_A,40,keyword:barrier;static_mesh;preferred_street_props_pack;mesh_naming;normal_path_depth
M0008,MESH,barrier_fence,Street_Props_Pack_V1,PENDING,SM_barrier_7_B,StaticMesh,/Game/Street_Props_Pack_V1/Mesh/SM_barrier_7_B.SM_barrier_7_B,40,keyword:barrier;static_mesh;preferred_street_props_pack;mesh_naming;normal_path_depth
M0009,MESH,barrier_fence,Street_Props_Pack_V1,PENDING,SM_barrier_7_C,StaticMesh,/Game/Street_Props_Pack_V1/Mesh/SM_barrier_7_C.SM_barrier_7_C,40,keyword:barrier;static_mesh;preferred_street_props_pack;mesh_naming;normal_path_depth
M0010,MESH,barrier_fence,Street_Props_Pack_V1,PENDING,SM_barrier_8,StaticMesh,/Game/Street_Props_Pack_V1/Mesh/SM_barrier_8.SM_barrier_8,40,keyword:barrier;static_mesh;preferred_street_props_pack;mesh_naming;normal_path_depth
M0011,MESH,barrier_fence,Street_Props_Pack_V1,PENDING,SM_Fence_1,StaticMesh,/Game/Street_Props_Pack_V1/Mesh/SM_Fence_1.SM_Fence_1,40,keyword:fence;static_mesh;preferred_street_props_pack;mesh_naming;normal_path_depth
M0012,MESH,barrier_fence,Street_Props_Pack_V1,PENDING,SM_Fence_2,StaticMesh,/Game/Street_Props_Pack_V1/Mesh/SM_Fence_2.SM_Fence_2,40,keyword:fence;static_mesh;preferred_street_props_pack;mesh_naming;normal_path_depth
M0013,MESH,barrier_fence,Street_Props_Pack_V1,PENDING,SM_Fence_3,StaticMesh,/Game/Street_Props_Pack_V1/Mesh/SM_Fence_3.SM_Fence_3,40,keyword:fence;static_mesh;preferred_street_props_pack;mesh_naming;normal_path_depth
M0014,MESH,barrier_fence,Street_Props_Pack_V1,PENDING,SM_Fence_4,StaticMesh,/Game/Street_Props_Pack_V1/Mesh/SM_Fence_4.SM_Fence_4,40,keyword:fence;static_mesh;preferred_street_props_pack;mesh_naming;normal_path_depth
M0015,MESH,barrier_fence,Street_Props_Pack_V1,PENDING,SM_Fence_5,StaticMesh,/Game/Street_Props_Pack_V1/Mesh/SM_Fence_5.SM_Fence_5,40,keyword:fence;static_mesh;preferred_street_props_pack;mesh_naming;normal_path_depth
M0016,MESH,barrier_fence,Street_Props_Pack_V1,PENDING,SM_Fence_6_A,StaticMesh,/Game/Street_Props_Pack_V1/Mesh/SM_Fence_6_A.SM_Fence_6_A,40,keyword:fence;static_mesh;preferred_street_props_pack;mesh_naming;normal_path_depth
M0017,MESH,barrier_fence,Street_Props_Pack_V1,PENDING,SM_Fence_6_B,StaticMesh,/Game/Street_Props_Pack_V1/Mesh/SM_Fence_6_B.SM_Fence_6_B,40,keyword:fence;static_mesh;preferred_street_props_pack;mesh_naming;normal_path_depth
M0018,MESH,barrier_fence,Street_Props_Pack_V1,PENDING,SM_Fence_6_C,StaticMesh,/Game/Street_Props_Pack_V1/Mesh/SM_Fence_6_C.SM_Fence_6_C,40,keyword:fence;static_mesh;preferred_street_props_pack;mesh_naming;normal_path_depth
M0019,MESH,barrier_fence,Street_Props_Pack_V1,PENDING,SM_Fence_7,StaticMesh,/Game/Street_Props_Pack_V1/Mesh/SM_Fence_7.SM_Fence_7,40,keyword:fence;static_mesh;preferred_street_props_pack;mesh_naming;normal_path_depth
M0020,MESH,barrier_fence,Street_Props_Pack_V1,PENDING,SM_Fence_8_A,StaticMesh,/Game/Street_Props_Pack_V1/Mesh/SM_Fence_8_A.SM_Fence_8_A,40,keyword:fence;static_mesh;preferred_street_props_pack;mesh_naming;normal_path_depth
M0021,MESH,barrier_fence,Street_Props_Pack_V1,PENDING,SM_Fence_8_B,StaticMesh,/Game/Street_Props_Pack_V1/Mesh/SM_Fence_8_B.SM_Fence_8_B,40,keyword:fence;static_mesh;preferred_street_props_pack;mesh_naming;normal_path_depth
M0022,MESH,barrier_fence,Street_Props_Pack_V1,PENDING,SM_Fence_8_C,StaticMesh,/Game/Street_Props_Pack_V1/Mesh/SM_Fence_8_C.SM_Fence_8_C,40,keyword:fence;static_mesh;preferred_street_props_pack;mesh_naming;normal_path_depth
M0023,MESH,street_prop,Street_Props_Pack_V1,PENDING,SM_Bench,StaticMesh,/Game/Street_Props_Pack_V1/Mesh/SM_Bench.SM_Bench,40,keyword:bench;static_mesh;preferred_street_props_pack;mesh_naming;normal_path_depth
M0024,MESH,street_prop,Street_Props_Pack_V1,PENDING,SM_Bench_2,StaticMesh,/Game/Street_Props_Pack_V1/Mesh/SM_Bench_2.SM_Bench_2,40,keyword:bench;static_mesh;preferred_street_props_pack;mesh_naming;normal_path_depth
M0025,MESH,street_prop,Street_Props_Pack_V1,PENDING,SM_Sign_1,StaticMesh,/Game/Street_Props_Pack_V1/Mesh/SM_Sign_1.SM_Sign_1,40,keyword:sign;static_mesh;preferred_street_props_pack;mesh_naming;normal_path_depth
M0026,MESH,street_prop,Street_Props_Pack_V1,PENDING,SM_Sign_2,StaticMesh,/Game/Street_Props_Pack_V1/Mesh/SM_Sign_2.SM_Sign_2,40,keyword:sign;static_mesh;preferred_street_props_pack;mesh_naming;normal_path_depth
M0027,MESH,street_prop,Street_Props_Pack_V1,PENDING,SM_Sign_3,StaticMesh,/Game/Street_Props_Pack_V1/Mesh/SM_Sign_3.SM_Sign_3,40,keyword:sign;static_mesh;preferred_street_props_pack;mesh_naming;normal_path_depth
M0028,MESH,street_prop,Street_Props_Pack_V1,PENDING,SM_Sign_4,StaticMesh,/Game/Street_Props_Pack_V1/Mesh/SM_Sign_4.SM_Sign_4,40,keyword:sign;static_mesh;preferred_street_props_pack;mesh_naming;normal_path_depth
M0029,MESH,street_prop,Street_Props_Pack_V1,PENDING,SM_Sign_5,StaticMesh,/Game/Street_Props_Pack_V1/Mesh/SM_Sign_5.SM_Sign_5,40,keyword:sign;static_mesh;preferred_street_props_pack;mesh_naming;normal_path_depth
M0030,MESH,street_prop,Street_Props_Pack_V1,PENDING,SM_Sign_6,StaticMesh,/Game/Street_Props_Pack_V1/Mesh/SM_Sign_6.SM_Sign_6,40,keyword:sign;static_mesh;preferred_street_props_pack;mesh_naming;normal_path_depth
M0031,MESH,street_prop,Street_Props_Pack_V1,PENDING,SM_Sign_7,StaticMesh,/Game/Street_Props_Pack_V1/Mesh/SM_Sign_7.SM_Sign_7,40,keyword:sign;static_mesh;preferred_street_props_pack;mesh_naming;normal_path_depth
M0032,MESH,street_prop,Street_Props_Pack_V1,PENDING,SM_Sign_8,StaticMesh,/Game/Street_Props_Pack_V1/Mesh/SM_Sign_8.SM_Sign_8,40,keyword:sign;static_mesh;preferred_street_props_pack;mesh_naming;normal_path_depth
M0033,MESH,street_prop,Street_Props_Pack_V1,PENDING,SM_Sign_9,StaticMesh,/Game/Street_Props_Pack_V1/Mesh/SM_Sign_9.SM_Sign_9,40,keyword:sign;static_mesh;preferred_street_props_pack;mesh_naming;normal_path_depth
M0034,MESH,street_prop,Street_Props_Pack_V1,PENDING,SM_Bicycle_stand_1,StaticMesh,/Game/Street_Props_Pack_V1/Mesh/SM_Bicycle_stand_1.SM_Bicycle_stand_1,32,static_mesh;preferred_street_props_pack;mesh_naming;normal_path_depth
M0035,MESH,street_prop,Street_Props_Pack_V1,PENDING,SM_Bicycle_stand_2,StaticMesh,/Game/Street_Props_Pack_V1/Mesh/SM_Bicycle_stand_2.SM_Bicycle_stand_2,32,static_mesh;preferred_street_props_pack;mesh_naming;normal_path_depth
M0036,MESH,street_prop,Street_Props_Pack_V1,PENDING,SM_Bus_stop,StaticMesh,/Game/Street_Props_Pack_V1/Mesh/SM_Bus_stop.SM_Bus_stop,32,static_mesh;preferred_street_props_pack;mesh_naming;normal_path_depth
M0037,MESH,street_prop,Street_Props_Pack_V1,PENDING,SM_Bus_Stop_2,StaticMesh,/Game/Street_Props_Pack_V1/Mesh/SM_Bus_Stop_2.SM_Bus_Stop_2,32,static_mesh;preferred_street_props_pack;mesh_naming;normal_path_depth
M0038,MESH,street_prop,Street_Props_Pack_V1,PENDING,SM_Flower_Pot,StaticMesh,/Game/Street_Props_Pack_V1/Mesh/SM_Flower_Pot.SM_Flower_Pot,32,static_mesh;preferred_street_props_pack;mesh_naming;normal_path_depth
M0039,MESH,street_prop,Street_Props_Pack_V1,PENDING,SM_Flower_Pot_2,StaticMesh,/Game/Street_Props_Pack_V1/Mesh/SM_Flower_Pot_2.SM_Flower_Pot_2,32,static_mesh;preferred_street_props_pack;mesh_naming;normal_path_depth
M0040,MESH,street_prop,Street_Props_Pack_V1,PENDING,SM_Flower_Pot_3,StaticMesh,/Game/Street_Props_Pack_V1/Mesh/SM_Flower_Pot_3.SM_Flower_Pot_3,32,static_mesh;preferred_street_props_pack;mesh_naming;normal_path_depth
M0041,MESH,street_prop,Street_Props_Pack_V1,PENDING,SM_Flower_Pot_4,StaticMesh,/Game/Street_Props_Pack_V1/Mesh/SM_Flower_Pot_4.SM_Flower_Pot_4,32,static_mesh;preferred_street_props_pack;mesh_naming;normal_path_depth
M0042,MESH,street_prop,Street_Props_Pack_V1,PENDING,SM_Lantern_1,StaticMesh,/Game/Street_Props_Pack_V1/Mesh/SM_Lantern_1.SM_Lantern_1,32,static_mesh;preferred_street_props_pack;mesh_naming;normal_path_depth
M0043,MESH,street_prop,Street_Props_Pack_V1,PENDING,SM_Pallet,StaticMesh,/Game/Street_Props_Pack_V1/Mesh/SM_Pallet.SM_Pallet,32,static_mesh;preferred_street_props_pack;mesh_naming;normal_path_depth
M0044,MESH,street_prop,Street_Props_Pack_V1,PENDING,SM_Pier,StaticMesh,/Game/Street_Props_Pack_V1/Mesh/SM_Pier.SM_Pier,32,static_mesh;preferred_street_props_pack;mesh_naming;normal_path_depth
M0045,MESH,street_prop,Street_Props_Pack_V1,PENDING,SM_Pier_2,StaticMesh,/Game/Street_Props_Pack_V1/Mesh/SM_Pier_2.SM_Pier_2,32,static_mesh;preferred_street_props_pack;mesh_naming;normal_path_depth
M0046,MESH,street_prop,Street_Props_Pack_V1,PENDING,SM_Pier_3,StaticMesh,/Game/Street_Props_Pack_V1/Mesh/SM_Pier_3.SM_Pier_3,32,static_mesh;preferred_street_props_pack;mesh_naming;normal_path_depth
M0047,MESH,street_prop,Street_Props_Pack_V1,PENDING,SM_Pier_4,StaticMesh,/Game/Street_Props_Pack_V1/Mesh/SM_Pier_4.SM_Pier_4,32,static_mesh;preferred_street_props_pack;mesh_naming;normal_path_depth
M0048,MESH,street_prop,Street_Props_Pack_V1,PENDING,SM_Pylons,StaticMesh,/Game/Street_Props_Pack_V1/Mesh/SM_Pylons.SM_Pylons,32,static_mesh;preferred_street_props_pack;mesh_naming;normal_path_depth
M0049,MESH,street_prop,Street_Props_Pack_V1,PENDING,SM_Speed_Bumber,StaticMesh,/Game/Street_Props_Pack_V1/Mesh/SM_Speed_Bumber.SM_Speed_Bumber,32,static_mesh;preferred_street_props_pack;mesh_naming;normal_path_depth
M0050,MESH,street_prop,CitySampleBuildings,PENDING,SM_BLDG_Prop_Lamp_CHA_A01_N1,StaticMesh,/Game/CitySampleBuildings/Building/CH/A/Kit_Prop_CHA/Mesh/SM_BLDG_Prop_Lamp_CHA_A01_N1.SM_BLDG_Prop_Lamp_CHA_A01_N1,22,keyword:lamp;static_mesh;mesh_naming;normal_path_depth
M0051,MESH,street_prop,CitySampleBuildings,PENDING,SM_PROP_NYA_A_Sign_01_N1,StaticMesh,/Game/CitySampleBuildings/Building/NY/A/Kit_PROP_NYA/Mesh/SM_PROP_NYA_A_Sign_01_N1.SM_PROP_NYA_A_Sign_01_N1,22,keyword:sign;static_mesh;mesh_naming;normal_path_depth
M0052,MESH,street_prop,CitySampleBuildings,PENDING,SM_PROP_NYA_A_Sign_02_N1,StaticMesh,/Game/CitySampleBuildings/Building/NY/A/Kit_PROP_NYA/Mesh/SM_PROP_NYA_A_Sign_02_N1.SM_PROP_NYA_A_Sign_02_N1,22,keyword:sign;static_mesh;mesh_naming;normal_path_depth
M0053,MESH,street_prop,CitySampleBuildings,PENDING,SM_PROP_NYA_A_Sign_03_N1,StaticMesh,/Game/CitySampleBuildings/Building/NY/A/Kit_PROP_NYA/Mesh/SM_PROP_NYA_A_Sign_03_N1.SM_PROP_NYA_A_Sign_03_N1,22,keyword:sign;static_mesh;mesh_naming;normal_path_depth
M0054,MESH,street_prop,CitySampleBuildings,PENDING,SM_PROP_NYA_A_Sign_04_N1,StaticMesh,/Game/CitySampleBuildings/Building/NY/A/Kit_PROP_NYA/Mesh/SM_PROP_NYA_A_Sign_04_N1.SM_PROP_NYA_A_Sign_04_N1,22,keyword:sign;static_mesh;mesh_naming;normal_path_depth
M0055,MESH,street_prop,CitySampleBuildings,PENDING,SM_PROP_NYA_A_Sign_05_N1,StaticMesh,/Game/CitySampleBuildings/Building/NY/A/Kit_PROP_NYA/Mesh/SM_PROP_NYA_A_Sign_05_N1.SM_PROP_NYA_A_Sign_05_N1,22,keyword:sign;static_mesh;mesh_naming;normal_path_depth
M0056,MESH,street_prop,CitySampleBuildings,PENDING,SM_BLDG_Prop_Lamp_SFB_A01,StaticMesh,/Game/CitySampleBuildings/Building/SF/B/Kit_Prop_SFB/Mesh/SM_BLDG_Prop_Lamp_SFB_A01.SM_BLDG_Prop_Lamp_SFB_A01,22,keyword:lamp;static_mesh;mesh_naming;normal_path_depth
M0057,MESH,debris_rubble,Scene_UnfinishedBuilding,PENDING,SM_Ind_Rub_Debris_Concrete_Broken_01,StaticMesh,/Game/Scene_UnfinishedBuilding/Assets/Megascans/3D_Assets/Ind_Rub_Debris_Concrete_Broken_01/SM_Ind_Rub_Debris_Concrete_Broken_01.SM_Ind_Rub_Debris_Concrete_Broken_01,50,keyword:debris;keyword:broken;static_mesh;preferred_ruin_pack;mesh_naming;normal_path_depth
M0058,MESH,debris_rubble,Scene_UnfinishedBuilding,PENDING,SM_Ind_Rub_Debris_Concrete_Broken_02,StaticMesh,/Game/Scene_UnfinishedBuilding/Assets/Megascans/3D_Assets/Ind_Rub_Debris_Concrete_Broken_02/SM_Ind_Rub_Debris_Concrete_Broken_02.SM_Ind_Rub_Debris_Concrete_Broken_02,50,keyword:debris;keyword:broken;static_mesh;preferred_ruin_pack;mesh_naming;normal_path_depth
M0059,MESH,debris_rubble,Scene_UnfinishedBuilding,PENDING,SM_Ind_Rub_Debris_Concrete_Broken_03,StaticMesh,/Game/Scene_UnfinishedBuilding/Assets/Megascans/3D_Assets/Ind_Rub_Debris_Concrete_Broken_03/SM_Ind_Rub_Debris_Concrete_Broken_03.SM_Ind_Rub_Debris_Concrete_Broken_03,50,keyword:debris;keyword:broken;static_mesh;preferred_ruin_pack;mesh_naming;normal_path_depth
M0060,MESH,debris_rubble,Scene_UnfinishedBuilding,PENDING,SM_Ind_Rub_Debris_Concrete_Broken_04,StaticMesh,/Game/Scene_UnfinishedBuilding/Assets/Megascans/3D_Assets/Ind_Rub_Debris_Concrete_Broken_04/SM_Ind_Rub_Debris_Concrete_Broken_04.SM_Ind_Rub_Debris_Concrete_Broken_04,50,keyword:debris;keyword:broken;static_mesh;preferred_ruin_pack;mesh_naming;normal_path_depth
M0061,MESH,debris_rubble,Scene_UnfinishedBuilding,PENDING,SM_Ind_Rub_Debris_Concrete_Broken_05,StaticMesh,/Game/Scene_UnfinishedBuilding/Assets/Megascans/3D_Assets/Ind_Rub_Debris_Concrete_Broken_05/SM_Ind_Rub_Debris_Concrete_Broken_05.SM_Ind_Rub_Debris_Concrete_Broken_05,50,keyword:debris;keyword:broken;static_mesh;preferred_ruin_pack;mesh_naming;normal_path_depth
M0062,MESH,debris_rubble,Scene_UnfinishedBuilding,PENDING,SM_Ind_Rub_Debris_Concrete_Broken_06,StaticMesh,/Game/Scene_UnfinishedBuilding/Assets/Megascans/3D_Assets/Ind_Rub_Debris_Concrete_Broken_06/SM_Ind_Rub_Debris_Concrete_Broken_06.SM_Ind_Rub_Debris_Concrete_Broken_06,50,keyword:debris;keyword:broken;static_mesh;preferred_ruin_pack;mesh_naming;normal_path_depth
M0063,MESH,debris_rubble,Scene_UnfinishedBuilding,PENDING,SM_Ind_Con_Pile_Rubble_Gravel_Patch_01,StaticMesh,/Game/Scene_UnfinishedBuilding/Assets/Megascans/3D_Assets/Ind_Con_Pile_Rubble_Gravel_Patch_01/SM_Ind_Con_Pile_Rubble_Gravel_Patch_01.SM_Ind_Con_Pile_Rubble_Gravel_Patch_01,42,keyword:rubble;static_mesh;preferred_ruin_pack;mesh_naming;normal_path_depth
M0064,MESH,debris_rubble,Scene_UnfinishedBuilding,PENDING,SM_Ind_Con_Storeage_Sack_Debris_M_01,StaticMesh,/Game/Scene_UnfinishedBuilding/Assets/Megascans/3D_Assets/Ind_Con_Storeage_Sack_Debris_M_01/SM_Ind_Con_Storeage_Sack_Debris_M_01.SM_Ind_Con_Storeage_Sack_Debris_M_01,42,keyword:debris;static_mesh;preferred_ruin_pack;mesh_naming;normal_path_depth
M0065,MESH,debris_rubble,Scene_UnfinishedBuilding,PENDING,SM_Ind_Rub_Debris_Concrete_S_01,StaticMesh,/Game/Scene_UnfinishedBuilding/Assets/Megascans/3D_Assets/Ind_Rub_Debris_Concrete_S_01/SM_Ind_Rub_Debris_Concrete_S_01.SM_Ind_Rub_Debris_Concrete_S_01,42,keyword:debris;static_mesh;preferred_ruin_pack;mesh_naming;normal_path_depth
M0066,MESH,debris_rubble,Scene_UnfinishedBuilding,PENDING,SM_Ind_Rub_Debris_Concrete_S_02,StaticMesh,/Game/Scene_UnfinishedBuilding/Assets/Megascans/3D_Assets/Ind_Rub_Debris_Concrete_S_02/SM_Ind_Rub_Debris_Concrete_S_02.SM_Ind_Rub_Debris_Concrete_S_02,42,keyword:debris;static_mesh;preferred_ruin_pack;mesh_naming;normal_path_depth
M0067,MESH,debris_rubble,Scene_UnfinishedBuilding,PENDING,SM_Ind_Rub_Debris_Concrete_S_03,StaticMesh,/Game/Scene_UnfinishedBuilding/Assets/Megascans/3D_Assets/Ind_Rub_Debris_Concrete_S_03/SM_Ind_Rub_Debris_Concrete_S_03.SM_Ind_Rub_Debris_Concrete_S_03,42,keyword:debris;static_mesh;preferred_ruin_pack;mesh_naming;normal_path_depth
M0068,MESH,debris_rubble,Scene_UnfinishedBuilding,PENDING,SM_Ind_Rub_Pile_Debris_Concrete_M_05,StaticMesh,/Game/Scene_UnfinishedBuilding/Assets/Megascans/3D_Assets/Ind_Rub_Pile_Debris_Concrete_M_05/SM_Ind_Rub_Pile_Debris_Concrete_M_05.SM_Ind_Rub_Pile_Debris_Concrete_M_05,42,keyword:debris;static_mesh;preferred_ruin_pack;mesh_naming;normal_path_depth
M0069,MESH,debris_rubble,Scene_UnfinishedBuilding,PENDING,SM_Ind_Rub_Pile_Debris_Gravel_M_01,StaticMesh,/Game/Scene_UnfinishedBuilding/Assets/Megascans/3D_Assets/Ind_Rub_Pile_Debris_Gravel_M_01/SM_Ind_Rub_Pile_Debris_Gravel_M_01.SM_Ind_Rub_Pile_Debris_Gravel_M_01,42,keyword:debris;static_mesh;preferred_ruin_pack;mesh_naming;normal_path_depth
M0070,MESH,debris_rubble,Street_Props_Pack_V1,PENDING,SM_Trash,StaticMesh,/Game/Street_Props_Pack_V1/Mesh/SM_Trash.SM_Trash,40,keyword:trash;static_mesh;preferred_street_props_pack;mesh_naming;normal_path_depth
M0071,MESH,debris_rubble,Street_Props_Pack_V1,PENDING,SM_Trash_2,StaticMesh,/Game/Street_Props_Pack_V1/Mesh/SM_Trash_2.SM_Trash_2,40,keyword:trash;static_mesh;preferred_street_props_pack;mesh_naming;normal_path_depth
M0072,MESH,ruin_general,Scene_UnfinishedBuilding,PENDING,SM_Ind_Rub_Block_Cinder_Concrete_Chipped_02,StaticMesh,/Game/Scene_UnfinishedBuilding/Assets/Megascans/3D_Assets/Ind_Rub_Block_Cinder_Concrete_Chipped_02/SM_Ind_Rub_Block_Cinder_Concrete_Chipped_02.SM_Ind_Rub_Block_Cinder_Concrete_Chipped_02,50,keyword:unfinished;keyword:concrete;static_mesh;preferred_ruin_pack;mesh_naming;normal_path_depth
M0073,MESH,ruin_general,Scene_UnfinishedBuilding,PENDING,SM_Ind_Rub_Block_Cinder_Concrete_Chipped_03,StaticMesh,/Game/Scene_UnfinishedBuilding/Assets/Megascans/3D_Assets/Ind_Rub_Block_Cinder_Concrete_Chipped_03/SM_Ind_Rub_Block_Cinder_Concrete_Chipped_03.SM_Ind_Rub_Block_Cinder_Concrete_Chipped_03,50,keyword:unfinished;keyword:concrete;static_mesh;preferred_ruin_pack;mesh_naming;normal_path_depth
M0074,MESH,ruin_general,Scene_UnfinishedBuilding,PENDING,SM_Ind_Rub_Pile_Concrete_M_01,StaticMesh,/Game/Scene_UnfinishedBuilding/Assets/Megascans/3D_Assets/Ind_Rub_Pile_Concrete_M_01/SM_Ind_Rub_Pile_Concrete_M_01.SM_Ind_Rub_Pile_Concrete_M_01,50,keyword:unfinished;keyword:concrete;static_mesh;preferred_ruin_pack;mesh_naming;normal_path_depth
M0075,MESH,ruin_general,Scene_UnfinishedBuilding,PENDING,SM_Ind_Rub_Pile_Concrete_M_05,StaticMesh,/Game/Scene_UnfinishedBuilding/Assets/Megascans/3D_Assets/Ind_Rub_Pile_Concrete_M_05/SM_Ind_Rub_Pile_Concrete_M_05.SM_Ind_Rub_Pile_Concrete_M_05,50,keyword:unfinished;keyword:concrete;static_mesh;preferred_ruin_pack;mesh_naming;normal_path_depth
M0076,MESH,ruin_general,Scene_UnfinishedBuilding,PENDING,SM_Ind_Unf_Wire,StaticMesh,/Game/Scene_UnfinishedBuilding/Assets/Blueprints/Ind_Unf_Wire/SM_Ind_Unf_Wire.SM_Ind_Unf_Wire,42,keyword:unfinished;static_mesh;preferred_ruin_pack;mesh_naming;normal_path_depth
M0077,MESH,ruin_general,Scene_UnfinishedBuilding,PENDING,SM_Ind_Unf_GlowPlane_01,StaticMesh,/Game/Scene_UnfinishedBuilding/Assets/Custom/Inf_Unf_GlowPlane/SM_Ind_Unf_GlowPlane_01.SM_Ind_Unf_GlowPlane_01,42,keyword:unfinished;static_mesh;preferred_ruin_pack;mesh_naming;normal_path_depth
M0078,MESH,ruin_general,Scene_UnfinishedBuilding,PENDING,SM_Ind_Fac_Container_Drum_Metal_Worn_02,StaticMesh,/Game/Scene_UnfinishedBuilding/Assets/Megascans/3D_Assets/Ind_Fac_Container_Drum_Metal_Worn_02/SM_Ind_Fac_Container_Drum_Metal_Worn_02.SM_Ind_Fac_Container_Drum_Metal_Worn_02,42,keyword:unfinished;static_mesh;preferred_ruin_pack;mesh_naming;normal_path_depth
M0079,MESH,ruin_general,Scene_UnfinishedBuilding,PENDING,SM_Ind_War_Storage_Pallet_Wood_Worn_01,StaticMesh,/Game/Scene_UnfinishedBuilding/Assets/Megascans/3D_Assets/Ind_War_Storage_Pallet_Wood_Worn_01/SM_Ind_War_Storage_Pallet_Wood_Worn_01.SM_Ind_War_Storage_Pallet_Wood_Worn_01,42,keyword:unfinished;static_mesh;preferred_ruin_pack;mesh_naming;normal_path_depth
M0080,MESH,ruin_general,Scene_UnfinishedBuilding,PENDING,SM_Ind_War_Storage_Sheet_Cardboard_Flattened_02,StaticMesh,/Game/Scene_UnfinishedBuilding/Assets/Megascans/3D_Assets/Ind_War_Storage_Sheet_Cardboard_Flattened_02/SM_Ind_War_Storage_Sheet_Cardboard_Flattened_02.SM_Ind_War_Storage_Sheet_Cardboard_Flattened_02,42,keyword:unfinished;static_mesh;preferred_ruin_pack;mesh_naming;normal_path_depth
M0081,MESH,ruin_general,Scene_UnfinishedBuilding,PENDING,SM_Ind_War_Storage_Sheet_Cardboard_Flattened_04,StaticMesh,/Game/Scene_UnfinishedBuilding/Assets/Megascans/3D_Assets/Ind_War_Storage_Sheet_Cardboard_Flattened_04/SM_Ind_War_Storage_Sheet_Cardboard_Flattened_04.SM_Ind_War_Storage_Sheet_Cardboard_Flattened_04,42,keyword:unfinished;static_mesh;preferred_ruin_pack;mesh_naming;normal_path_depth
M0082,MESH,ruin_general,Scene_UnfinishedBuilding,PENDING,SM_Ind_War_Storage_Sheet_Cardboard_Flattened_05,StaticMesh,/Game/Scene_UnfinishedBuilding/Assets/Megascans/3D_Assets/Ind_War_Storage_Sheet_Cardboard_Flattened_05/SM_Ind_War_Storage_Sheet_Cardboard_Flattened_05.SM_Ind_War_Storage_Sheet_Cardboard_Flattened_05,42,keyword:unfinished;static_mesh;preferred_ruin_pack;mesh_naming;normal_path_depth
M0083,MESH,ruin_general,Scene_UnfinishedBuilding,PENDING,Splitter_Wall2,StaticMesh,/Game/Scene_UnfinishedBuilding/VisualFramework/DemoRoom/Meshes/Splitter_Wall2.Splitter_Wall2,39,keyword:unfinished;keyword:wall;static_mesh;preferred_ruin_pack;penalty:demo;normal_path_depth
M0084,MESH,ruin_general,Scene_UnfinishedBuilding,PENDING,Tile_10MWall,StaticMesh,/Game/Scene_UnfinishedBuilding/VisualFramework/DemoRoom/Meshes/Tile_10MWall.Tile_10MWall,39,keyword:unfinished;keyword:wall;static_mesh;preferred_ruin_pack;penalty:demo;normal_path_depth
M0085,MESH,ruin_general,Scene_UnfinishedBuilding,PENDING,SM_DisplayFrame_Corner,StaticMesh,/Game/Scene_UnfinishedBuilding/VisualFramework/DemoRoom/Meshes/SM_DisplayFrame_Corner.SM_DisplayFrame_Corner,36,keyword:unfinished;static_mesh;preferred_ruin_pack;mesh_naming;penalty:demo;normal_path_depth
M0086,MESH,ruin_general,Scene_UnfinishedBuilding,PENDING,SM_DisplayFrame_Corner_Bottom,StaticMesh,/Game/Scene_UnfinishedBuilding/VisualFramework/DemoRoom/Meshes/SM_DisplayFrame_Corner_Bottom.SM_DisplayFrame_Corner_Bottom,36,keyword:unfinished;static_mesh;preferred_ruin_pack;mesh_naming;penalty:demo;normal_path_depth
M0087,MESH,ruin_general,Scene_UnfinishedBuilding,PENDING,SM_DisplayFrame_Corner_Top,StaticMesh,/Game/Scene_UnfinishedBuilding/VisualFramework/DemoRoom/Meshes/SM_DisplayFrame_Corner_Top.SM_DisplayFrame_Corner_Top,36,keyword:unfinished;static_mesh;preferred_ruin_pack;mesh_naming;penalty:demo;normal_path_depth
M0088,MESH,ruin_general,Scene_UnfinishedBuilding,PENDING,SM_DisplayFrame_Side,StaticMesh,/Game/Scene_UnfinishedBuilding/VisualFramework/DemoRoom/Meshes/SM_DisplayFrame_Side.SM_DisplayFrame_Side,36,keyword:unfinished;static_mesh;preferred_ruin_pack;mesh_naming;penalty:demo;normal_path_depth
M0089,MESH,ruin_general,Scene_UnfinishedBuilding,PENDING,SM_DisplayFrame_Side_Bottom,StaticMesh,/Game/Scene_UnfinishedBuilding/VisualFramework/DemoRoom/Meshes/SM_DisplayFrame_Side_Bottom.SM_DisplayFrame_Side_Bottom,36,keyword:unfinished;static_mesh;preferred_ruin_pack;mesh_naming;penalty:demo;normal_path_depth
M0090,MESH,ruin_general,Scene_UnfinishedBuilding,PENDING,SM_DisplayFrame_Side_Top,StaticMesh,/Game/Scene_UnfinishedBuilding/VisualFramework/DemoRoom/Meshes/SM_DisplayFrame_Side_Top.SM_DisplayFrame_Side_Top,36,keyword:unfinished;static_mesh;preferred_ruin_pack;mesh_naming;penalty:demo;normal_path_depth
M0091,MESH,ruin_general,Scene_UnfinishedBuilding,PENDING,Display_Corner_B,StaticMesh,/Game/Scene_UnfinishedBuilding/VisualFramework/DemoRoom/Meshes/Display_Corner_B.Display_Corner_B,31,keyword:unfinished;static_mesh;preferred_ruin_pack;penalty:demo;normal_path_depth
M0092,MESH,ruin_general,Scene_UnfinishedBuilding,PENDING,Display_Corner_C,StaticMesh,/Game/Scene_UnfinishedBuilding/VisualFramework/DemoRoom/Meshes/Display_Corner_C.Display_Corner_C,31,keyword:unfinished;static_mesh;preferred_ruin_pack;penalty:demo;normal_path_depth
M0093,MESH,ruin_general,Scene_UnfinishedBuilding,PENDING,Display_Curve_B,StaticMesh,/Game/Scene_UnfinishedBuilding/VisualFramework/DemoRoom/Meshes/Display_Curve_B.Display_Curve_B,31,keyword:unfinished;static_mesh;preferred_ruin_pack;penalty:demo;normal_path_depth
M0094,MESH,ruin_general,Scene_UnfinishedBuilding,PENDING,Display_Curve_C,StaticMesh,/Game/Scene_UnfinishedBuilding/VisualFramework/DemoRoom/Meshes/Display_Curve_C.Display_Curve_C,31,keyword:unfinished;static_mesh;preferred_ruin_pack;penalty:demo;normal_path_depth
M0095,MESH,ruin_general,Scene_UnfinishedBuilding,PENDING,Display_EdgeCurve_B,StaticMesh,/Game/Scene_UnfinishedBuilding/VisualFramework/DemoRoom/Meshes/Display_EdgeCurve_B.Display_EdgeCurve_B,31,keyword:unfinished;static_mesh;preferred_ruin_pack;penalty:demo;normal_path_depth
M0096,MESH,ruin_general,Scene_UnfinishedBuilding,PENDING,Display_EdgeCurve_C,StaticMesh,/Game/Scene_UnfinishedBuilding/VisualFramework/DemoRoom/Meshes/Display_EdgeCurve_C.Display_EdgeCurve_C,31,keyword:unfinished;static_mesh;preferred_ruin_pack;penalty:demo;normal_path_depth
M0097,MESH,ruin_general,Scene_UnfinishedBuilding,PENDING,Display_Main_B,StaticMesh,/Game/Scene_UnfinishedBuilding/VisualFramework/DemoRoom/Meshes/Display_Main_B.Display_Main_B,31,keyword:unfinished;static_mesh;preferred_ruin_pack;penalty:demo;normal_path_depth
M0098,MESH,ruin_general,Scene_UnfinishedBuilding,PENDING,Display_Main_C,StaticMesh,/Game/Scene_UnfinishedBuilding/VisualFramework/DemoRoom/Meshes/Display_Main_C.Display_Main_C,31,keyword:unfinished;static_mesh;preferred_ruin_pack;penalty:demo;normal_path_depth
M0099,MESH,ruin_general,Scene_UnfinishedBuilding,PENDING,Display_Side_B,StaticMesh,/Game/Scene_UnfinishedBuilding/VisualFramework/DemoRoom/Meshes/Display_Side_B.Display_Side_B,31,keyword:unfinished;static_mesh;preferred_ruin_pack;penalty:demo;normal_path_depth
M0100,MESH,ruin_general,Scene_UnfinishedBuilding,PENDING,Display_Side_C,StaticMesh,/Game/Scene_UnfinishedBuilding/VisualFramework/DemoRoom/Meshes/Display_Side_C.Display_Side_C,31,keyword:unfinished;static_mesh;preferred_ruin_pack;penalty:demo;normal_path_depth
M0101,MESH,ruin_general,Scene_UnfinishedBuilding,PENDING,Pipe,StaticMesh,/Game/Scene_UnfinishedBuilding/VisualFramework/DemoRoom/Meshes/Pipe.Pipe,31,keyword:unfinished;static_mesh;preferred_ruin_pack;penalty:demo;normal_path_depth
M0102,MESH,ruin_general,Scene_UnfinishedBuilding,PENDING,Podium_01,StaticMesh,/Game/Scene_UnfinishedBuilding/VisualFramework/DemoRoom/Meshes/Podium_01.Podium_01,31,keyword:unfinished;static_mesh;preferred_ruin_pack;penalty:demo;normal_path_depth
M0103,MESH,ruin_general,Scene_UnfinishedBuilding,PENDING,Podium_02,StaticMesh,/Game/Scene_UnfinishedBuilding/VisualFramework/DemoRoom/Meshes/Podium_02.Podium_02,31,keyword:unfinished;static_mesh;preferred_ruin_pack;penalty:demo;normal_path_depth
M0104,MESH,vehicle,CitySampleVehicles,PENDING,SM_All_Trans_vehVan_vehicle01,StaticMesh,/Game/CitySampleVehicles/vehicle01_Van/Mesh/SM_All_Trans_vehVan_vehicle01.SM_All_Trans_vehVan_vehicle01,46,keyword:van;keyword:vehicle;static_mesh;preferred_vehicle_pack;mesh_naming;normal_path_depth
M0105,MESH,vehicle,CitySampleVehicles,PENDING,SM_All_Trans_vehCar_vehicle02,StaticMesh,/Game/CitySampleVehicles/vehicle02_Car/Mesh/SM_All_Trans_vehCar_vehicle02.SM_All_Trans_vehCar_vehicle02,46,keyword:car;keyword:vehicle;static_mesh;preferred_vehicle_pack;mesh_naming;normal_path_depth
M0106,MESH,vehicle,CitySampleVehicles,PENDING,SM_All_Trans_vehCar_vehicle03,StaticMesh,/Game/CitySampleVehicles/vehicle03_Car/Mesh/SM_All_Trans_vehCar_vehicle03.SM_All_Trans_vehCar_vehicle03,46,keyword:car;keyword:vehicle;static_mesh;preferred_vehicle_pack;mesh_naming;normal_path_depth
M0107,MESH,vehicle,CitySampleVehicles,PENDING,SM_All_Trans_vehTruck_vehicle04,StaticMesh,/Game/CitySampleVehicles/vehicle04_Truck/Mesh/SM_All_Trans_vehTruck_vehicle04.SM_All_Trans_vehTruck_vehicle04,46,keyword:truck;keyword:vehicle;static_mesh;preferred_vehicle_pack;mesh_naming;normal_path_depth
M0108,MESH,vehicle,CitySampleVehicles,PENDING,SM_All_Trans_vehCar_vehicle05,StaticMesh,/Game/CitySampleVehicles/vehicle05_Car/Mesh/SM_All_Trans_vehCar_vehicle05.SM_All_Trans_vehCar_vehicle05,46,keyword:car;keyword:vehicle;static_mesh;preferred_vehicle_pack;mesh_naming;normal_path_depth
M0109,MESH,vehicle,CitySampleVehicles,PENDING,SM_All_Trans_vehCar_vehicle06,StaticMesh,/Game/CitySampleVehicles/vehicle06_Car/Mesh/SM_All_Trans_vehCar_vehicle06.SM_All_Trans_vehCar_vehicle06,46,keyword:car;keyword:vehicle;static_mesh;preferred_vehicle_pack;mesh_naming;normal_path_depth
M0110,MESH,vehicle,CitySampleVehicles,PENDING,SM_All_Trans_vehCar_vehicle07,StaticMesh,/Game/CitySampleVehicles/vehicle07_Car/Mesh/SM_All_Trans_vehCar_vehicle07.SM_All_Trans_vehCar_vehicle07,46,keyword:car;keyword:vehicle;static_mesh;preferred_vehicle_pack;mesh_naming;normal_path_depth
M0111,MESH,vehicle,CitySampleVehicles,PENDING,SM_vehTruck_trailer01_Trans,StaticMesh,/Game/CitySampleVehicles/vehicle08_Trailer/Mesh/SM_vehTruck_trailer01_Trans.SM_vehTruck_trailer01_Trans,46,keyword:truck;keyword:vehicle;static_mesh;preferred_vehicle_pack;mesh_naming;normal_path_depth
M0112,MESH,vehicle,CitySampleVehicles,PENDING,SM_All_Trans_vehTruck_vehicle08,StaticMesh,/Game/CitySampleVehicles/vehicle08_Truck/Mesh/SM_All_Trans_vehTruck_vehicle08.SM_All_Trans_vehTruck_vehicle08,46,keyword:truck;keyword:vehicle;static_mesh;preferred_vehicle_pack;mesh_naming;normal_path_depth
M0113,MESH,vehicle,CitySampleVehicles,PENDING,SM_All_Trans_vehVan_vehicle09,StaticMesh,/Game/CitySampleVehicles/vehicle09_Van/Mesh/SM_All_Trans_vehVan_vehicle09.SM_All_Trans_vehVan_vehicle09,46,keyword:van;keyword:vehicle;static_mesh;preferred_vehicle_pack;mesh_naming;normal_path_depth
M0114,MESH,vehicle,CitySampleVehicles,PENDING,SM_vehBus_vehicle10_Trans,StaticMesh,/Game/CitySampleVehicles/vehicle10_Bus/Mesh/SM_vehBus_vehicle10_Trans.SM_vehBus_vehicle10_Trans,46,keyword:bus;keyword:vehicle;static_mesh;preferred_vehicle_pack;mesh_naming;normal_path_depth
M0115,MESH,vehicle,CitySampleVehicles,PENDING,SM_All_Trans_vehTruck_vehicle11,StaticMesh,/Game/CitySampleVehicles/vehicle11_Truck/Mesh/SM_All_Trans_vehTruck_vehicle11.SM_All_Trans_vehTruck_vehicle11,46,keyword:truck;keyword:vehicle;static_mesh;preferred_vehicle_pack;mesh_naming;normal_path_depth
M0116,MESH,vehicle,CitySampleVehicles,PENDING,SM_All_Trans_vehCar_vehicle12,StaticMesh,/Game/CitySampleVehicles/vehicle12_Car/Mesh/SM_All_Trans_vehCar_vehicle12.SM_All_Trans_vehCar_vehicle12,46,keyword:car;keyword:vehicle;static_mesh;preferred_vehicle_pack;mesh_naming;normal_path_depth
M0117,MESH,vehicle,CitySampleVehicles,PENDING,SM_All_Trans_vehCar_vehicle13,StaticMesh,/Game/CitySampleVehicles/vehicle13_Car/Mesh/SM_All_Trans_vehCar_vehicle13.SM_All_Trans_vehCar_vehicle13,46,keyword:car;keyword:vehicle;static_mesh;preferred_vehicle_pack;mesh_naming;normal_path_depth
M0118,MESH,vehicle,CitySampleVehicles,PENDING,lightBar_01_trans,StaticMesh,/Game/CitySampleVehicles/vehicle13_Car/Mesh/Transparent/lightBar_01_trans.lightBar_01_trans,41,keyword:car;keyword:vehicle;static_mesh;preferred_vehicle_pack;normal_path_depth
M0119,MESH,vehicle,CitySampleVehicles,PENDING,SKM_vehVan_vehicle01,SkeletalMesh,/Game/CitySampleVehicles/vehicle01_Van/Mesh/SKM_vehVan_vehicle01.SKM_vehVan_vehicle01,39,keyword:van;keyword:vehicle;vehicle_skeletal_mesh;preferred_vehicle_pack;normal_path_depth
M0120,MESH,vehicle,CitySampleVehicles,PENDING,SKM_vehCar_vehicle02,SkeletalMesh,/Game/CitySampleVehicles/vehicle02_Car/Mesh/SKM_vehCar_vehicle02.SKM_vehCar_vehicle02,39,keyword:car;keyword:vehicle;vehicle_skeletal_mesh;preferred_vehicle_pack;normal_path_depth
M0121,MESH,vehicle,CitySampleVehicles,PENDING,SKM_vehCar_vehicle03,SkeletalMesh,/Game/CitySampleVehicles/vehicle03_Car/Mesh/SKM_vehCar_vehicle03.SKM_vehCar_vehicle03,39,keyword:car;keyword:vehicle;vehicle_skeletal_mesh;preferred_vehicle_pack;normal_path_depth
M0122,MESH,vehicle,CitySampleVehicles,PENDING,SKM_vehTruck_vehicle04,SkeletalMesh,/Game/CitySampleVehicles/vehicle04_Truck/Mesh/SKM_vehTruck_vehicle04.SKM_vehTruck_vehicle04,39,keyword:truck;keyword:vehicle;vehicle_skeletal_mesh;preferred_vehicle_pack;normal_path_depth
M0123,MESH,vehicle,CitySampleVehicles,PENDING,SKM_vehCar_vehicle05,SkeletalMesh,/Game/CitySampleVehicles/vehicle05_Car/Mesh/SKM_vehCar_vehicle05.SKM_vehCar_vehicle05,39,keyword:car;keyword:vehicle;vehicle_skeletal_mesh;preferred_vehicle_pack;normal_path_depth
M0124,MESH,vehicle,CitySampleVehicles,PENDING,SKM_vehCar_vehicle06,SkeletalMesh,/Game/CitySampleVehicles/vehicle06_Car/Mesh/SKM_vehCar_vehicle06.SKM_vehCar_vehicle06,39,keyword:car;keyword:vehicle;vehicle_skeletal_mesh;preferred_vehicle_pack;normal_path_depth
M0125,MESH,vehicle,CitySampleVehicles,PENDING,SKM_vehCar_vehicle07,SkeletalMesh,/Game/CitySampleVehicles/vehicle07_Car/Mesh/SKM_vehCar_vehicle07.SKM_vehCar_vehicle07,39,keyword:car;keyword:vehicle;vehicle_skeletal_mesh;preferred_vehicle_pack;normal_path_depth
M0126,MESH,vehicle,CitySampleVehicles,PENDING,SKM_vehTruck_trailer01,SkeletalMesh,/Game/CitySampleVehicles/vehicle08_Trailer/Mesh/SKM_vehTruck_trailer01.SKM_vehTruck_trailer01,39,keyword:truck;keyword:vehicle;vehicle_skeletal_mesh;preferred_vehicle_pack;normal_path_depth
M0127,MESH,vehicle,CitySampleVehicles,PENDING,SKM_vehTruck_vehicle08,SkeletalMesh,/Game/CitySampleVehicles/vehicle08_Truck/Mesh/SKM_vehTruck_vehicle08.SKM_vehTruck_vehicle08,39,keyword:truck;keyword:vehicle;vehicle_skeletal_mesh;preferred_vehicle_pack;normal_path_depth
M0128,MESH,vehicle,CitySampleVehicles,PENDING,SKM_vehVan_vehicle09,SkeletalMesh,/Game/CitySampleVehicles/vehicle09_Van/Mesh/SKM_vehVan_vehicle09.SKM_vehVan_vehicle09,39,keyword:van;keyword:vehicle;vehicle_skeletal_mesh;preferred_vehicle_pack;normal_path_depth
M0129,MESH,vehicle,CitySampleVehicles,PENDING,SKM_vehBus_vehicle10,SkeletalMesh,/Game/CitySampleVehicles/vehicle10_Bus/Mesh/SKM_vehBus_vehicle10.SKM_vehBus_vehicle10,39,keyword:bus;keyword:vehicle;vehicle_skeletal_mesh;preferred_vehicle_pack;normal_path_depth
M0130,MESH,vehicle,CitySampleVehicles,PENDING,SKM_vehTruck_vehicle11,SkeletalMesh,/Game/CitySampleVehicles/vehicle11_Truck/Mesh/SKM_vehTruck_vehicle11.SKM_vehTruck_vehicle11,39,keyword:truck;keyword:vehicle;vehicle_skeletal_mesh;preferred_vehicle_pack;normal_path_depth
M0131,MESH,stairs_traversal,Scene_UnfinishedBuilding,PENDING,SM_Ind_Con_Stairs_Concrete_Worn_01,StaticMesh,/Game/Scene_UnfinishedBuilding/Assets/Megascans/3D_Assets/Ind_Con_Stairs_Concrete_Worn_01/SM_Ind_Con_Stairs_Concrete_Worn_01.SM_Ind_Con_Stairs_Concrete_Worn_01,30,keyword:stair;keyword:stairs;static_mesh;mesh_naming;normal_path_depth
M0132,MESH,stairs_traversal,Scene_UnfinishedBuilding,PENDING,SM_Ind_Unf_StairBase_01,StaticMesh,/Game/Scene_UnfinishedBuilding/Assets/Custom/Ind_Unf__StairBase_01/SM_Ind_Unf_StairBase_01.SM_Ind_Unf_StairBase_01,22,keyword:stair;static_mesh;mesh_naming;normal_path_depth
M0133,MESH,stairs_traversal,Scene_UnfinishedBuilding,PENDING,SM_Ind_Unf_StairBase_02,StaticMesh,/Game/Scene_UnfinishedBuilding/Assets/Custom/Ind_Unf__StairBase_01/SM_Ind_Unf_StairBase_02.SM_Ind_Unf_StairBase_02,22,keyword:stair;static_mesh;mesh_naming;normal_path_depth
M0134,MESH,door_window,CitySampleBuildings,PENDING,SM_BLDG_CHA_L01_A_Entrance_01_N1,StaticMesh,/Game/CitySampleBuildings/Building/CH/A/Kit_Bldg_CHa_L1_A/Mesh/SM_BLDG_CHA_L01_A_Entrance_01_N1.SM_BLDG_CHA_L01_A_Entrance_01_N1,32,keyword:entrance;static_mesh;preferred_city_pack;mesh_naming;normal_path_depth
M0135,MESH,door_window,CitySampleBuildings,PENDING,SM_BLDG_CHA_L02_A_Entrance_01_N1,StaticMesh,/Game/CitySampleBuildings/Building/CH/A/Kit_Bldg_CHA_L2_A/Mesh/SM_BLDG_CHA_L02_A_Entrance_01_N1.SM_BLDG_CHA_L02_A_Entrance_01_N1,32,keyword:entrance;static_mesh;preferred_city_pack;mesh_naming;normal_path_depth
M0136,MESH,door_window,CitySampleBuildings,PENDING,SM_BLDG_CHB_L01_A_Entrance_01_N1,StaticMesh,/Game/CitySampleBuildings/Building/CH/B/Kit_Bldg_CHB_L1_A/Mesh/SM_BLDG_CHB_L01_A_Entrance_01_N1.SM_BLDG_CHB_L01_A_Entrance_01_N1,32,keyword:entrance;static_mesh;preferred_city_pack;mesh_naming;normal_path_depth
M0137,MESH,door_window,CitySampleBuildings,PENDING,SM_BLDG_CHB_L03_A_Entrance_01_N1,StaticMesh,/Game/CitySampleBuildings/Building/CH/B/Kit_Bldg_CHB_L3_A/Mesh/SM_BLDG_CHB_L03_A_Entrance_01_N1.SM_BLDG_CHB_L03_A_Entrance_01_N1,32,keyword:entrance;static_mesh;preferred_city_pack;mesh_naming;normal_path_depth
M0138,MESH,door_window,CitySampleBuildings,PENDING,SM_BLDG_CHB_L03_A_Entrance_02_N1,StaticMesh,/Game/CitySampleBuildings/Building/CH/B/Kit_Bldg_CHB_L3_A/Mesh/SM_BLDG_CHB_L03_A_Entrance_02_N1.SM_BLDG_CHB_L03_A_Entrance_02_N1,32,keyword:entrance;static_mesh;preferred_city_pack;mesh_naming;normal_path_depth
M0139,MESH,door_window,CitySampleBuildings,PENDING,SM_BLDG_CHC_L01_A_Entrance_01_N1,StaticMesh,/Game/CitySampleBuildings/Building/CH/C/Kit_Bldg_CHC_L1_A/Mesh/SM_BLDG_CHC_L01_A_Entrance_01_N1.SM_BLDG_CHC_L01_A_Entrance_01_N1,32,keyword:entrance;static_mesh;preferred_city_pack;mesh_naming;normal_path_depth
M0140,MESH,door_window,CitySampleBuildings,PENDING,SM_BLDG_CHC_L02_A_Entrance_01_N1,StaticMesh,/Game/CitySampleBuildings/Building/CH/C/Kit_Bldg_CHC_L2_A/Mesh/SM_BLDG_CHC_L02_A_Entrance_01_N1.SM_BLDG_CHC_L02_A_Entrance_01_N1,32,keyword:entrance;static_mesh;preferred_city_pack;mesh_naming;normal_path_depth
M0141,MESH,door_window,CitySampleBuildings,PENDING,SM_BLDG_CHC_L03_A_Entrance_01_N1,StaticMesh,/Game/CitySampleBuildings/Building/CH/C/Kit_Bldg_CHC_L3_A/Mesh/SM_BLDG_CHC_L03_A_Entrance_01_N1.SM_BLDG_CHC_L03_A_Entrance_01_N1,32,keyword:entrance;static_mesh;preferred_city_pack;mesh_naming;normal_path_depth
M0142,MESH,door_window,CitySampleBuildings,PENDING,SM_BLDG_CHC_L05_A_Entrance_01_N1,StaticMesh,/Game/CitySampleBuildings/Building/CH/C/Kit_Bldg_CHC_L5_A/Mesh/SM_BLDG_CHC_L05_A_Entrance_01_N1.SM_BLDG_CHC_L05_A_Entrance_01_N1,32,keyword:entrance;static_mesh;preferred_city_pack;mesh_naming;normal_path_depth
M0143,MESH,door_window,CitySampleBuildings,PENDING,SM_BLDG_CHD_L1_A_Entrance_01_N1,StaticMesh,/Game/CitySampleBuildings/Building/CH/D/Kit_Bldg_CHD_L1_A/Mesh/SM_BLDG_CHD_L1_A_Entrance_01_N1.SM_BLDG_CHD_L1_A_Entrance_01_N1,32,keyword:entrance;static_mesh;preferred_city_pack;mesh_naming;normal_path_depth
M0144,MESH,door_window,CitySampleBuildings,PENDING,SM_BLDG_CHE_L1_A_Entrance_01_N1,StaticMesh,/Game/CitySampleBuildings/Building/CH/E/Kit_Bldg_CHE_L1_A/Mesh/SM_BLDG_CHE_L1_A_Entrance_01_N1.SM_BLDG_CHE_L1_A_Entrance_01_N1,32,keyword:entrance;static_mesh;preferred_city_pack;mesh_naming;normal_path_depth
M0145,MESH,door_window,CitySampleBuildings,PENDING,SM_BLDG_CHE_L1_A_Entrance_02_N1,StaticMesh,/Game/CitySampleBuildings/Building/CH/E/Kit_Bldg_CHE_L1_A/Mesh/SM_BLDG_CHE_L1_A_Entrance_02_N1.SM_BLDG_CHE_L1_A_Entrance_02_N1,32,keyword:entrance;static_mesh;preferred_city_pack;mesh_naming;normal_path_depth
M0146,MESH,door_window,CitySampleBuildings,PENDING,SM_BLDG_CHE_L1_A_Entrance_03_N1,StaticMesh,/Game/CitySampleBuildings/Building/CH/E/Kit_Bldg_CHE_L1_A/Mesh/SM_BLDG_CHE_L1_A_Entrance_03_N1.SM_BLDG_CHE_L1_A_Entrance_03_N1,32,keyword:entrance;static_mesh;preferred_city_pack;mesh_naming;normal_path_depth
M0147,MESH,door_window,CitySampleBuildings,PENDING,SM_BLDG_CHE_L1_A_Entrance_04_N1,StaticMesh,/Game/CitySampleBuildings/Building/CH/E/Kit_Bldg_CHE_L1_A/Mesh/SM_BLDG_CHE_L1_A_Entrance_04_N1.SM_BLDG_CHE_L1_A_Entrance_04_N1,32,keyword:entrance;static_mesh;preferred_city_pack;mesh_naming;normal_path_depth
M0148,MESH,door_window,CitySampleBuildings,PENDING,SM_BLDG_CHE_L1_A_Entrance_05_N1,StaticMesh,/Game/CitySampleBuildings/Building/CH/E/Kit_Bldg_CHE_L1_A/Mesh/SM_BLDG_CHE_L1_A_Entrance_05_N1.SM_BLDG_CHE_L1_A_Entrance_05_N1,32,keyword:entrance;static_mesh;preferred_city_pack;mesh_naming;normal_path_depth
M0149,MESH,door_window,CitySampleBuildings,PENDING,SM_BLDG_CHE_L1_A_Entrance_06_N1,StaticMesh,/Game/CitySampleBuildings/Building/CH/E/Kit_Bldg_CHE_L1_A/Mesh/SM_BLDG_CHE_L1_A_Entrance_06_N1.SM_BLDG_CHE_L1_A_Entrance_06_N1,32,keyword:entrance;static_mesh;preferred_city_pack;mesh_naming;normal_path_depth
M0150,MESH,door_window,CitySampleBuildings,PENDING,SM_BLDG_CHE_L2_A_Entrance_02_N1,StaticMesh,/Game/CitySampleBuildings/Building/CH/E/Kit_Bldg_CHE_L2_A/Mesh/SM_BLDG_CHE_L2_A_Entrance_02_N1.SM_BLDG_CHE_L2_A_Entrance_02_N1,32,keyword:entrance;static_mesh;preferred_city_pack;mesh_naming;normal_path_depth
M0151,MESH,door_window,CitySampleBuildings,PENDING,SM_BLDG_CHE_L2_A_Entrance_03_N1,StaticMesh,/Game/CitySampleBuildings/Building/CH/E/Kit_Bldg_CHE_L2_A/Mesh/SM_BLDG_CHE_L2_A_Entrance_03_N1.SM_BLDG_CHE_L2_A_Entrance_03_N1,32,keyword:entrance;static_mesh;preferred_city_pack;mesh_naming;normal_path_depth
M0152,MESH,door_window,CitySampleBuildings,PENDING,SM_BLDG_CHF_L01_A_Entrance_01_N1,StaticMesh,/Game/CitySampleBuildings/Building/CH/F/Kit_Bldg_CHF_L1_A/Mesh/SM_BLDG_CHF_L01_A_Entrance_01_N1.SM_BLDG_CHF_L01_A_Entrance_01_N1,32,keyword:entrance;static_mesh;preferred_city_pack;mesh_naming;normal_path_depth
M0153,MESH,door_window,CitySampleBuildings,PENDING,SM_BLDG_CHF_L01_A_Entrance_02_N1,StaticMesh,/Game/CitySampleBuildings/Building/CH/F/Kit_Bldg_CHF_L1_A/Mesh/SM_BLDG_CHF_L01_A_Entrance_02_N1.SM_BLDG_CHF_L01_A_Entrance_02_N1,32,keyword:entrance;static_mesh;preferred_city_pack;mesh_naming;normal_path_depth
M0154,MESH,door_window,CitySampleBuildings,PENDING,SM_BLDG_CHG_L01_A_Entrance_01_N1,StaticMesh,/Game/CitySampleBuildings/Building/CH/G/Kit_Bldg_CHG_L1_A/Mesh/SM_BLDG_CHG_L01_A_Entrance_01_N1.SM_BLDG_CHG_L01_A_Entrance_01_N1,32,keyword:entrance;static_mesh;preferred_city_pack;mesh_naming;normal_path_depth
M0155,MESH,door_window,CitySampleBuildings,PENDING,SM_BLDG_CHI_L1_A_Entrance_01_N1,StaticMesh,/Game/CitySampleBuildings/Building/CH/I/Kit_Bldg_CHI_L1_A/Mesh/SM_BLDG_CHI_L1_A_Entrance_01_N1.SM_BLDG_CHI_L1_A_Entrance_01_N1,32,keyword:entrance;static_mesh;preferred_city_pack;mesh_naming;normal_path_depth
M0156,MESH,door_window,CitySampleBuildings,PENDING,SM_BLDG_CHI_L1_A_Entrance_02_N1,StaticMesh,/Game/CitySampleBuildings/Building/CH/I/Kit_Bldg_CHI_L1_A/Mesh/SM_BLDG_CHI_L1_A_Entrance_02_N1.SM_BLDG_CHI_L1_A_Entrance_02_N1,32,keyword:entrance;static_mesh;preferred_city_pack;mesh_naming;normal_path_depth
M0157,MESH,door_window,CitySampleBuildings,PENDING,SM_BLDG_CHJ_L1_A1_Entrance_01_N1,StaticMesh,/Game/CitySampleBuildings/Building/CH/J/Kit_Bldg_CHJ_L1_A/Mesh/SM_BLDG_CHJ_L1_A1_Entrance_01_N1.SM_BLDG_CHJ_L1_A1_Entrance_01_N1,32,keyword:entrance;static_mesh;preferred_city_pack;mesh_naming;normal_path_depth
M0158,MESH,door_window,CitySampleBuildings,PENDING,SM_BLDG_NYA_L1_A_Entrance_01_N1,StaticMesh,/Game/CitySampleBuildings/Building/NY/A/Kit_Bldg_NYA_L1_A/Mesh/SM_BLDG_NYA_L1_A_Entrance_01_N1.SM_BLDG_NYA_L1_A_Entrance_01_N1,32,keyword:entrance;static_mesh;preferred_city_pack;mesh_naming;normal_path_depth
M0159,MESH,door_window,CitySampleBuildings,PENDING,SM_BLDG_NYA_L1_A_Entrance_02_N1,StaticMesh,/Game/CitySampleBuildings/Building/NY/A/Kit_Bldg_NYA_L1_A/Mesh/SM_BLDG_NYA_L1_A_Entrance_02_N1.SM_BLDG_NYA_L1_A_Entrance_02_N1,32,keyword:entrance;static_mesh;preferred_city_pack;mesh_naming;normal_path_depth
M0160,MESH,door_window,CitySampleBuildings,PENDING,SM_BLDG_NYA_L1_A_Entrance_03_N1,StaticMesh,/Game/CitySampleBuildings/Building/NY/A/Kit_Bldg_NYA_L1_A/Mesh/SM_BLDG_NYA_L1_A_Entrance_03_N1.SM_BLDG_NYA_L1_A_Entrance_03_N1,32,keyword:entrance;static_mesh;preferred_city_pack;mesh_naming;normal_path_depth
M0161,MESH,door_window,CitySampleBuildings,PENDING,SM_BLDG_NYA_L1_A_Entrance_04_N1,StaticMesh,/Game/CitySampleBuildings/Building/NY/A/Kit_Bldg_NYA_L1_A/Mesh/SM_BLDG_NYA_L1_A_Entrance_04_N1.SM_BLDG_NYA_L1_A_Entrance_04_N1,32,keyword:entrance;static_mesh;preferred_city_pack;mesh_naming;normal_path_depth
M0162,MESH,door_window,CitySampleBuildings,PENDING,SM_BLDG_NYA_L1_A_Entrance_05_N1,StaticMesh,/Game/CitySampleBuildings/Building/NY/A/Kit_Bldg_NYA_L1_A/Mesh/SM_BLDG_NYA_L1_A_Entrance_05_N1.SM_BLDG_NYA_L1_A_Entrance_05_N1,32,keyword:entrance;static_mesh;preferred_city_pack;mesh_naming;normal_path_depth
M0163,MESH,door_window,CitySampleBuildings,PENDING,SM_BLDG_NYA_L1_A_Entrance_06_N1,StaticMesh,/Game/CitySampleBuildings/Building/NY/A/Kit_Bldg_NYA_L1_A/Mesh/SM_BLDG_NYA_L1_A_Entrance_06_N1.SM_BLDG_NYA_L1_A_Entrance_06_N1,32,keyword:entrance;static_mesh;preferred_city_pack;mesh_naming;normal_path_depth
M0164,MESH,door_window,CitySampleBuildings,PENDING,SM_BLDG_NYA_L1_A_Entrance_13_N1,StaticMesh,/Game/CitySampleBuildings/Building/NY/A/Kit_Bldg_NYA_L1_A/Mesh/SM_BLDG_NYA_L1_A_Entrance_13_N1.SM_BLDG_NYA_L1_A_Entrance_13_N1,32,keyword:entrance;static_mesh;preferred_city_pack;mesh_naming;normal_path_depth
M0165,MESH,door_window,CitySampleBuildings,PENDING,SM_BLDG_NYA_L1_A_Entrance_14_N1,StaticMesh,/Game/CitySampleBuildings/Building/NY/A/Kit_Bldg_NYA_L1_A/Mesh/SM_BLDG_NYA_L1_A_Entrance_14_N1.SM_BLDG_NYA_L1_A_Entrance_14_N1,32,keyword:entrance;static_mesh;preferred_city_pack;mesh_naming;normal_path_depth
M0166,MESH,door_window,CitySampleBuildings,PENDING,SM_BLDG_NYA_L1_A_Entrance_16_N1,StaticMesh,/Game/CitySampleBuildings/Building/NY/A/Kit_Bldg_NYA_L1_A/Mesh/SM_BLDG_NYA_L1_A_Entrance_16_N1.SM_BLDG_NYA_L1_A_Entrance_16_N1,32,keyword:entrance;static_mesh;preferred_city_pack;mesh_naming;normal_path_depth
M0167,MESH,door_window,CitySampleBuildings,PENDING,SM_BLDG_NYA_L1_B_Entrance_01_N1,StaticMesh,/Game/CitySampleBuildings/Building/NY/A/Kit_Bldg_NYA_L1_B/Mesh/SM_BLDG_NYA_L1_B_Entrance_01_N1.SM_BLDG_NYA_L1_B_Entrance_01_N1,32,keyword:entrance;static_mesh;preferred_city_pack;mesh_naming;normal_path_depth
M0168,MESH,door_window,CitySampleBuildings,PENDING,SM_BLDG_NYA_L1_B_Entrance_02_N1,StaticMesh,/Game/CitySampleBuildings/Building/NY/A/Kit_Bldg_NYA_L1_B/Mesh/SM_BLDG_NYA_L1_B_Entrance_02_N1.SM_BLDG_NYA_L1_B_Entrance_02_N1,32,keyword:entrance;static_mesh;preferred_city_pack;mesh_naming;normal_path_depth
M0169,MESH,door_window,CitySampleBuildings,PENDING,SM_BLDG_NYA_L1_B_Entrance_03_N1,StaticMesh,/Game/CitySampleBuildings/Building/NY/A/Kit_Bldg_NYA_L1_B/Mesh/SM_BLDG_NYA_L1_B_Entrance_03_N1.SM_BLDG_NYA_L1_B_Entrance_03_N1,32,keyword:entrance;static_mesh;preferred_city_pack;mesh_naming;normal_path_depth
M0170,MESH,roof,CitySampleBuildings,PENDING,Disc_37428A25,StaticMesh,/Game/CitySampleBuildings/Building/Library/Kit_Hero_Bldg/MeshRoof/Disc_37428A25.Disc_37428A25,27,keyword:roof;static_mesh;preferred_city_pack;normal_path_depth
M0171,MESH,roof,CitySampleBuildings,PENDING,Rectangle_2EBA0992,StaticMesh,/Game/CitySampleBuildings/Building/Library/Kit_Hero_Bldg/MeshRoof/Rectangle_2EBA0992.Rectangle_2EBA0992,27,keyword:roof;static_mesh;preferred_city_pack;normal_path_depth
M0172,MESH,roof,CitySampleBuildings,PENDING,Roof_CHB_Ref_01,StaticMesh,/Game/CitySampleBuildings/Building/Library/Kit_Hero_Bldg/MeshRoof/Roof_CHB_Ref_01.Roof_CHB_Ref_01,27,keyword:roof;static_mesh;preferred_city_pack;normal_path_depth
M0173,MESH,roof,CitySampleBuildings,PENDING,Roof_CHB_Ref_02,StaticMesh,/Game/CitySampleBuildings/Building/Library/Kit_Hero_Bldg/MeshRoof/Roof_CHB_Ref_02.Roof_CHB_Ref_02,27,keyword:roof;static_mesh;preferred_city_pack;normal_path_depth
M0174,MESH,roof,CitySampleBuildings,PENDING,Roof_HeroBlockThreeBldg_A01_01,StaticMesh,/Game/CitySampleBuildings/Building/Library/Kit_Hero_Bldg/MeshRoof/Roof_HeroBlockThreeBldg_A01_01.Roof_HeroBlockThreeBldg_A01_01,27,keyword:roof;static_mesh;preferred_city_pack;normal_path_depth
M0175,MESH,roof,CitySampleBuildings,PENDING,Roof_HeroBlockThreeBldg_A01_02,StaticMesh,/Game/CitySampleBuildings/Building/Library/Kit_Hero_Bldg/MeshRoof/Roof_HeroBlockThreeBldg_A01_02.Roof_HeroBlockThreeBldg_A01_02,27,keyword:roof;static_mesh;preferred_city_pack;normal_path_depth
M0176,MESH,roof,CitySampleBuildings,PENDING,Roof_HeroBlockThreeBldg_A01_03,StaticMesh,/Game/CitySampleBuildings/Building/Library/Kit_Hero_Bldg/MeshRoof/Roof_HeroBlockThreeBldg_A01_03.Roof_HeroBlockThreeBldg_A01_03,27,keyword:roof;static_mesh;preferred_city_pack;normal_path_depth
M0177,MESH,roof,CitySampleBuildings,PENDING,Roof_HeroBlockThreeBldg_A01_04,StaticMesh,/Game/CitySampleBuildings/Building/Library/Kit_Hero_Bldg/MeshRoof/Roof_HeroBlockThreeBldg_A01_04.Roof_HeroBlockThreeBldg_A01_04,27,keyword:roof;static_mesh;preferred_city_pack;normal_path_depth
M0178,MESH,roof,CitySampleBuildings,PENDING,Roof_HeroBlockThreeBldg_A01_05,StaticMesh,/Game/CitySampleBuildings/Building/Library/Kit_Hero_Bldg/MeshRoof/Roof_HeroBlockThreeBldg_A01_05.Roof_HeroBlockThreeBldg_A01_05,27,keyword:roof;static_mesh;preferred_city_pack;normal_path_depth
M0179,MESH,roof,CitySampleBuildings,PENDING,Roof_HeroChase_A01_01,StaticMesh,/Game/CitySampleBuildings/Building/Library/Kit_Hero_Bldg/MeshRoof/Roof_HeroChase_A01_01.Roof_HeroChase_A01_01,27,keyword:roof;static_mesh;preferred_city_pack;normal_path_depth
M0180,MESH,roof,CitySampleBuildings,PENDING,Roof_HeroChase_A01_02,StaticMesh,/Game/CitySampleBuildings/Building/Library/Kit_Hero_Bldg/MeshRoof/Roof_HeroChase_A01_02.Roof_HeroChase_A01_02,27,keyword:roof;static_mesh;preferred_city_pack;normal_path_depth
M0181,MESH,roof,CitySampleBuildings,PENDING,Roof_HeroFWYClover_01_01,StaticMesh,/Game/CitySampleBuildings/Building/Library/Kit_Hero_Bldg/MeshRoof/Roof_HeroFWYClover_01_01.Roof_HeroFWYClover_01_01,27,keyword:roof;static_mesh;preferred_city_pack;normal_path_depth
M0182,MESH,roof,CitySampleBuildings,PENDING,Roof_HeroFWYClover_02_01,StaticMesh,/Game/CitySampleBuildings/Building/Library/Kit_Hero_Bldg/MeshRoof/Roof_HeroFWYClover_02_01.Roof_HeroFWYClover_02_01,27,keyword:roof;static_mesh;preferred_city_pack;normal_path_depth
M0183,MESH,roof,CitySampleBuildings,PENDING,Roof_HeroLowCHGModern_A01_01,StaticMesh,/Game/CitySampleBuildings/Building/Library/Kit_Hero_Bldg/MeshRoof/Roof_HeroLowCHGModern_A01_01.Roof_HeroLowCHGModern_A01_01,27,keyword:roof;static_mesh;preferred_city_pack;normal_path_depth
M0184,MESH,roof,CitySampleBuildings,PENDING,Roof_HeroMid_NYG_Modern_A01_01,StaticMesh,/Game/CitySampleBuildings/Building/Library/Kit_Hero_Bldg/MeshRoof/Roof_HeroMid_NYG_Modern_A01_01.Roof_HeroMid_NYG_Modern_A01_01,27,keyword:roof;static_mesh;preferred_city_pack;normal_path_depth
M0185,MESH,roof,CitySampleBuildings,PENDING,Roof_HeroMidNYGTriangleB01_01,StaticMesh,/Game/CitySampleBuildings/Building/Library/Kit_Hero_Bldg/MeshRoof/Roof_HeroMidNYGTriangleB01_01.Roof_HeroMidNYGTriangleB01_01,27,keyword:roof;static_mesh;preferred_city_pack;normal_path_depth
M0186,MESH,roof,CitySampleBuildings,PENDING,Roof_HeroMidNYGTriangleB01_02,StaticMesh,/Game/CitySampleBuildings/Building/Library/Kit_Hero_Bldg/MeshRoof/Roof_HeroMidNYGTriangleB01_02.Roof_HeroMidNYGTriangleB01_02,27,keyword:roof;static_mesh;preferred_city_pack;normal_path_depth
M0187,MESH,roof,CitySampleBuildings,PENDING,Roof_HeroMidNYGTriangleB01_03,StaticMesh,/Game/CitySampleBuildings/Building/Library/Kit_Hero_Bldg/MeshRoof/Roof_HeroMidNYGTriangleB01_03.Roof_HeroMidNYGTriangleB01_03,27,keyword:roof;static_mesh;preferred_city_pack;normal_path_depth
M0188,MESH,roof,CitySampleBuildings,PENDING,Roof_HeroMidSFATriangle_A01_01,StaticMesh,/Game/CitySampleBuildings/Building/Library/Kit_Hero_Bldg/MeshRoof/Roof_HeroMidSFATriangle_A01_01.Roof_HeroMidSFATriangle_A01_01,27,keyword:roof;static_mesh;preferred_city_pack;normal_path_depth
M0189,MESH,roof,CitySampleBuildings,PENDING,Roof_HeroMidSFATriangle_A01_02,StaticMesh,/Game/CitySampleBuildings/Building/Library/Kit_Hero_Bldg/MeshRoof/Roof_HeroMidSFATriangle_A01_02.Roof_HeroMidSFATriangle_A01_02,27,keyword:roof;static_mesh;preferred_city_pack;normal_path_depth
M0190,MESH,roof,CitySampleBuildings,PENDING,Roof_HeroMidSFCTriangleB01_01,StaticMesh,/Game/CitySampleBuildings/Building/Library/Kit_Hero_Bldg/MeshRoof/Roof_HeroMidSFCTriangleB01_01.Roof_HeroMidSFCTriangleB01_01,27,keyword:roof;static_mesh;preferred_city_pack;normal_path_depth
M0191,MESH,roof,CitySampleBuildings,PENDING,Roof_HeroMidSFCTriangleB01_02,StaticMesh,/Game/CitySampleBuildings/Building/Library/Kit_Hero_Bldg/MeshRoof/Roof_HeroMidSFCTriangleB01_02.Roof_HeroMidSFCTriangleB01_02,27,keyword:roof;static_mesh;preferred_city_pack;normal_path_depth
M0192,MESH,roof,CitySampleBuildings,PENDING,Roof_HeroMidSFCTriangleB01_03,StaticMesh,/Game/CitySampleBuildings/Building/Library/Kit_Hero_Bldg/MeshRoof/Roof_HeroMidSFCTriangleB01_03.Roof_HeroMidSFCTriangleB01_03,27,keyword:roof;static_mesh;preferred_city_pack;normal_path_depth
M0193,MESH,roof,CitySampleBuildings,PENDING,Roof_HeroMidSFCTriangleB01_04,StaticMesh,/Game/CitySampleBuildings/Building/Library/Kit_Hero_Bldg/MeshRoof/Roof_HeroMidSFCTriangleB01_04.Roof_HeroMidSFCTriangleB01_04,27,keyword:roof;static_mesh;preferred_city_pack;normal_path_depth
M0194,MESH,structural,Scene_UnfinishedBuilding,PENDING,SM_Ind_Con_Beams_Ceiling_Concrete_Rough_01,StaticMesh,/Game/Scene_UnfinishedBuilding/Assets/Megascans/3D_Assets/Ind_Con_Beams_Ceiling_Concrete_Rough_01/SM_Ind_Con_Beams_Ceiling_Concrete_Rough_01.SM_Ind_Con_Beams_Ceiling_Concrete_Rough_01,50,keyword:beam;keyword:ceiling;static_mesh;preferred_ruin_pack;mesh_naming;normal_path_depth
M0195,MESH,structural,Scene_UnfinishedBuilding,PENDING,SM_Ind_Con_Beams_Ceiling_Concrete_Rough_02,StaticMesh,/Game/Scene_UnfinishedBuilding/Assets/Megascans/3D_Assets/Ind_Con_Beams_Ceiling_Concrete_Rough_02/SM_Ind_Con_Beams_Ceiling_Concrete_Rough_02.SM_Ind_Con_Beams_Ceiling_Concrete_Rough_02,50,keyword:beam;keyword:ceiling;static_mesh;preferred_ruin_pack;mesh_naming;normal_path_depth
M0196,MESH,structural,Scene_UnfinishedBuilding,PENDING,SM_Ind_Con_Beams_Ceiling_Concrete_Rough_03,StaticMesh,/Game/Scene_UnfinishedBuilding/Assets/Megascans/3D_Assets/Ind_Con_Beams_Ceiling_Concrete_Rough_03/SM_Ind_Con_Beams_Ceiling_Concrete_Rough_03.SM_Ind_Con_Beams_Ceiling_Concrete_Rough_03,50,keyword:beam;keyword:ceiling;static_mesh;preferred_ruin_pack;mesh_naming;normal_path_depth
M0197,MESH,structural,Scene_UnfinishedBuilding,PENDING,SM_Ind_Con_Beams_Ceiling_Concrete_Worn_01,StaticMesh,/Game/Scene_UnfinishedBuilding/Assets/Megascans/3D_Assets/Ind_Con_Beams_Ceiling_Concrete_Worn_01/SM_Ind_Con_Beams_Ceiling_Concrete_Worn_01.SM_Ind_Con_Beams_Ceiling_Concrete_Worn_01,50,keyword:beam;keyword:ceiling;static_mesh;preferred_ruin_pack;mesh_naming;normal_path_depth
M0198,MESH,structural,Scene_UnfinishedBuilding,PENDING,SM_Ind_Con_Beams_Ceiling_Concrete_Worn_02,StaticMesh,/Game/Scene_UnfinishedBuilding/Assets/Megascans/3D_Assets/Ind_Con_Beams_Ceiling_Concrete_Worn_02/SM_Ind_Con_Beams_Ceiling_Concrete_Worn_02.SM_Ind_Con_Beams_Ceiling_Concrete_Worn_02,50,keyword:beam;keyword:ceiling;static_mesh;preferred_ruin_pack;mesh_naming;normal_path_depth
M0199,MESH,structural,Scene_UnfinishedBuilding,PENDING,SM_Ind_Con_Beams_Ceiling_Concrete_Worn_03,StaticMesh,/Game/Scene_UnfinishedBuilding/Assets/Megascans/3D_Assets/Ind_Con_Beams_Ceiling_Concrete_Worn_03/SM_Ind_Con_Beams_Ceiling_Concrete_Worn_03.SM_Ind_Con_Beams_Ceiling_Concrete_Worn_03,50,keyword:beam;keyword:ceiling;static_mesh;preferred_ruin_pack;mesh_naming;normal_path_depth
M0200,MESH,structural,Scene_UnfinishedBuilding,PENDING,SM_Ind_Unf_FloorPlane_01,StaticMesh,/Game/Scene_UnfinishedBuilding/Assets/Custom/Ind_Unf__FloorPlane_01/SM_Ind_Unf_FloorPlane_01.SM_Ind_Unf_FloorPlane_01,42,keyword:floor;static_mesh;preferred_ruin_pack;mesh_naming;normal_path_depth
M0201,MESH,structural,Scene_UnfinishedBuilding,PENDING,SM_Ind_Unf_FloorPlane_02,StaticMesh,/Game/Scene_UnfinishedBuilding/Assets/Custom/Ind_Unf__FloorPlane_02/SM_Ind_Unf_FloorPlane_02.SM_Ind_Unf_FloorPlane_02,42,keyword:floor;static_mesh;preferred_ruin_pack;mesh_naming;normal_path_depth
M0202,MESH,structural,Scene_UnfinishedBuilding,PENDING,SM_Ind_Unf_Pillar_01,StaticMesh,/Game/Scene_UnfinishedBuilding/Assets/Custom/Ind_Unf__Pillar_01/SM_Ind_Unf_Pillar_01.SM_Ind_Unf_Pillar_01,42,keyword:pillar;static_mesh;preferred_ruin_pack;mesh_naming;normal_path_depth
M0203,MESH,structural,Scene_UnfinishedBuilding,PENDING,SM_Ind_Unf_Ceiling_01,StaticMesh,/Game/Scene_UnfinishedBuilding/Assets/Custom/Ind_Unf_Ceiling_01/SM_Ind_Unf_Ceiling_01.SM_Ind_Unf_Ceiling_01,42,keyword:ceiling;static_mesh;preferred_ruin_pack;mesh_naming;normal_path_depth
M0204,MESH,structural,Scene_UnfinishedBuilding,PENDING,SM_Ind_Con_Pillar_Concrete_Round_01,StaticMesh,/Game/Scene_UnfinishedBuilding/Assets/Megascans/3D_Assets/Ind_Con_Pillar_Concrete_Round_01/SM_Ind_Con_Pillar_Concrete_Round_01.SM_Ind_Con_Pillar_Concrete_Round_01,42,keyword:pillar;static_mesh;preferred_ruin_pack;mesh_naming;normal_path_depth
M0205,MESH,structural,Scene_UnfinishedBuilding,PENDING,SM_Ind_Con_Pillar_Round_Concrete_01,StaticMesh,/Game/Scene_UnfinishedBuilding/Assets/Megascans/3D_Assets/Ind_Con_Pillar_Round_Concrete_01/SM_Ind_Con_Pillar_Round_Concrete_01.SM_Ind_Con_Pillar_Round_Concrete_01,42,keyword:pillar;static_mesh;preferred_ruin_pack;mesh_naming;normal_path_depth
M0206,MESH,structural,Scene_UnfinishedBuilding,PENDING,SM_Ind_Con_Pillar_Round_Concrete_02,StaticMesh,/Game/Scene_UnfinishedBuilding/Assets/Megascans/3D_Assets/Ind_Con_Pillar_Round_Concrete_02/SM_Ind_Con_Pillar_Round_Concrete_02.SM_Ind_Con_Pillar_Round_Concrete_02,42,keyword:pillar;static_mesh;preferred_ruin_pack;mesh_naming;normal_path_depth
M0207,MESH,structural,Scene_UnfinishedBuilding,PENDING,SM_Ind_Con_Pillar_Square_Concrete_Stained_01,StaticMesh,/Game/Scene_UnfinishedBuilding/Assets/Megascans/3D_Assets/Ind_Con_Pillar_Square_Concrete_Stained_01/SM_Ind_Con_Pillar_Square_Concrete_Stained_01.SM_Ind_Con_Pillar_Square_Concrete_Stained_01,42,keyword:pillar;static_mesh;preferred_ruin_pack;mesh_naming;normal_path_depth
M0208,MESH,structural,Scene_UnfinishedBuilding,PENDING,SM_Ind_War_Light_Ceiling_Metal_Hanging_02,StaticMesh,/Game/Scene_UnfinishedBuilding/Assets/Megascans/3D_Assets/Ind_War_Light_Ceiling_Metal_Hanging_02/SM_Ind_War_Light_Ceiling_Metal_Hanging_02.SM_Ind_War_Light_Ceiling_Metal_Hanging_02,42,keyword:ceiling;static_mesh;preferred_ruin_pack;mesh_naming;normal_path_depth
M0209,MESH,structural,CitySampleBuildings,PENDING,SM_BLDG_CHA_L10_A_Column_01_N1,StaticMesh,/Game/CitySampleBuildings/Building/CH/A/Kit_Bldg_CHA_L10_A/Mesh/SM_BLDG_CHA_L10_A_Column_01_N1.SM_BLDG_CHA_L10_A_Column_01_N1,32,keyword:column;static_mesh;preferred_city_pack;mesh_naming;normal_path_depth
M0210,MESH,structural,CitySampleBuildings,PENDING,SM_BLDG_CHA_L11_A_Column_01_N1,StaticMesh,/Game/CitySampleBuildings/Building/CH/A/Kit_Bldg_CHA_L11_A/Mesh/SM_BLDG_CHA_L11_A_Column_01_N1.SM_BLDG_CHA_L11_A_Column_01_N1,32,keyword:column;static_mesh;preferred_city_pack;mesh_naming;normal_path_depth
M0211,MESH,structural,CitySampleBuildings,PENDING,SM_BLDG_CHA_L12_A_Column_01_N1,StaticMesh,/Game/CitySampleBuildings/Building/CH/A/Kit_Bldg_CHA_L12_A/Mesh/SM_BLDG_CHA_L12_A_Column_01_N1.SM_BLDG_CHA_L12_A_Column_01_N1,32,keyword:column;static_mesh;preferred_city_pack;mesh_naming;normal_path_depth
M0212,MESH,structural,CitySampleBuildings,PENDING,SM_BLDG_CHA_L13_A_Column_01_N1,StaticMesh,/Game/CitySampleBuildings/Building/CH/A/Kit_Bldg_CHA_L13_A/Mesh/SM_BLDG_CHA_L13_A_Column_01_N1.SM_BLDG_CHA_L13_A_Column_01_N1,32,keyword:column;static_mesh;preferred_city_pack;mesh_naming;normal_path_depth
M0213,MESH,structural,CitySampleBuildings,PENDING,SM_BLDG_CHA_L14_A_Column_01_N1,StaticMesh,/Game/CitySampleBuildings/Building/CH/A/Kit_Bldg_CHA_L14_A/Mesh/SM_BLDG_CHA_L14_A_Column_01_N1.SM_BLDG_CHA_L14_A_Column_01_N1,32,keyword:column;static_mesh;preferred_city_pack;mesh_naming;normal_path_depth
M0214,MESH,structural,CitySampleBuildings,PENDING,SM_BLDG_CHA_L15_A_Column_01_N1,StaticMesh,/Game/CitySampleBuildings/Building/CH/A/Kit_Bldg_CHA_L15_A/Mesh/SM_BLDG_CHA_L15_A_Column_01_N1.SM_BLDG_CHA_L15_A_Column_01_N1,32,keyword:column;static_mesh;preferred_city_pack;mesh_naming;normal_path_depth
M0215,MESH,structural,CitySampleBuildings,PENDING,SM_BLDG_CHA_L16_A_Column_01_N1,StaticMesh,/Game/CitySampleBuildings/Building/CH/A/Kit_Bldg_CHA_L16_A/Mesh/SM_BLDG_CHA_L16_A_Column_01_N1.SM_BLDG_CHA_L16_A_Column_01_N1,32,keyword:column;static_mesh;preferred_city_pack;mesh_naming;normal_path_depth
M0216,MESH,structural,CitySampleBuildings,PENDING,SM_BLDG_CHA_L17_A_Column_01_N1,StaticMesh,/Game/CitySampleBuildings/Building/CH/A/Kit_Bldg_CHA_L17_A/Mesh/SM_BLDG_CHA_L17_A_Column_01_N1.SM_BLDG_CHA_L17_A_Column_01_N1,32,keyword:column;static_mesh;preferred_city_pack;mesh_naming;normal_path_depth
M0217,MESH,structural,CitySampleBuildings,PENDING,SM_BLDG_CHA_L18_A_Column_01_N1,StaticMesh,/Game/CitySampleBuildings/Building/CH/A/Kit_Bldg_CHA_L18_A/Mesh/SM_BLDG_CHA_L18_A_Column_01_N1.SM_BLDG_CHA_L18_A_Column_01_N1,32,keyword:column;static_mesh;preferred_city_pack;mesh_naming;normal_path_depth
M0218,MESH,structural,CitySampleBuildings,PENDING,SM_BLDG_CHA_L18_A_Column_02_N1,StaticMesh,/Game/CitySampleBuildings/Building/CH/A/Kit_Bldg_CHA_L18_A/Mesh/SM_BLDG_CHA_L18_A_Column_02_N1.SM_BLDG_CHA_L18_A_Column_02_N1,32,keyword:column;static_mesh;preferred_city_pack;mesh_naming;normal_path_depth
M0219,MESH,structural,CitySampleBuildings,PENDING,SM_BLDG_CHA_L01_A_Column_01_N1,StaticMesh,/Game/CitySampleBuildings/Building/CH/A/Kit_Bldg_CHa_L1_A/Mesh/SM_BLDG_CHA_L01_A_Column_01_N1.SM_BLDG_CHA_L01_A_Column_01_N1,32,keyword:column;static_mesh;preferred_city_pack;mesh_naming;normal_path_depth
M0220,MESH,structural,CitySampleBuildings,PENDING,SM_BLDG_CHA_L20_A_Column_01_N1,StaticMesh,/Game/CitySampleBuildings/Building/CH/A/Kit_Bldg_CHA_L20_A/Mesh/SM_BLDG_CHA_L20_A_Column_01_N1.SM_BLDG_CHA_L20_A_Column_01_N1,32,keyword:column;static_mesh;preferred_city_pack;mesh_naming;normal_path_depth
M0221,MESH,structural,CitySampleBuildings,PENDING,SM_BLDG_CHA_L20_A_Column_02_N1,StaticMesh,/Game/CitySampleBuildings/Building/CH/A/Kit_Bldg_CHA_L20_A/Mesh/SM_BLDG_CHA_L20_A_Column_02_N1.SM_BLDG_CHA_L20_A_Column_02_N1,32,keyword:column;static_mesh;preferred_city_pack;mesh_naming;normal_path_depth
M0222,MESH,structural,CitySampleBuildings,PENDING,SM_BLDG_CHA_L20_A_Column_03_N1,StaticMesh,/Game/CitySampleBuildings/Building/CH/A/Kit_Bldg_CHA_L20_A/Mesh/SM_BLDG_CHA_L20_A_Column_03_N1.SM_BLDG_CHA_L20_A_Column_03_N1,32,keyword:column;static_mesh;preferred_city_pack;mesh_naming;normal_path_depth
M0223,MESH,structural,CitySampleBuildings,PENDING,SM_BLDG_CHA_L21_A_Column_01_N1,StaticMesh,/Game/CitySampleBuildings/Building/CH/A/Kit_Bldg_CHa_L21_A/Mesh/SM_BLDG_CHA_L21_A_Column_01_N1.SM_BLDG_CHA_L21_A_Column_01_N1,32,keyword:column;static_mesh;preferred_city_pack;mesh_naming;normal_path_depth
M0224,MESH,structural,CitySampleBuildings,PENDING,SM_BLDG_CHA_L02_A_Column_01_N1,StaticMesh,/Game/CitySampleBuildings/Building/CH/A/Kit_Bldg_CHA_L2_A/Mesh/SM_BLDG_CHA_L02_A_Column_01_N1.SM_BLDG_CHA_L02_A_Column_01_N1,32,keyword:column;static_mesh;preferred_city_pack;mesh_naming;normal_path_depth
M0225,MESH,structural,CitySampleBuildings,PENDING,SM_BLDG_CHA_L02_A_Column_02_N1,StaticMesh,/Game/CitySampleBuildings/Building/CH/A/Kit_Bldg_CHA_L2_A/Mesh/SM_BLDG_CHA_L02_A_Column_02_N1.SM_BLDG_CHA_L02_A_Column_02_N1,32,keyword:column;static_mesh;preferred_city_pack;mesh_naming;normal_path_depth
M0226,MESH,structural,CitySampleBuildings,PENDING,SM_BLDG_CHA_L03_A_Column_01_N1,StaticMesh,/Game/CitySampleBuildings/Building/CH/A/Kit_Bldg_CHA_L3_A/Mesh/SM_BLDG_CHA_L03_A_Column_01_N1.SM_BLDG_CHA_L03_A_Column_01_N1,32,keyword:column;static_mesh;preferred_city_pack;mesh_naming;normal_path_depth
M0227,MESH,structural,CitySampleBuildings,PENDING,SM_BLDG_CHA_L03_A_Column_02_N1,StaticMesh,/Game/CitySampleBuildings/Building/CH/A/Kit_Bldg_CHA_L3_A/Mesh/SM_BLDG_CHA_L03_A_Column_02_N1.SM_BLDG_CHA_L03_A_Column_02_N1,32,keyword:column;static_mesh;preferred_city_pack;mesh_naming;normal_path_depth
M0228,MESH,structural,CitySampleBuildings,PENDING,SM_BLDG_CHA_L04_A_Column_01_N1,StaticMesh,/Game/CitySampleBuildings/Building/CH/A/Kit_Bldg_CHA_L4_A/Mesh/SM_BLDG_CHA_L04_A_Column_01_N1.SM_BLDG_CHA_L04_A_Column_01_N1,32,keyword:column;static_mesh;preferred_city_pack;mesh_naming;normal_path_depth
M0229,MESH,structural,CitySampleBuildings,PENDING,SM_BLDG_CHA_L05_A_Column_01_N1,StaticMesh,/Game/CitySampleBuildings/Building/CH/A/Kit_Bldg_CHA_L5_A/Mesh/SM_BLDG_CHA_L05_A_Column_01_N1.SM_BLDG_CHA_L05_A_Column_01_N1,32,keyword:column;static_mesh;preferred_city_pack;mesh_naming;normal_path_depth
M0230,MESH,wall_facade,CitySampleBuildings,PENDING,SM_BLDG_CHA_L10_A_Wall_01_N1,StaticMesh,/Game/CitySampleBuildings/Building/CH/A/Kit_Bldg_CHA_L10_A/Mesh/SM_BLDG_CHA_L10_A_Wall_01_N1.SM_BLDG_CHA_L10_A_Wall_01_N1,40,keyword:wall;keyword:building;static_mesh;preferred_city_pack;mesh_naming;normal_path_depth
M0231,MESH,wall_facade,CitySampleBuildings,PENDING,SM_BLDG_CHA_L11_A_Wall_01_N1,StaticMesh,/Game/CitySampleBuildings/Building/CH/A/Kit_Bldg_CHA_L11_A/Mesh/SM_BLDG_CHA_L11_A_Wall_01_N1.SM_BLDG_CHA_L11_A_Wall_01_N1,40,keyword:wall;keyword:building;static_mesh;preferred_city_pack;mesh_naming;normal_path_depth
M0232,MESH,wall_facade,CitySampleBuildings,PENDING,SM_BLDG_CHA_L11_A_Wall_02_N1,StaticMesh,/Game/CitySampleBuildings/Building/CH/A/Kit_Bldg_CHA_L11_A/Mesh/SM_BLDG_CHA_L11_A_Wall_02_N1.SM_BLDG_CHA_L11_A_Wall_02_N1,40,keyword:wall;keyword:building;static_mesh;preferred_city_pack;mesh_naming;normal_path_depth
M0233,MESH,wall_facade,CitySampleBuildings,PENDING,SM_BLDG_CHA_L12_A_Wall_01_N1,StaticMesh,/Game/CitySampleBuildings/Building/CH/A/Kit_Bldg_CHA_L12_A/Mesh/SM_BLDG_CHA_L12_A_Wall_01_N1.SM_BLDG_CHA_L12_A_Wall_01_N1,40,keyword:wall;keyword:building;static_mesh;preferred_city_pack;mesh_naming;normal_path_depth
M0234,MESH,wall_facade,CitySampleBuildings,PENDING,SM_BLDG_CHA_L13_A_Wall_01_N1,StaticMesh,/Game/CitySampleBuildings/Building/CH/A/Kit_Bldg_CHA_L13_A/Mesh/SM_BLDG_CHA_L13_A_Wall_01_N1.SM_BLDG_CHA_L13_A_Wall_01_N1,40,keyword:wall;keyword:building;static_mesh;preferred_city_pack;mesh_naming;normal_path_depth
M0235,MESH,wall_facade,CitySampleBuildings,PENDING,SM_BLDG_CHA_L14_A_Wall_01_N1,StaticMesh,/Game/CitySampleBuildings/Building/CH/A/Kit_Bldg_CHA_L14_A/Mesh/SM_BLDG_CHA_L14_A_Wall_01_N1.SM_BLDG_CHA_L14_A_Wall_01_N1,40,keyword:wall;keyword:building;static_mesh;preferred_city_pack;mesh_naming;normal_path_depth
M0236,MESH,wall_facade,CitySampleBuildings,PENDING,SM_BLDG_CHA_L15_A_Wall_01_N1,StaticMesh,/Game/CitySampleBuildings/Building/CH/A/Kit_Bldg_CHA_L15_A/Mesh/SM_BLDG_CHA_L15_A_Wall_01_N1.SM_BLDG_CHA_L15_A_Wall_01_N1,40,keyword:wall;keyword:building;static_mesh;preferred_city_pack;mesh_naming;normal_path_depth
M0237,MESH,wall_facade,CitySampleBuildings,PENDING,SM_BLDG_CHA_L16_A_Wall_01_N1,StaticMesh,/Game/CitySampleBuildings/Building/CH/A/Kit_Bldg_CHA_L16_A/Mesh/SM_BLDG_CHA_L16_A_Wall_01_N1.SM_BLDG_CHA_L16_A_Wall_01_N1,40,keyword:wall;keyword:building;static_mesh;preferred_city_pack;mesh_naming;normal_path_depth
M0238,MESH,wall_facade,CitySampleBuildings,PENDING,SM_BLDG_CHA_L17_A_Wall_01_N1,StaticMesh,/Game/CitySampleBuildings/Building/CH/A/Kit_Bldg_CHA_L17_A/Mesh/SM_BLDG_CHA_L17_A_Wall_01_N1.SM_BLDG_CHA_L17_A_Wall_01_N1,40,keyword:wall;keyword:building;static_mesh;preferred_city_pack;mesh_naming;normal_path_depth
M0239,MESH,wall_facade,CitySampleBuildings,PENDING,SM_BLDG_CHA_L17_A_Wall_02_N1,StaticMesh,/Game/CitySampleBuildings/Building/CH/A/Kit_Bldg_CHA_L17_A/Mesh/SM_BLDG_CHA_L17_A_Wall_02_N1.SM_BLDG_CHA_L17_A_Wall_02_N1,40,keyword:wall;keyword:building;static_mesh;preferred_city_pack;mesh_naming;normal_path_depth
M0240,MESH,wall_facade,CitySampleBuildings,PENDING,SM_BLDG_CHA_L18_A_Wall_01_N1,StaticMesh,/Game/CitySampleBuildings/Building/CH/A/Kit_Bldg_CHA_L18_A/Mesh/SM_BLDG_CHA_L18_A_Wall_01_N1.SM_BLDG_CHA_L18_A_Wall_01_N1,40,keyword:wall;keyword:building;static_mesh;preferred_city_pack;mesh_naming;normal_path_depth
M0241,MESH,wall_facade,CitySampleBuildings,PENDING,SM_BLDG_CHA_L18_A_Wall_02_N1,StaticMesh,/Game/CitySampleBuildings/Building/CH/A/Kit_Bldg_CHA_L18_A/Mesh/SM_BLDG_CHA_L18_A_Wall_02_N1.SM_BLDG_CHA_L18_A_Wall_02_N1,40,keyword:wall;keyword:building;static_mesh;preferred_city_pack;mesh_naming;normal_path_depth
M0242,MESH,wall_facade,CitySampleBuildings,PENDING,SM_BLDG_CHA_L19_A_Wall_01_N1,StaticMesh,/Game/CitySampleBuildings/Building/CH/A/Kit_Bldg_CHA_L19_A/Mesh/SM_BLDG_CHA_L19_A_Wall_01_N1.SM_BLDG_CHA_L19_A_Wall_01_N1,40,keyword:wall;keyword:building;static_mesh;preferred_city_pack;mesh_naming;normal_path_depth
M0243,MESH,wall_facade,CitySampleBuildings,PENDING,SM_BLDG_CHA_L19_A_Wall_02_N1,StaticMesh,/Game/CitySampleBuildings/Building/CH/A/Kit_Bldg_CHA_L19_A/Mesh/SM_BLDG_CHA_L19_A_Wall_02_N1.SM_BLDG_CHA_L19_A_Wall_02_N1,40,keyword:wall;keyword:building;static_mesh;preferred_city_pack;mesh_naming;normal_path_depth
M0244,MESH,wall_facade,CitySampleBuildings,PENDING,SM_BLDG_CHA_L01_A_Wall_01_N1,StaticMesh,/Game/CitySampleBuildings/Building/CH/A/Kit_Bldg_CHa_L1_A/Mesh/SM_BLDG_CHA_L01_A_Wall_01_N1.SM_BLDG_CHA_L01_A_Wall_01_N1,40,keyword:wall;keyword:building;static_mesh;preferred_city_pack;mesh_naming;normal_path_depth
M0245,MESH,wall_facade,CitySampleBuildings,PENDING,SM_BLDG_CHA_L20_A_Wall_01_N1,StaticMesh,/Game/CitySampleBuildings/Building/CH/A/Kit_Bldg_CHA_L20_A/Mesh/SM_BLDG_CHA_L20_A_Wall_01_N1.SM_BLDG_CHA_L20_A_Wall_01_N1,40,keyword:wall;keyword:building;static_mesh;preferred_city_pack;mesh_naming;normal_path_depth
M0246,MESH,wall_facade,CitySampleBuildings,PENDING,SM_BLDG_CHA_L20_A_Wall_02_N1,StaticMesh,/Game/CitySampleBuildings/Building/CH/A/Kit_Bldg_CHA_L20_A/Mesh/SM_BLDG_CHA_L20_A_Wall_02_N1.SM_BLDG_CHA_L20_A_Wall_02_N1,40,keyword:wall;keyword:building;static_mesh;preferred_city_pack;mesh_naming;normal_path_depth
M0247,MESH,wall_facade,CitySampleBuildings,PENDING,SM_BLDG_CHA_L21_A_Wall_01_N1,StaticMesh,/Game/CitySampleBuildings/Building/CH/A/Kit_Bldg_CHa_L21_A/Mesh/SM_BLDG_CHA_L21_A_Wall_01_N1.SM_BLDG_CHA_L21_A_Wall_01_N1,40,keyword:wall;keyword:building;static_mesh;preferred_city_pack;mesh_naming;normal_path_depth
M0248,MESH,wall_facade,CitySampleBuildings,PENDING,SM_BLDG_CHA_L02_A_Wall_01_N1,StaticMesh,/Game/CitySampleBuildings/Building/CH/A/Kit_Bldg_CHA_L2_A/Mesh/SM_BLDG_CHA_L02_A_Wall_01_N1.SM_BLDG_CHA_L02_A_Wall_01_N1,40,keyword:wall;keyword:building;static_mesh;preferred_city_pack;mesh_naming;normal_path_depth
M0249,MESH,wall_facade,CitySampleBuildings,PENDING,SM_BLDG_CHA_L03_A_Wall_01_N1,StaticMesh,/Game/CitySampleBuildings/Building/CH/A/Kit_Bldg_CHA_L3_A/Mesh/SM_BLDG_CHA_L03_A_Wall_01_N1.SM_BLDG_CHA_L03_A_Wall_01_N1,40,keyword:wall;keyword:building;static_mesh;preferred_city_pack;mesh_naming;normal_path_depth
M0250,MESH,wall_facade,CitySampleBuildings,PENDING,SM_BLDG_CHA_L04_A_Wall_01_N1,StaticMesh,/Game/CitySampleBuildings/Building/CH/A/Kit_Bldg_CHA_L4_A/Mesh/SM_BLDG_CHA_L04_A_Wall_01_N1.SM_BLDG_CHA_L04_A_Wall_01_N1,40,keyword:wall;keyword:building;static_mesh;preferred_city_pack;mesh_naming;normal_path_depth
M0251,MESH,wall_facade,CitySampleBuildings,PENDING,SM_BLDG_CHA_L05_A_Wall_01_N1,StaticMesh,/Game/CitySampleBuildings/Building/CH/A/Kit_Bldg_CHA_L5_A/Mesh/SM_BLDG_CHA_L05_A_Wall_01_N1.SM_BLDG_CHA_L05_A_Wall_01_N1,40,keyword:wall;keyword:building;static_mesh;preferred_city_pack;mesh_naming;normal_path_depth
M0252,MESH,wall_facade,CitySampleBuildings,PENDING,SM_BLDG_CHA_L06_A_Wall_01_N1,StaticMesh,/Game/CitySampleBuildings/Building/CH/A/Kit_Bldg_CHA_L6_A/Mesh/SM_BLDG_CHA_L06_A_Wall_01_N1.SM_BLDG_CHA_L06_A_Wall_01_N1,40,keyword:wall;keyword:building;static_mesh;preferred_city_pack;mesh_naming;normal_path_depth
M0253,MESH,wall_facade,CitySampleBuildings,PENDING,SM_BLDG_CHA_L06_A_Wall_02_N1,StaticMesh,/Game/CitySampleBuildings/Building/CH/A/Kit_Bldg_CHA_L6_A/Mesh/SM_BLDG_CHA_L06_A_Wall_02_N1.SM_BLDG_CHA_L06_A_Wall_02_N1,40,keyword:wall;keyword:building;static_mesh;preferred_city_pack;mesh_naming;normal_path_depth
M0254,MESH,wall_facade,CitySampleBuildings,PENDING,SM_BLDG_CHA_L07_A_Wall_01_N1,StaticMesh,/Game/CitySampleBuildings/Building/CH/A/Kit_Bldg_CHA_L7_A/Mesh/SM_BLDG_CHA_L07_A_Wall_01_N1.SM_BLDG_CHA_L07_A_Wall_01_N1,40,keyword:wall;keyword:building;static_mesh;preferred_city_pack;mesh_naming;normal_path_depth
M0255,MESH,wall_facade,CitySampleBuildings,PENDING,SM_BLDG_CHA_L08_A_Wall_01_N1,StaticMesh,/Game/CitySampleBuildings/Building/CH/A/Kit_Bldg_CHA_L8_A/Mesh/SM_BLDG_CHA_L08_A_Wall_01_N1.SM_BLDG_CHA_L08_A_Wall_01_N1,40,keyword:wall;keyword:building;static_mesh;preferred_city_pack;mesh_naming;normal_path_depth
M0256,MESH,wall_facade,CitySampleBuildings,PENDING,SM_BLDG_CHA_L09_A_Wall_01_N1,StaticMesh,/Game/CitySampleBuildings/Building/CH/A/Kit_Bldg_CHA_L9_A/Mesh/SM_BLDG_CHA_L09_A_Wall_01_N1.SM_BLDG_CHA_L09_A_Wall_01_N1,40,keyword:wall;keyword:building;static_mesh;preferred_city_pack;mesh_naming;normal_path_depth
M0257,MESH,wall_facade,CitySampleBuildings,PENDING,SM_BLDG_CHB_L10_A_Wall_01_N1,StaticMesh,/Game/CitySampleBuildings/Building/CH/B/Kit_Bldg_CHB_L10_A/Mesh/SM_BLDG_CHB_L10_A_Wall_01_N1.SM_BLDG_CHB_L10_A_Wall_01_N1,40,keyword:wall;keyword:building;static_mesh;preferred_city_pack;mesh_naming;normal_path_depth
M0258,MESH,wall_facade,CitySampleBuildings,PENDING,SM_BLDG_CHB_L10_A_Wall_02_N1,StaticMesh,/Game/CitySampleBuildings/Building/CH/B/Kit_Bldg_CHB_L10_A/Mesh/SM_BLDG_CHB_L10_A_Wall_02_N1.SM_BLDG_CHB_L10_A_Wall_02_N1,40,keyword:wall;keyword:building;static_mesh;preferred_city_pack;mesh_naming;normal_path_depth
M0259,MESH,wall_facade,CitySampleBuildings,PENDING,SM_BLDG_CHB_L01_A_Wall_01_N1,StaticMesh,/Game/CitySampleBuildings/Building/CH/B/Kit_Bldg_CHB_L1_A/Mesh/SM_BLDG_CHB_L01_A_Wall_01_N1.SM_BLDG_CHB_L01_A_Wall_01_N1,40,keyword:wall;keyword:building;static_mesh;preferred_city_pack;mesh_naming;normal_path_depth
M0260,MESH,wall_facade,CitySampleBuildings,PENDING,SM_BLDG_CHB_L01_A_Wall_02_N1,StaticMesh,/Game/CitySampleBuildings/Building/CH/B/Kit_Bldg_CHB_L1_A/Mesh/SM_BLDG_CHB_L01_A_Wall_02_N1.SM_BLDG_CHB_L01_A_Wall_02_N1,40,keyword:wall;keyword:building;static_mesh;preferred_city_pack;mesh_naming;normal_path_depth
M0261,MESH,wall_facade,CitySampleBuildings,PENDING,SM_BLDG_CHB_L01_A_Wall_03_N1,StaticMesh,/Game/CitySampleBuildings/Building/CH/B/Kit_Bldg_CHB_L1_A/Mesh/SM_BLDG_CHB_L01_A_Wall_03_N1.SM_BLDG_CHB_L01_A_Wall_03_N1,40,keyword:wall;keyword:building;static_mesh;preferred_city_pack;mesh_naming;normal_path_depth
M0262,MESH,wall_facade,CitySampleBuildings,PENDING,SM_BLDG_CHB_L01_A_Wall_04_N1,StaticMesh,/Game/CitySampleBuildings/Building/CH/B/Kit_Bldg_CHB_L1_A/Mesh/SM_BLDG_CHB_L01_A_Wall_04_N1.SM_BLDG_CHB_L01_A_Wall_04_N1,40,keyword:wall;keyword:building;static_mesh;preferred_city_pack;mesh_naming;normal_path_depth
M0263,MESH,wall_facade,CitySampleBuildings,PENDING,SM_BLDG_CHB_L01_A_Wall_05_N1,StaticMesh,/Game/CitySampleBuildings/Building/CH/B/Kit_Bldg_CHB_L1_A/Mesh/SM_BLDG_CHB_L01_A_Wall_05_N1.SM_BLDG_CHB_L01_A_Wall_05_N1,40,keyword:wall;keyword:building;static_mesh;preferred_city_pack;mesh_naming;normal_path_depth
M0264,MESH,wall_facade,CitySampleBuildings,PENDING,SM_BLDG_CHB_L01_A_Wall_06_N1,StaticMesh,/Game/CitySampleBuildings/Building/CH/B/Kit_Bldg_CHB_L1_A/Mesh/SM_BLDG_CHB_L01_A_Wall_06_N1.SM_BLDG_CHB_L01_A_Wall_06_N1,40,keyword:wall;keyword:building;static_mesh;preferred_city_pack;mesh_naming;normal_path_depth
M0265,MESH,wall_facade,CitySampleBuildings,PENDING,SM_BLDG_CHB_L01_A_Wall_07_N1,StaticMesh,/Game/CitySampleBuildings/Building/CH/B/Kit_Bldg_CHB_L1_A/Mesh/SM_BLDG_CHB_L01_A_Wall_07_N1.SM_BLDG_CHB_L01_A_Wall_07_N1,40,keyword:wall;keyword:building;static_mesh;preferred_city_pack;mesh_naming;normal_path_depth
M0266,MESH,wall_facade,CitySampleBuildings,PENDING,SM_BLDG_CHB_L01_A_Wall_08_N1,StaticMesh,/Game/CitySampleBuildings/Building/CH/B/Kit_Bldg_CHB_L1_A/Mesh/SM_BLDG_CHB_L01_A_Wall_08_N1.SM_BLDG_CHB_L01_A_Wall_08_N1,40,keyword:wall;keyword:building;static_mesh;preferred_city_pack;mesh_naming;normal_path_depth
M0267,MESH,wall_facade,CitySampleBuildings,PENDING,SM_BLDG_CHB_L02_A_Wall_01_N1,StaticMesh,/Game/CitySampleBuildings/Building/CH/B/Kit_Bldg_CHB_L2_A/Mesh/SM_BLDG_CHB_L02_A_Wall_01_N1.SM_BLDG_CHB_L02_A_Wall_01_N1,40,keyword:wall;keyword:building;static_mesh;preferred_city_pack;mesh_naming;normal_path_depth
M0268,MESH,wall_facade,CitySampleBuildings,PENDING,SM_BLDG_CHB_L02_A_Wall_02_N1,StaticMesh,/Game/CitySampleBuildings/Building/CH/B/Kit_Bldg_CHB_L2_A/Mesh/SM_BLDG_CHB_L02_A_Wall_02_N1.SM_BLDG_CHB_L02_A_Wall_02_N1,40,keyword:wall;keyword:building;static_mesh;preferred_city_pack;mesh_naming;normal_path_depth
M0269,MESH,wall_facade,CitySampleBuildings,PENDING,SM_BLDG_CHB_L02_A_Wall_03_N1,StaticMesh,/Game/CitySampleBuildings/Building/CH/B/Kit_Bldg_CHB_L2_A/Mesh/SM_BLDG_CHB_L02_A_Wall_03_N1.SM_BLDG_CHB_L02_A_Wall_03_N1,40,keyword:wall;keyword:building;static_mesh;preferred_city_pack;mesh_naming;normal_path_depth
M0270,MESH,wall_facade,CitySampleBuildings,PENDING,SM_BLDG_CHB_L02_A_Wall_04_N1,StaticMesh,/Game/CitySampleBuildings/Building/CH/B/Kit_Bldg_CHB_L2_A/Mesh/SM_BLDG_CHB_L02_A_Wall_04_N1.SM_BLDG_CHB_L02_A_Wall_04_N1,40,keyword:wall;keyword:building;static_mesh;preferred_city_pack;mesh_naming;normal_path_depth
M0271,MESH,wall_facade,CitySampleBuildings,PENDING,SM_BLDG_CHB_L02_A_Wall_05_N1,StaticMesh,/Game/CitySampleBuildings/Building/CH/B/Kit_Bldg_CHB_L2_A/Mesh/SM_BLDG_CHB_L02_A_Wall_05_N1.SM_BLDG_CHB_L02_A_Wall_05_N1,40,keyword:wall;keyword:building;static_mesh;preferred_city_pack;mesh_naming;normal_path_depth
M0272,MESH,wall_facade,CitySampleBuildings,PENDING,SM_BLDG_CHB_L02_A_Wall_06_N1,StaticMesh,/Game/CitySampleBuildings/Building/CH/B/Kit_Bldg_CHB_L2_A/Mesh/SM_BLDG_CHB_L02_A_Wall_06_N1.SM_BLDG_CHB_L02_A_Wall_06_N1,40,keyword:wall;keyword:building;static_mesh;preferred_city_pack;mesh_naming;normal_path_depth
M0273,MESH,wall_facade,CitySampleBuildings,PENDING,SM_BLDG_CHB_L02_A_Wall_07_N1,StaticMesh,/Game/CitySampleBuildings/Building/CH/B/Kit_Bldg_CHB_L2_A/Mesh/SM_BLDG_CHB_L02_A_Wall_07_N1.SM_BLDG_CHB_L02_A_Wall_07_N1,40,keyword:wall;keyword:building;static_mesh;preferred_city_pack;mesh_naming;normal_path_depth
M0274,MESH,wall_facade,CitySampleBuildings,PENDING,SM_BLDG_CHB_L02_A_Wall_08_N1,StaticMesh,/Game/CitySampleBuildings/Building/CH/B/Kit_Bldg_CHB_L2_A/Mesh/SM_BLDG_CHB_L02_A_Wall_08_N1.SM_BLDG_CHB_L02_A_Wall_08_N1,40,keyword:wall;keyword:building;static_mesh;preferred_city_pack;mesh_naming;normal_path_depth
M0275,MESH,wall_facade,CitySampleBuildings,PENDING,SM_BLDG_CHB_L03_A_Wall_01_N1,StaticMesh,/Game/CitySampleBuildings/Building/CH/B/Kit_Bldg_CHB_L3_A/Mesh/SM_BLDG_CHB_L03_A_Wall_01_N1.SM_BLDG_CHB_L03_A_Wall_01_N1,40,keyword:wall;keyword:building;static_mesh;preferred_city_pack;mesh_naming;normal_path_depth
M0276,MESH,wall_facade,CitySampleBuildings,PENDING,SM_BLDG_CHB_L03_A_Wall_02_N1,StaticMesh,/Game/CitySampleBuildings/Building/CH/B/Kit_Bldg_CHB_L3_A/Mesh/SM_BLDG_CHB_L03_A_Wall_02_N1.SM_BLDG_CHB_L03_A_Wall_02_N1,40,keyword:wall;keyword:building;static_mesh;preferred_city_pack;mesh_naming;normal_path_depth
M0277,MESH,wall_facade,CitySampleBuildings,PENDING,SM_BLDG_CHB_L03_A_Wall_03_N1,StaticMesh,/Game/CitySampleBuildings/Building/CH/B/Kit_Bldg_CHB_L3_A/Mesh/SM_BLDG_CHB_L03_A_Wall_03_N1.SM_BLDG_CHB_L03_A_Wall_03_N1,40,keyword:wall;keyword:building;static_mesh;preferred_city_pack;mesh_naming;normal_path_depth
M0278,MESH,wall_facade,CitySampleBuildings,PENDING,SM_BLDG_CHB_L03_A_Wall_04_N1,StaticMesh,/Game/CitySampleBuildings/Building/CH/B/Kit_Bldg_CHB_L3_A/Mesh/SM_BLDG_CHB_L03_A_Wall_04_N1.SM_BLDG_CHB_L03_A_Wall_04_N1,40,keyword:wall;keyword:building;static_mesh;preferred_city_pack;mesh_naming;normal_path_depth
M0279,MESH,wall_facade,CitySampleBuildings,PENDING,SM_BLDG_CHB_L03_A_Wall_05_N1,StaticMesh,/Game/CitySampleBuildings/Building/CH/B/Kit_Bldg_CHB_L3_A/Mesh/SM_BLDG_CHB_L03_A_Wall_05_N1.SM_BLDG_CHB_L03_A_Wall_05_N1,40,keyword:wall;keyword:building;static_mesh;preferred_city_pack;mesh_naming;normal_path_depth
M0280,MESH,wall_facade,CitySampleBuildings,PENDING,SM_BLDG_CHB_L03_A_Wall_06_N1,StaticMesh,/Game/CitySampleBuildings/Building/CH/B/Kit_Bldg_CHB_L3_A/Mesh/SM_BLDG_CHB_L03_A_Wall_06_N1.SM_BLDG_CHB_L03_A_Wall_06_N1,40,keyword:wall;keyword:building;static_mesh;preferred_city_pack;mesh_naming;normal_path_depth
M0281,MESH,wall_facade,CitySampleBuildings,PENDING,SM_BLDG_CHB_L03_A_Wall_08_N1,StaticMesh,/Game/CitySampleBuildings/Building/CH/B/Kit_Bldg_CHB_L3_A/Mesh/SM_BLDG_CHB_L03_A_Wall_08_N1.SM_BLDG_CHB_L03_A_Wall_08_N1,40,keyword:wall;keyword:building;static_mesh;preferred_city_pack;mesh_naming;normal_path_depth
M0282,MESH,wall_facade,CitySampleBuildings,PENDING,SM_BLDG_CHB_L04_A_Wall_01_N1,StaticMesh,/Game/CitySampleBuildings/Building/CH/B/Kit_Bldg_CHB_L4_A/Mesh/SM_BLDG_CHB_L04_A_Wall_01_N1.SM_BLDG_CHB_L04_A_Wall_01_N1,40,keyword:wall;keyword:building;static_mesh;preferred_city_pack;mesh_naming;normal_path_depth
M0283,MESH,wall_facade,CitySampleBuildings,PENDING,SM_BLDG_CHB_L04_A_Wall_02_N1,StaticMesh,/Game/CitySampleBuildings/Building/CH/B/Kit_Bldg_CHB_L4_A/Mesh/SM_BLDG_CHB_L04_A_Wall_02_N1.SM_BLDG_CHB_L04_A_Wall_02_N1,40,keyword:wall;keyword:building;static_mesh;preferred_city_pack;mesh_naming;normal_path_depth
M0284,MESH,wall_facade,CitySampleBuildings,PENDING,SM_BLDG_CHB_L04_A_Wall_03_N1,StaticMesh,/Game/CitySampleBuildings/Building/CH/B/Kit_Bldg_CHB_L4_A/Mesh/SM_BLDG_CHB_L04_A_Wall_03_N1.SM_BLDG_CHB_L04_A_Wall_03_N1,40,keyword:wall;keyword:building;static_mesh;preferred_city_pack;mesh_naming;normal_path_depth
M0285,MESH,wall_facade,CitySampleBuildings,PENDING,SM_BLDG_CHB_L04_A_Wall_05_N1,StaticMesh,/Game/CitySampleBuildings/Building/CH/B/Kit_Bldg_CHB_L4_A/Mesh/SM_BLDG_CHB_L04_A_Wall_05_N1.SM_BLDG_CHB_L04_A_Wall_05_N1,40,keyword:wall;keyword:building;static_mesh;preferred_city_pack;mesh_naming;normal_path_depth
M0286,MESH,wall_facade,CitySampleBuildings,PENDING,SM_BLDG_CHB_L04_B_Wall_01_N1,StaticMesh,/Game/CitySampleBuildings/Building/CH/B/Kit_Bldg_CHB_L4_B/Mesh/SM_BLDG_CHB_L04_B_Wall_01_N1.SM_BLDG_CHB_L04_B_Wall_01_N1,40,keyword:wall;keyword:building;static_mesh;preferred_city_pack;mesh_naming;normal_path_depth
M0287,MESH,wall_facade,CitySampleBuildings,PENDING,SM_BLDG_CHB_L04_B_Wall_02_N1,StaticMesh,/Game/CitySampleBuildings/Building/CH/B/Kit_Bldg_CHB_L4_B/Mesh/SM_BLDG_CHB_L04_B_Wall_02_N1.SM_BLDG_CHB_L04_B_Wall_02_N1,40,keyword:wall;keyword:building;static_mesh;preferred_city_pack;mesh_naming;normal_path_depth
M0288,MESH,wall_facade,CitySampleBuildings,PENDING,SM_BLDG_CHB_L04_B_Wall_03_N1,StaticMesh,/Game/CitySampleBuildings/Building/CH/B/Kit_Bldg_CHB_L4_B/Mesh/SM_BLDG_CHB_L04_B_Wall_03_N1.SM_BLDG_CHB_L04_B_Wall_03_N1,40,keyword:wall;keyword:building;static_mesh;preferred_city_pack;mesh_naming;normal_path_depth
M0289,MESH,wall_facade,CitySampleBuildings,PENDING,SM_BLDG_CHB_L05_A_Wall_01_N1,StaticMesh,/Game/CitySampleBuildings/Building/CH/B/Kit_Bldg_CHB_L5_A/Mesh/SM_BLDG_CHB_L05_A_Wall_01_N1.SM_BLDG_CHB_L05_A_Wall_01_N1,40,keyword:wall;keyword:building;static_mesh;preferred_city_pack;mesh_naming;normal_path_depth
M0290,MESH,wall_facade,CitySampleBuildings,PENDING,SM_BLDG_CHB_L05_A_Wall_02_N1,StaticMesh,/Game/CitySampleBuildings/Building/CH/B/Kit_Bldg_CHB_L5_A/Mesh/SM_BLDG_CHB_L05_A_Wall_02_N1.SM_BLDG_CHB_L05_A_Wall_02_N1,40,keyword:wall;keyword:building;static_mesh;preferred_city_pack;mesh_naming;normal_path_depth
M0291,MESH,wall_facade,CitySampleBuildings,PENDING,SM_BLDG_CHB_L05_A_Wall_03_N1,StaticMesh,/Game/CitySampleBuildings/Building/CH/B/Kit_Bldg_CHB_L5_A/Mesh/SM_BLDG_CHB_L05_A_Wall_03_N1.SM_BLDG_CHB_L05_A_Wall_03_N1,40,keyword:wall;keyword:building;static_mesh;preferred_city_pack;mesh_naming;normal_path_depth
M0292,MESH,wall_facade,CitySampleBuildings,PENDING,SM_BLDG_CHB_L05_A_Wall_04_N1,StaticMesh,/Game/CitySampleBuildings/Building/CH/B/Kit_Bldg_CHB_L5_A/Mesh/SM_BLDG_CHB_L05_A_Wall_04_N1.SM_BLDG_CHB_L05_A_Wall_04_N1,40,keyword:wall;keyword:building;static_mesh;preferred_city_pack;mesh_naming;normal_path_depth
M0293,MESH,wall_facade,CitySampleBuildings,PENDING,SM_BLDG_CHB_L05_A_Wall_05_N1,StaticMesh,/Game/CitySampleBuildings/Building/CH/B/Kit_Bldg_CHB_L5_A/Mesh/SM_BLDG_CHB_L05_A_Wall_05_N1.SM_BLDG_CHB_L05_A_Wall_05_N1,40,keyword:wall;keyword:building;static_mesh;preferred_city_pack;mesh_naming;normal_path_depth
M0294,MESH,wall_facade,CitySampleBuildings,PENDING,SM_BLDG_CHB_L05_B_Wall_01_N1,StaticMesh,/Game/CitySampleBuildings/Building/CH/B/Kit_Bldg_CHB_L5_B/Mesh/SM_BLDG_CHB_L05_B_Wall_01_N1.SM_BLDG_CHB_L05_B_Wall_01_N1,40,keyword:wall;keyword:building;static_mesh;preferred_city_pack;mesh_naming;normal_path_depth
M0295,MESH,wall_facade,CitySampleBuildings,PENDING,SM_BLDG_CHB_L05_B_Wall_02_N1,StaticMesh,/Game/CitySampleBuildings/Building/CH/B/Kit_Bldg_CHB_L5_B/Mesh/SM_BLDG_CHB_L05_B_Wall_02_N1.SM_BLDG_CHB_L05_B_Wall_02_N1,40,keyword:wall;keyword:building;static_mesh;preferred_city_pack;mesh_naming;normal_path_depth
M0296,MESH,wall_facade,CitySampleBuildings,PENDING,SM_BLDG_CHB_L06_A_Wall_01_N1,StaticMesh,/Game/CitySampleBuildings/Building/CH/B/Kit_Bldg_CHB_L6_A/Mesh/SM_BLDG_CHB_L06_A_Wall_01_N1.SM_BLDG_CHB_L06_A_Wall_01_N1,40,keyword:wall;keyword:building;static_mesh;preferred_city_pack;mesh_naming;normal_path_depth
M0297,MESH,wall_facade,CitySampleBuildings,PENDING,SM_BLDG_CHB_L06_A_Wall_02_N1,StaticMesh,/Game/CitySampleBuildings/Building/CH/B/Kit_Bldg_CHB_L6_A/Mesh/SM_BLDG_CHB_L06_A_Wall_02_N1.SM_BLDG_CHB_L06_A_Wall_02_N1,40,keyword:wall;keyword:building;static_mesh;preferred_city_pack;mesh_naming;normal_path_depth
M0298,MESH,wall_facade,CitySampleBuildings,PENDING,SM_BLDG_CHB_L06_A_Wall_03_N1,StaticMesh,/Game/CitySampleBuildings/Building/CH/B/Kit_Bldg_CHB_L6_A/Mesh/SM_BLDG_CHB_L06_A_Wall_03_N1.SM_BLDG_CHB_L06_A_Wall_03_N1,40,keyword:wall;keyword:building;static_mesh;preferred_city_pack;mesh_naming;normal_path_depth
M0299,MESH,wall_facade,CitySampleBuildings,PENDING,SM_BLDG_CHB_L06_A_Wall_04_N1,StaticMesh,/Game/CitySampleBuildings/Building/CH/B/Kit_Bldg_CHB_L6_A/Mesh/SM_BLDG_CHB_L06_A_Wall_04_N1.SM_BLDG_CHB_L06_A_Wall_04_N1,40,keyword:wall;keyword:building;static_mesh;preferred_city_pack;mesh_naming;normal_path_depth
M0300,MESH,wall_facade,CitySampleBuildings,PENDING,SM_BLDG_CHB_L06_A_Wall_05_N1,StaticMesh,/Game/CitySampleBuildings/Building/CH/B/Kit_Bldg_CHB_L6_A/Mesh/SM_BLDG_CHB_L06_A_Wall_05_N1.SM_BLDG_CHB_L06_A_Wall_05_N1,40,keyword:wall;keyword:building;static_mesh;preferred_city_pack;mesh_naming;normal_path_depth
M0301,MESH,wall_facade,CitySampleBuildings,PENDING,SM_BLDG_CHB_L06_A_Wall_06_N1,StaticMesh,/Game/CitySampleBuildings/Building/CH/B/Kit_Bldg_CHB_L6_A/Mesh/SM_BLDG_CHB_L06_A_Wall_06_N1.SM_BLDG_CHB_L06_A_Wall_06_N1,40,keyword:wall;keyword:building;static_mesh;preferred_city_pack;mesh_naming;normal_path_depth
M0302,MESH,wall_facade,CitySampleBuildings,PENDING,SM_BLDG_CHB_L06_B_Wall_01_N1,StaticMesh,/Game/CitySampleBuildings/Building/CH/B/Kit_Bldg_CHB_L6_B/Mesh/SM_BLDG_CHB_L06_B_Wall_01_N1.SM_BLDG_CHB_L06_B_Wall_01_N1,40,keyword:wall;keyword:building;static_mesh;preferred_city_pack;mesh_naming;normal_path_depth
M0303,MESH,wall_facade,CitySampleBuildings,PENDING,SM_BLDG_CHB_L07_A_Wall_01_N1,StaticMesh,/Game/CitySampleBuildings/Building/CH/B/Kit_Bldg_CHB_L7_A/Mesh/SM_BLDG_CHB_L07_A_Wall_01_N1.SM_BLDG_CHB_L07_A_Wall_01_N1,40,keyword:wall;keyword:building;static_mesh;preferred_city_pack;mesh_naming;normal_path_depth
M0304,MESH,wall_facade,CitySampleBuildings,PENDING,SM_BLDG_CHB_L07_A_Wall_02_N1,StaticMesh,/Game/CitySampleBuildings/Building/CH/B/Kit_Bldg_CHB_L7_A/Mesh/SM_BLDG_CHB_L07_A_Wall_02_N1.SM_BLDG_CHB_L07_A_Wall_02_N1,40,keyword:wall;keyword:building;static_mesh;preferred_city_pack;mesh_naming;normal_path_depth
M0305,MESH,wall_facade,CitySampleBuildings,PENDING,SM_BLDG_CHB_L08_A_Wall_01_N1,StaticMesh,/Game/CitySampleBuildings/Building/CH/B/Kit_Bldg_CHB_L8_A/Mesh/SM_BLDG_CHB_L08_A_Wall_01_N1.SM_BLDG_CHB_L08_A_Wall_01_N1,40,keyword:wall;keyword:building;static_mesh;preferred_city_pack;mesh_naming;normal_path_depth
M0306,MESH,wall_facade,CitySampleBuildings,PENDING,SM_BLDG_CHB_L08_A_Wall_02_N1,StaticMesh,/Game/CitySampleBuildings/Building/CH/B/Kit_Bldg_CHB_L8_A/Mesh/SM_BLDG_CHB_L08_A_Wall_02_N1.SM_BLDG_CHB_L08_A_Wall_02_N1,40,keyword:wall;keyword:building;static_mesh;preferred_city_pack;mesh_naming;normal_path_depth
M0307,MESH,wall_facade,CitySampleBuildings,PENDING,SM_BLDG_CHB_L09_A_Wall_01_N1,StaticMesh,/Game/CitySampleBuildings/Building/CH/B/Kit_Bldg_CHB_L9_A/Mesh/SM_BLDG_CHB_L09_A_Wall_01_N1.SM_BLDG_CHB_L09_A_Wall_01_N1,40,keyword:wall;keyword:building;static_mesh;preferred_city_pack;mesh_naming;normal_path_depth
M0308,MESH,wall_facade,CitySampleBuildings,PENDING,SM_BLDG_CHB_L09_A_Wall_02_N1,StaticMesh,/Game/CitySampleBuildings/Building/CH/B/Kit_Bldg_CHB_L9_A/Mesh/SM_BLDG_CHB_L09_A_Wall_02_N1.SM_BLDG_CHB_L09_A_Wall_02_N1,40,keyword:wall;keyword:building;static_mesh;preferred_city_pack;mesh_naming;normal_path_depth
M0309,MESH,wall_facade,CitySampleBuildings,PENDING,SM_BLDG_CHC_L10_A_Wall_01_N1,StaticMesh,/Game/CitySampleBuildings/Building/CH/C/Kit_Bldg_CHC_L10_A/Mesh/SM_BLDG_CHC_L10_A_Wall_01_N1.SM_BLDG_CHC_L10_A_Wall_01_N1,40,keyword:wall;keyword:building;static_mesh;preferred_city_pack;mesh_naming;normal_path_depth
M0310,MESH,architecture_general,CitySampleBuildings,PENDING,SM_BLDG_CHA_L10_A_CornerEx_01_N1,StaticMesh,/Game/CitySampleBuildings/Building/CH/A/Kit_Bldg_CHA_L10_A/Mesh/SM_BLDG_CHA_L10_A_CornerEx_01_N1.SM_BLDG_CHA_L10_A_CornerEx_01_N1,40,keyword:building;keyword:corner;static_mesh;preferred_city_pack;mesh_naming;normal_path_depth
M0311,MESH,architecture_general,CitySampleBuildings,PENDING,SM_BLDG_CHA_L10_A_CornerExL_01_N1,StaticMesh,/Game/CitySampleBuildings/Building/CH/A/Kit_Bldg_CHA_L10_A/Mesh/SM_BLDG_CHA_L10_A_CornerExL_01_N1.SM_BLDG_CHA_L10_A_CornerExL_01_N1,40,keyword:building;keyword:corner;static_mesh;preferred_city_pack;mesh_naming;normal_path_depth
M0312,MESH,architecture_general,CitySampleBuildings,PENDING,SM_BLDG_CHA_L10_A_CornerExR_01_N1,StaticMesh,/Game/CitySampleBuildings/Building/CH/A/Kit_Bldg_CHA_L10_A/Mesh/SM_BLDG_CHA_L10_A_CornerExR_01_N1.SM_BLDG_CHA_L10_A_CornerExR_01_N1,40,keyword:building;keyword:corner;static_mesh;preferred_city_pack;mesh_naming;normal_path_depth
M0313,MESH,architecture_general,CitySampleBuildings,PENDING,SM_BLDG_CHA_L10_A_CornerIn_01_N1,StaticMesh,/Game/CitySampleBuildings/Building/CH/A/Kit_Bldg_CHA_L10_A/Mesh/SM_BLDG_CHA_L10_A_CornerIn_01_N1.SM_BLDG_CHA_L10_A_CornerIn_01_N1,40,keyword:building;keyword:corner;static_mesh;preferred_city_pack;mesh_naming;normal_path_depth
M0314,MESH,architecture_general,CitySampleBuildings,PENDING,SM_BLDG_CHA_L10_A_CornerInL_01_N1,StaticMesh,/Game/CitySampleBuildings/Building/CH/A/Kit_Bldg_CHA_L10_A/Mesh/SM_BLDG_CHA_L10_A_CornerInL_01_N1.SM_BLDG_CHA_L10_A_CornerInL_01_N1,40,keyword:building;keyword:corner;static_mesh;preferred_city_pack;mesh_naming;normal_path_depth
M0315,MESH,architecture_general,CitySampleBuildings,PENDING,SM_BLDG_CHA_L10_A_CornerInR_01_N1,StaticMesh,/Game/CitySampleBuildings/Building/CH/A/Kit_Bldg_CHA_L10_A/Mesh/SM_BLDG_CHA_L10_A_CornerInR_01_N1.SM_BLDG_CHA_L10_A_CornerInR_01_N1,40,keyword:building;keyword:corner;static_mesh;preferred_city_pack;mesh_naming;normal_path_depth
M0316,MESH,architecture_general,CitySampleBuildings,PENDING,SM_BLDG_CHA_L11_A_CornerEx_01_N1,StaticMesh,/Game/CitySampleBuildings/Building/CH/A/Kit_Bldg_CHA_L11_A/Mesh/SM_BLDG_CHA_L11_A_CornerEx_01_N1.SM_BLDG_CHA_L11_A_CornerEx_01_N1,40,keyword:building;keyword:corner;static_mesh;preferred_city_pack;mesh_naming;normal_path_depth
M0317,MESH,architecture_general,CitySampleBuildings,PENDING,SM_BLDG_CHA_L11_A_CornerExL_01_N1,StaticMesh,/Game/CitySampleBuildings/Building/CH/A/Kit_Bldg_CHA_L11_A/Mesh/SM_BLDG_CHA_L11_A_CornerExL_01_N1.SM_BLDG_CHA_L11_A_CornerExL_01_N1,40,keyword:building;keyword:corner;static_mesh;preferred_city_pack;mesh_naming;normal_path_depth
M0318,MESH,architecture_general,CitySampleBuildings,PENDING,SM_BLDG_CHA_L11_A_CornerExR_01_N1,StaticMesh,/Game/CitySampleBuildings/Building/CH/A/Kit_Bldg_CHA_L11_A/Mesh/SM_BLDG_CHA_L11_A_CornerExR_01_N1.SM_BLDG_CHA_L11_A_CornerExR_01_N1,40,keyword:building;keyword:corner;static_mesh;preferred_city_pack;mesh_naming;normal_path_depth
M0319,MESH,architecture_general,CitySampleBuildings,PENDING,SM_BLDG_CHA_L11_A_CornerIn_01_N1,StaticMesh,/Game/CitySampleBuildings/Building/CH/A/Kit_Bldg_CHA_L11_A/Mesh/SM_BLDG_CHA_L11_A_CornerIn_01_N1.SM_BLDG_CHA_L11_A_CornerIn_01_N1,40,keyword:building;keyword:corner;static_mesh;preferred_city_pack;mesh_naming;normal_path_depth
M0320,MESH,architecture_general,CitySampleBuildings,PENDING,SM_BLDG_CHA_L11_A_CornerInL_01_N1,StaticMesh,/Game/CitySampleBuildings/Building/CH/A/Kit_Bldg_CHA_L11_A/Mesh/SM_BLDG_CHA_L11_A_CornerInL_01_N1.SM_BLDG_CHA_L11_A_CornerInL_01_N1,40,keyword:building;keyword:corner;static_mesh;preferred_city_pack;mesh_naming;normal_path_depth
M0321,MESH,architecture_general,CitySampleBuildings,PENDING,SM_BLDG_CHA_L11_A_CornerInR_01_N1,StaticMesh,/Game/CitySampleBuildings/Building/CH/A/Kit_Bldg_CHA_L11_A/Mesh/SM_BLDG_CHA_L11_A_CornerInR_01_N1.SM_BLDG_CHA_L11_A_CornerInR_01_N1,40,keyword:building;keyword:corner;static_mesh;preferred_city_pack;mesh_naming;normal_path_depth
M0322,MESH,architecture_general,CitySampleBuildings,PENDING,SM_BLDG_CHA_L12_A_CornerEx_01_N1,StaticMesh,/Game/CitySampleBuildings/Building/CH/A/Kit_Bldg_CHA_L12_A/Mesh/SM_BLDG_CHA_L12_A_CornerEx_01_N1.SM_BLDG_CHA_L12_A_CornerEx_01_N1,40,keyword:building;keyword:corner;static_mesh;preferred_city_pack;mesh_naming;normal_path_depth
M0323,MESH,architecture_general,CitySampleBuildings,PENDING,SM_BLDG_CHA_L12_A_CornerExL_01_N1,StaticMesh,/Game/CitySampleBuildings/Building/CH/A/Kit_Bldg_CHA_L12_A/Mesh/SM_BLDG_CHA_L12_A_CornerExL_01_N1.SM_BLDG_CHA_L12_A_CornerExL_01_N1,40,keyword:building;keyword:corner;static_mesh;preferred_city_pack;mesh_naming;normal_path_depth
M0324,MESH,architecture_general,CitySampleBuildings,PENDING,SM_BLDG_CHA_L12_A_CornerExR_01_N1,StaticMesh,/Game/CitySampleBuildings/Building/CH/A/Kit_Bldg_CHA_L12_A/Mesh/SM_BLDG_CHA_L12_A_CornerExR_01_N1.SM_BLDG_CHA_L12_A_CornerExR_01_N1,40,keyword:building;keyword:corner;static_mesh;preferred_city_pack;mesh_naming;normal_path_depth
M0325,MESH,architecture_general,CitySampleBuildings,PENDING,SM_BLDG_CHA_L12_A_CornerIn_01_N1,StaticMesh,/Game/CitySampleBuildings/Building/CH/A/Kit_Bldg_CHA_L12_A/Mesh/SM_BLDG_CHA_L12_A_CornerIn_01_N1.SM_BLDG_CHA_L12_A_CornerIn_01_N1,40,keyword:building;keyword:corner;static_mesh;preferred_city_pack;mesh_naming;normal_path_depth
M0326,MESH,architecture_general,CitySampleBuildings,PENDING,SM_BLDG_CHA_L12_A_CornerInL_01_N1,StaticMesh,/Game/CitySampleBuildings/Building/CH/A/Kit_Bldg_CHA_L12_A/Mesh/SM_BLDG_CHA_L12_A_CornerInL_01_N1.SM_BLDG_CHA_L12_A_CornerInL_01_N1,40,keyword:building;keyword:corner;static_mesh;preferred_city_pack;mesh_naming;normal_path_depth
M0327,MESH,architecture_general,CitySampleBuildings,PENDING,SM_BLDG_CHA_L12_A_CornerInR_01_N1,StaticMesh,/Game/CitySampleBuildings/Building/CH/A/Kit_Bldg_CHA_L12_A/Mesh/SM_BLDG_CHA_L12_A_CornerInR_01_N1.SM_BLDG_CHA_L12_A_CornerInR_01_N1,40,keyword:building;keyword:corner;static_mesh;preferred_city_pack;mesh_naming;normal_path_depth
M0328,MESH,architecture_general,CitySampleBuildings,PENDING,SM_BLDG_CHA_L13_A_CornerEx_01_N1,StaticMesh,/Game/CitySampleBuildings/Building/CH/A/Kit_Bldg_CHA_L13_A/Mesh/SM_BLDG_CHA_L13_A_CornerEx_01_N1.SM_BLDG_CHA_L13_A_CornerEx_01_N1,40,keyword:building;keyword:corner;static_mesh;preferred_city_pack;mesh_naming;normal_path_depth
M0329,MESH,architecture_general,CitySampleBuildings,PENDING,SM_BLDG_CHA_L13_A_CornerExL_01_N1,StaticMesh,/Game/CitySampleBuildings/Building/CH/A/Kit_Bldg_CHA_L13_A/Mesh/SM_BLDG_CHA_L13_A_CornerExL_01_N1.SM_BLDG_CHA_L13_A_CornerExL_01_N1,40,keyword:building;keyword:corner;static_mesh;preferred_city_pack;mesh_naming;normal_path_depth
M0330,MESH,architecture_general,CitySampleBuildings,PENDING,SM_BLDG_CHA_L13_A_CornerExR_01_N1,StaticMesh,/Game/CitySampleBuildings/Building/CH/A/Kit_Bldg_CHA_L13_A/Mesh/SM_BLDG_CHA_L13_A_CornerExR_01_N1.SM_BLDG_CHA_L13_A_CornerExR_01_N1,40,keyword:building;keyword:corner;static_mesh;preferred_city_pack;mesh_naming;normal_path_depth
M0331,MESH,architecture_general,CitySampleBuildings,PENDING,SM_BLDG_CHA_L13_A_CornerIn_01_N1,StaticMesh,/Game/CitySampleBuildings/Building/CH/A/Kit_Bldg_CHA_L13_A/Mesh/SM_BLDG_CHA_L13_A_CornerIn_01_N1.SM_BLDG_CHA_L13_A_CornerIn_01_N1,40,keyword:building;keyword:corner;static_mesh;preferred_city_pack;mesh_naming;normal_path_depth
M0332,MESH,architecture_general,CitySampleBuildings,PENDING,SM_BLDG_CHA_L13_A_CornerInL_01_N1,StaticMesh,/Game/CitySampleBuildings/Building/CH/A/Kit_Bldg_CHA_L13_A/Mesh/SM_BLDG_CHA_L13_A_CornerInL_01_N1.SM_BLDG_CHA_L13_A_CornerInL_01_N1,40,keyword:building;keyword:corner;static_mesh;preferred_city_pack;mesh_naming;normal_path_depth
M0333,MESH,architecture_general,CitySampleBuildings,PENDING,SM_BLDG_CHA_L13_A_CornerInR_01_N1,StaticMesh,/Game/CitySampleBuildings/Building/CH/A/Kit_Bldg_CHA_L13_A/Mesh/SM_BLDG_CHA_L13_A_CornerInR_01_N1.SM_BLDG_CHA_L13_A_CornerInR_01_N1,40,keyword:building;keyword:corner;static_mesh;preferred_city_pack;mesh_naming;normal_path_depth
M0334,MESH,architecture_general,CitySampleBuildings,PENDING,SM_BLDG_CHA_L14_A_CornerEx_01_N1,StaticMesh,/Game/CitySampleBuildings/Building/CH/A/Kit_Bldg_CHA_L14_A/Mesh/SM_BLDG_CHA_L14_A_CornerEx_01_N1.SM_BLDG_CHA_L14_A_CornerEx_01_N1,40,keyword:building;keyword:corner;static_mesh;preferred_city_pack;mesh_naming;normal_path_depth
M0335,MESH,architecture_general,CitySampleBuildings,PENDING,SM_BLDG_CHA_L14_A_CornerExL_01_N1,StaticMesh,/Game/CitySampleBuildings/Building/CH/A/Kit_Bldg_CHA_L14_A/Mesh/SM_BLDG_CHA_L14_A_CornerExL_01_N1.SM_BLDG_CHA_L14_A_CornerExL_01_N1,40,keyword:building;keyword:corner;static_mesh;preferred_city_pack;mesh_naming;normal_path_depth
M0336,MESH,architecture_general,CitySampleBuildings,PENDING,SM_BLDG_CHA_L14_A_CornerExR_01_N1,StaticMesh,/Game/CitySampleBuildings/Building/CH/A/Kit_Bldg_CHA_L14_A/Mesh/SM_BLDG_CHA_L14_A_CornerExR_01_N1.SM_BLDG_CHA_L14_A_CornerExR_01_N1,40,keyword:building;keyword:corner;static_mesh;preferred_city_pack;mesh_naming;normal_path_depth
M0337,MESH,architecture_general,CitySampleBuildings,PENDING,SM_BLDG_CHA_L14_A_CornerIn_01_N1,StaticMesh,/Game/CitySampleBuildings/Building/CH/A/Kit_Bldg_CHA_L14_A/Mesh/SM_BLDG_CHA_L14_A_CornerIn_01_N1.SM_BLDG_CHA_L14_A_CornerIn_01_N1,40,keyword:building;keyword:corner;static_mesh;preferred_city_pack;mesh_naming;normal_path_depth
M0338,MESH,architecture_general,CitySampleBuildings,PENDING,SM_BLDG_CHA_L14_A_CornerInL_01_N1,StaticMesh,/Game/CitySampleBuildings/Building/CH/A/Kit_Bldg_CHA_L14_A/Mesh/SM_BLDG_CHA_L14_A_CornerInL_01_N1.SM_BLDG_CHA_L14_A_CornerInL_01_N1,40,keyword:building;keyword:corner;static_mesh;preferred_city_pack;mesh_naming;normal_path_depth
M0339,MESH,architecture_general,CitySampleBuildings,PENDING,SM_BLDG_CHA_L14_A_CornerInR_01_N1,StaticMesh,/Game/CitySampleBuildings/Building/CH/A/Kit_Bldg_CHA_L14_A/Mesh/SM_BLDG_CHA_L14_A_CornerInR_01_N1.SM_BLDG_CHA_L14_A_CornerInR_01_N1,40,keyword:building;keyword:corner;static_mesh;preferred_city_pack;mesh_naming;normal_path_depth
M0340,MESH,architecture_general,CitySampleBuildings,PENDING,SM_BLDG_CHA_L15_A_CornerEx_01_N1,StaticMesh,/Game/CitySampleBuildings/Building/CH/A/Kit_Bldg_CHA_L15_A/Mesh/SM_BLDG_CHA_L15_A_CornerEx_01_N1.SM_BLDG_CHA_L15_A_CornerEx_01_N1,40,keyword:building;keyword:corner;static_mesh;preferred_city_pack;mesh_naming;normal_path_depth
M0341,MESH,architecture_general,CitySampleBuildings,PENDING,SM_BLDG_CHA_L15_A_CornerExL_01_N1,StaticMesh,/Game/CitySampleBuildings/Building/CH/A/Kit_Bldg_CHA_L15_A/Mesh/SM_BLDG_CHA_L15_A_CornerExL_01_N1.SM_BLDG_CHA_L15_A_CornerExL_01_N1,40,keyword:building;keyword:corner;static_mesh;preferred_city_pack;mesh_naming;normal_path_depth
M0342,MESH,architecture_general,CitySampleBuildings,PENDING,SM_BLDG_CHA_L15_A_CornerExR_01_N1,StaticMesh,/Game/CitySampleBuildings/Building/CH/A/Kit_Bldg_CHA_L15_A/Mesh/SM_BLDG_CHA_L15_A_CornerExR_01_N1.SM_BLDG_CHA_L15_A_CornerExR_01_N1,40,keyword:building;keyword:corner;static_mesh;preferred_city_pack;mesh_naming;normal_path_depth
M0343,MESH,architecture_general,CitySampleBuildings,PENDING,SM_BLDG_CHA_L15_A_CornerIn_01_N1,StaticMesh,/Game/CitySampleBuildings/Building/CH/A/Kit_Bldg_CHA_L15_A/Mesh/SM_BLDG_CHA_L15_A_CornerIn_01_N1.SM_BLDG_CHA_L15_A_CornerIn_01_N1,40,keyword:building;keyword:corner;static_mesh;preferred_city_pack;mesh_naming;normal_path_depth
M0344,MESH,architecture_general,CitySampleBuildings,PENDING,SM_BLDG_CHA_L15_A_CornerInL_01_N1,StaticMesh,/Game/CitySampleBuildings/Building/CH/A/Kit_Bldg_CHA_L15_A/Mesh/SM_BLDG_CHA_L15_A_CornerInL_01_N1.SM_BLDG_CHA_L15_A_CornerInL_01_N1,40,keyword:building;keyword:corner;static_mesh;preferred_city_pack;mesh_naming;normal_path_depth
M0345,MESH,architecture_general,CitySampleBuildings,PENDING,SM_BLDG_CHA_L15_A_CornerInR_01_N1,StaticMesh,/Game/CitySampleBuildings/Building/CH/A/Kit_Bldg_CHA_L15_A/Mesh/SM_BLDG_CHA_L15_A_CornerInR_01_N1.SM_BLDG_CHA_L15_A_CornerInR_01_N1,40,keyword:building;keyword:corner;static_mesh;preferred_city_pack;mesh_naming;normal_path_depth
M0346,MESH,architecture_general,CitySampleBuildings,PENDING,SM_BLDG_CHA_L16_A_CornerEx_01_N1,StaticMesh,/Game/CitySampleBuildings/Building/CH/A/Kit_Bldg_CHA_L16_A/Mesh/SM_BLDG_CHA_L16_A_CornerEx_01_N1.SM_BLDG_CHA_L16_A_CornerEx_01_N1,40,keyword:building;keyword:corner;static_mesh;preferred_city_pack;mesh_naming;normal_path_depth
M0347,MESH,architecture_general,CitySampleBuildings,PENDING,SM_BLDG_CHA_L16_A_CornerExL_01_N1,StaticMesh,/Game/CitySampleBuildings/Building/CH/A/Kit_Bldg_CHA_L16_A/Mesh/SM_BLDG_CHA_L16_A_CornerExL_01_N1.SM_BLDG_CHA_L16_A_CornerExL_01_N1,40,keyword:building;keyword:corner;static_mesh;preferred_city_pack;mesh_naming;normal_path_depth
M0348,MESH,architecture_general,CitySampleBuildings,PENDING,SM_BLDG_CHA_L16_A_CornerExR_01_N1,StaticMesh,/Game/CitySampleBuildings/Building/CH/A/Kit_Bldg_CHA_L16_A/Mesh/SM_BLDG_CHA_L16_A_CornerExR_01_N1.SM_BLDG_CHA_L16_A_CornerExR_01_N1,40,keyword:building;keyword:corner;static_mesh;preferred_city_pack;mesh_naming;normal_path_depth
M0349,MESH,architecture_general,CitySampleBuildings,PENDING,SM_BLDG_CHA_L16_A_CornerIn_01_N1,StaticMesh,/Game/CitySampleBuildings/Building/CH/A/Kit_Bldg_CHA_L16_A/Mesh/SM_BLDG_CHA_L16_A_CornerIn_01_N1.SM_BLDG_CHA_L16_A_CornerIn_01_N1,40,keyword:building;keyword:corner;static_mesh;preferred_city_pack;mesh_naming;normal_path_depth
M0350,MESH,architecture_general,CitySampleBuildings,PENDING,SM_BLDG_CHA_L16_A_CornerInL_01_N1,StaticMesh,/Game/CitySampleBuildings/Building/CH/A/Kit_Bldg_CHA_L16_A/Mesh/SM_BLDG_CHA_L16_A_CornerInL_01_N1.SM_BLDG_CHA_L16_A_CornerInL_01_N1,40,keyword:building;keyword:corner;static_mesh;preferred_city_pack;mesh_naming;normal_path_depth
M0351,MESH,architecture_general,CitySampleBuildings,PENDING,SM_BLDG_CHA_L16_A_CornerInR_01_N1,StaticMesh,/Game/CitySampleBuildings/Building/CH/A/Kit_Bldg_CHA_L16_A/Mesh/SM_BLDG_CHA_L16_A_CornerInR_01_N1.SM_BLDG_CHA_L16_A_CornerInR_01_N1,40,keyword:building;keyword:corner;static_mesh;preferred_city_pack;mesh_naming;normal_path_depth
M0352,MESH,architecture_general,CitySampleBuildings,PENDING,SM_BLDG_CHA_L17_A_CornerEx_01_N1,StaticMesh,/Game/CitySampleBuildings/Building/CH/A/Kit_Bldg_CHA_L17_A/Mesh/SM_BLDG_CHA_L17_A_CornerEx_01_N1.SM_BLDG_CHA_L17_A_CornerEx_01_N1,40,keyword:building;keyword:corner;static_mesh;preferred_city_pack;mesh_naming;normal_path_depth
M0353,MESH,architecture_general,CitySampleBuildings,PENDING,SM_BLDG_CHA_L17_A_CornerExL_01_N1,StaticMesh,/Game/CitySampleBuildings/Building/CH/A/Kit_Bldg_CHA_L17_A/Mesh/SM_BLDG_CHA_L17_A_CornerExL_01_N1.SM_BLDG_CHA_L17_A_CornerExL_01_N1,40,keyword:building;keyword:corner;static_mesh;preferred_city_pack;mesh_naming;normal_path_depth
M0354,MESH,architecture_general,CitySampleBuildings,PENDING,SM_BLDG_CHA_L17_A_CornerExR_01_N1,StaticMesh,/Game/CitySampleBuildings/Building/CH/A/Kit_Bldg_CHA_L17_A/Mesh/SM_BLDG_CHA_L17_A_CornerExR_01_N1.SM_BLDG_CHA_L17_A_CornerExR_01_N1,40,keyword:building;keyword:corner;static_mesh;preferred_city_pack;mesh_naming;normal_path_depth
M0355,MESH,architecture_general,CitySampleBuildings,PENDING,SM_BLDG_CHA_L17_A_CornerIn_01_N1,StaticMesh,/Game/CitySampleBuildings/Building/CH/A/Kit_Bldg_CHA_L17_A/Mesh/SM_BLDG_CHA_L17_A_CornerIn_01_N1.SM_BLDG_CHA_L17_A_CornerIn_01_N1,40,keyword:building;keyword:corner;static_mesh;preferred_city_pack;mesh_naming;normal_path_depth
M0356,MESH,architecture_general,CitySampleBuildings,PENDING,SM_BLDG_CHA_L17_A_CornerInL_01_N1,StaticMesh,/Game/CitySampleBuildings/Building/CH/A/Kit_Bldg_CHA_L17_A/Mesh/SM_BLDG_CHA_L17_A_CornerInL_01_N1.SM_BLDG_CHA_L17_A_CornerInL_01_N1,40,keyword:building;keyword:corner;static_mesh;preferred_city_pack;mesh_naming;normal_path_depth
M0357,MESH,architecture_general,CitySampleBuildings,PENDING,SM_BLDG_CHA_L17_A_CornerInR_01_N1,StaticMesh,/Game/CitySampleBuildings/Building/CH/A/Kit_Bldg_CHA_L17_A/Mesh/SM_BLDG_CHA_L17_A_CornerInR_01_N1.SM_BLDG_CHA_L17_A_CornerInR_01_N1,40,keyword:building;keyword:corner;static_mesh;preferred_city_pack;mesh_naming;normal_path_depth
M0358,MESH,architecture_general,CitySampleBuildings,PENDING,SM_BLDG_CHA_L18_A_CornerEx_01_N1,StaticMesh,/Game/CitySampleBuildings/Building/CH/A/Kit_Bldg_CHA_L18_A/Mesh/SM_BLDG_CHA_L18_A_CornerEx_01_N1.SM_BLDG_CHA_L18_A_CornerEx_01_N1,40,keyword:building;keyword:corner;static_mesh;preferred_city_pack;mesh_naming;normal_path_depth
M0359,MESH,architecture_general,CitySampleBuildings,PENDING,SM_BLDG_CHA_L18_A_CornerExL_01_N1,StaticMesh,/Game/CitySampleBuildings/Building/CH/A/Kit_Bldg_CHA_L18_A/Mesh/SM_BLDG_CHA_L18_A_CornerExL_01_N1.SM_BLDG_CHA_L18_A_CornerExL_01_N1,40,keyword:building;keyword:corner;static_mesh;preferred_city_pack;mesh_naming;normal_path_depth
M0360,MESH,architecture_general,CitySampleBuildings,PENDING,SM_BLDG_CHA_L18_A_CornerExR_01_N1,StaticMesh,/Game/CitySampleBuildings/Building/CH/A/Kit_Bldg_CHA_L18_A/Mesh/SM_BLDG_CHA_L18_A_CornerExR_01_N1.SM_BLDG_CHA_L18_A_CornerExR_01_N1,40,keyword:building;keyword:corner;static_mesh;preferred_city_pack;mesh_naming;normal_path_depth
M0361,MESH,architecture_general,CitySampleBuildings,PENDING,SM_BLDG_CHA_L18_A_CornerIn_01_N1,StaticMesh,/Game/CitySampleBuildings/Building/CH/A/Kit_Bldg_CHA_L18_A/Mesh/SM_BLDG_CHA_L18_A_CornerIn_01_N1.SM_BLDG_CHA_L18_A_CornerIn_01_N1,40,keyword:building;keyword:corner;static_mesh;preferred_city_pack;mesh_naming;normal_path_depth
M0362,MESH,architecture_general,CitySampleBuildings,PENDING,SM_BLDG_CHA_L18_A_CornerInL_01_N1,StaticMesh,/Game/CitySampleBuildings/Building/CH/A/Kit_Bldg_CHA_L18_A/Mesh/SM_BLDG_CHA_L18_A_CornerInL_01_N1.SM_BLDG_CHA_L18_A_CornerInL_01_N1,40,keyword:building;keyword:corner;static_mesh;preferred_city_pack;mesh_naming;normal_path_depth
M0363,MESH,architecture_general,CitySampleBuildings,PENDING,SM_BLDG_CHA_L18_A_CornerInR_01_N1,StaticMesh,/Game/CitySampleBuildings/Building/CH/A/Kit_Bldg_CHA_L18_A/Mesh/SM_BLDG_CHA_L18_A_CornerInR_01_N1.SM_BLDG_CHA_L18_A_CornerInR_01_N1,40,keyword:building;keyword:corner;static_mesh;preferred_city_pack;mesh_naming;normal_path_depth
M0364,MESH,architecture_general,CitySampleBuildings,PENDING,SM_BLDG_CHA_L19_A_CornerEx_01_N1,StaticMesh,/Game/CitySampleBuildings/Building/CH/A/Kit_Bldg_CHA_L19_A/Mesh/SM_BLDG_CHA_L19_A_CornerEx_01_N1.SM_BLDG_CHA_L19_A_CornerEx_01_N1,40,keyword:building;keyword:corner;static_mesh;preferred_city_pack;mesh_naming;normal_path_depth
M0365,MESH,architecture_general,CitySampleBuildings,PENDING,SM_BLDG_CHA_L19_A_CornerExL_01_N1,StaticMesh,/Game/CitySampleBuildings/Building/CH/A/Kit_Bldg_CHA_L19_A/Mesh/SM_BLDG_CHA_L19_A_CornerExL_01_N1.SM_BLDG_CHA_L19_A_CornerExL_01_N1,40,keyword:building;keyword:corner;static_mesh;preferred_city_pack;mesh_naming;normal_path_depth
M0366,MESH,architecture_general,CitySampleBuildings,PENDING,SM_BLDG_CHA_L19_A_CornerExR_01_N1,StaticMesh,/Game/CitySampleBuildings/Building/CH/A/Kit_Bldg_CHA_L19_A/Mesh/SM_BLDG_CHA_L19_A_CornerExR_01_N1.SM_BLDG_CHA_L19_A_CornerExR_01_N1,40,keyword:building;keyword:corner;static_mesh;preferred_city_pack;mesh_naming;normal_path_depth
M0367,MESH,architecture_general,CitySampleBuildings,PENDING,SM_BLDG_CHA_L19_A_CornerIn_01_N1,StaticMesh,/Game/CitySampleBuildings/Building/CH/A/Kit_Bldg_CHA_L19_A/Mesh/SM_BLDG_CHA_L19_A_CornerIn_01_N1.SM_BLDG_CHA_L19_A_CornerIn_01_N1,40,keyword:building;keyword:corner;static_mesh;preferred_city_pack;mesh_naming;normal_path_depth
M0368,MESH,architecture_general,CitySampleBuildings,PENDING,SM_BLDG_CHA_L19_A_CornerInL_01_N1,StaticMesh,/Game/CitySampleBuildings/Building/CH/A/Kit_Bldg_CHA_L19_A/Mesh/SM_BLDG_CHA_L19_A_CornerInL_01_N1.SM_BLDG_CHA_L19_A_CornerInL_01_N1,40,keyword:building;keyword:corner;static_mesh;preferred_city_pack;mesh_naming;normal_path_depth
M0369,MESH,architecture_general,CitySampleBuildings,PENDING,SM_BLDG_CHA_L19_A_CornerInR_01_N1,StaticMesh,/Game/CitySampleBuildings/Building/CH/A/Kit_Bldg_CHA_L19_A/Mesh/SM_BLDG_CHA_L19_A_CornerInR_01_N1.SM_BLDG_CHA_L19_A_CornerInR_01_N1,40,keyword:building;keyword:corner;static_mesh;preferred_city_pack;mesh_naming;normal_path_depth
M0370,MESH,architecture_general,CitySampleBuildings,PENDING,SM_BLDG_CHA_L01_A_CornerEx_01_N1,StaticMesh,/Game/CitySampleBuildings/Building/CH/A/Kit_Bldg_CHa_L1_A/Mesh/SM_BLDG_CHA_L01_A_CornerEx_01_N1.SM_BLDG_CHA_L01_A_CornerEx_01_N1,40,keyword:building;keyword:corner;static_mesh;preferred_city_pack;mesh_naming;normal_path_depth
M0371,MESH,architecture_general,CitySampleBuildings,PENDING,SM_BLDG_CHA_L01_A_CornerExL_01_N1,StaticMesh,/Game/CitySampleBuildings/Building/CH/A/Kit_Bldg_CHa_L1_A/Mesh/SM_BLDG_CHA_L01_A_CornerExL_01_N1.SM_BLDG_CHA_L01_A_CornerExL_01_N1,40,keyword:building;keyword:corner;static_mesh;preferred_city_pack;mesh_naming;normal_path_depth
M0372,MESH,architecture_general,CitySampleBuildings,PENDING,SM_BLDG_CHA_L01_A_CornerExR_01_N1,StaticMesh,/Game/CitySampleBuildings/Building/CH/A/Kit_Bldg_CHa_L1_A/Mesh/SM_BLDG_CHA_L01_A_CornerExR_01_N1.SM_BLDG_CHA_L01_A_CornerExR_01_N1,40,keyword:building;keyword:corner;static_mesh;preferred_city_pack;mesh_naming;normal_path_depth
M0373,MESH,architecture_general,CitySampleBuildings,PENDING,SM_BLDG_CHA_L01_A_CornerIn_01_N1,StaticMesh,/Game/CitySampleBuildings/Building/CH/A/Kit_Bldg_CHa_L1_A/Mesh/SM_BLDG_CHA_L01_A_CornerIn_01_N1.SM_BLDG_CHA_L01_A_CornerIn_01_N1,40,keyword:building;keyword:corner;static_mesh;preferred_city_pack;mesh_naming;normal_path_depth
M0374,MESH,architecture_general,CitySampleBuildings,PENDING,SM_BLDG_CHA_L01_A_CornerInL_01_N1,StaticMesh,/Game/CitySampleBuildings/Building/CH/A/Kit_Bldg_CHa_L1_A/Mesh/SM_BLDG_CHA_L01_A_CornerInL_01_N1.SM_BLDG_CHA_L01_A_CornerInL_01_N1,40,keyword:building;keyword:corner;static_mesh;preferred_city_pack;mesh_naming;normal_path_depth
M0375,MESH,architecture_general,CitySampleBuildings,PENDING,SM_BLDG_CHA_L01_A_CornerInR_01_N1,StaticMesh,/Game/CitySampleBuildings/Building/CH/A/Kit_Bldg_CHa_L1_A/Mesh/SM_BLDG_CHA_L01_A_CornerInR_01_N1.SM_BLDG_CHA_L01_A_CornerInR_01_N1,40,keyword:building;keyword:corner;static_mesh;preferred_city_pack;mesh_naming;normal_path_depth
M0376,MESH,architecture_general,CitySampleBuildings,PENDING,SM_BLDG_CHA_L21_A_CornerEx_01_N1,StaticMesh,/Game/CitySampleBuildings/Building/CH/A/Kit_Bldg_CHa_L21_A/Mesh/SM_BLDG_CHA_L21_A_CornerEx_01_N1.SM_BLDG_CHA_L21_A_CornerEx_01_N1,40,keyword:building;keyword:corner;static_mesh;preferred_city_pack;mesh_naming;normal_path_depth
M0377,MESH,architecture_general,CitySampleBuildings,PENDING,SM_BLDG_CHA_L21_A_CornerExL_01_N1,StaticMesh,/Game/CitySampleBuildings/Building/CH/A/Kit_Bldg_CHa_L21_A/Mesh/SM_BLDG_CHA_L21_A_CornerExL_01_N1.SM_BLDG_CHA_L21_A_CornerExL_01_N1,40,keyword:building;keyword:corner;static_mesh;preferred_city_pack;mesh_naming;normal_path_depth
M0378,MESH,architecture_general,CitySampleBuildings,PENDING,SM_BLDG_CHA_L21_A_CornerExR_01_N1,StaticMesh,/Game/CitySampleBuildings/Building/CH/A/Kit_Bldg_CHa_L21_A/Mesh/SM_BLDG_CHA_L21_A_CornerExR_01_N1.SM_BLDG_CHA_L21_A_CornerExR_01_N1,40,keyword:building;keyword:corner;static_mesh;preferred_city_pack;mesh_naming;normal_path_depth
M0379,MESH,architecture_general,CitySampleBuildings,PENDING,SM_BLDG_CHA_L21_A_CornerIn_01_N1,StaticMesh,/Game/CitySampleBuildings/Building/CH/A/Kit_Bldg_CHa_L21_A/Mesh/SM_BLDG_CHA_L21_A_CornerIn_01_N1.SM_BLDG_CHA_L21_A_CornerIn_01_N1,40,keyword:building;keyword:corner;static_mesh;preferred_city_pack;mesh_naming;normal_path_depth
M0380,MESH,architecture_general,CitySampleBuildings,PENDING,SM_BLDG_CHA_L21_A_CornerInL_01_N1,StaticMesh,/Game/CitySampleBuildings/Building/CH/A/Kit_Bldg_CHa_L21_A/Mesh/SM_BLDG_CHA_L21_A_CornerInL_01_N1.SM_BLDG_CHA_L21_A_CornerInL_01_N1,40,keyword:building;keyword:corner;static_mesh;preferred_city_pack;mesh_naming;normal_path_depth
M0381,MESH,architecture_general,CitySampleBuildings,PENDING,SM_BLDG_CHA_L21_A_CornerInR_01_N1,StaticMesh,/Game/CitySampleBuildings/Building/CH/A/Kit_Bldg_CHa_L21_A/Mesh/SM_BLDG_CHA_L21_A_CornerInR_01_N1.SM_BLDG_CHA_L21_A_CornerInR_01_N1,40,keyword:building;keyword:corner;static_mesh;preferred_city_pack;mesh_naming;normal_path_depth
M0382,MESH,architecture_general,CitySampleBuildings,PENDING,SM_BLDG_CHA_L02_A_CornerEx_01_N1,StaticMesh,/Game/CitySampleBuildings/Building/CH/A/Kit_Bldg_CHA_L2_A/Mesh/SM_BLDG_CHA_L02_A_CornerEx_01_N1.SM_BLDG_CHA_L02_A_CornerEx_01_N1,40,keyword:building;keyword:corner;static_mesh;preferred_city_pack;mesh_naming;normal_path_depth
M0383,MESH,architecture_general,CitySampleBuildings,PENDING,SM_BLDG_CHA_L02_A_CornerExL_01_N1,StaticMesh,/Game/CitySampleBuildings/Building/CH/A/Kit_Bldg_CHA_L2_A/Mesh/SM_BLDG_CHA_L02_A_CornerExL_01_N1.SM_BLDG_CHA_L02_A_CornerExL_01_N1,40,keyword:building;keyword:corner;static_mesh;preferred_city_pack;mesh_naming;normal_path_depth
M0384,MESH,architecture_general,CitySampleBuildings,PENDING,SM_BLDG_CHA_L02_A_CornerExR_01_N1,StaticMesh,/Game/CitySampleBuildings/Building/CH/A/Kit_Bldg_CHA_L2_A/Mesh/SM_BLDG_CHA_L02_A_CornerExR_01_N1.SM_BLDG_CHA_L02_A_CornerExR_01_N1,40,keyword:building;keyword:corner;static_mesh;preferred_city_pack;mesh_naming;normal_path_depth
M0385,MESH,architecture_general,CitySampleBuildings,PENDING,SM_BLDG_CHA_L02_A_CornerIn_01_N1,StaticMesh,/Game/CitySampleBuildings/Building/CH/A/Kit_Bldg_CHA_L2_A/Mesh/SM_BLDG_CHA_L02_A_CornerIn_01_N1.SM_BLDG_CHA_L02_A_CornerIn_01_N1,40,keyword:building;keyword:corner;static_mesh;preferred_city_pack;mesh_naming;normal_path_depth
M0386,MESH,architecture_general,CitySampleBuildings,PENDING,SM_BLDG_CHA_L02_A_CornerInL_01_N1,StaticMesh,/Game/CitySampleBuildings/Building/CH/A/Kit_Bldg_CHA_L2_A/Mesh/SM_BLDG_CHA_L02_A_CornerInL_01_N1.SM_BLDG_CHA_L02_A_CornerInL_01_N1,40,keyword:building;keyword:corner;static_mesh;preferred_city_pack;mesh_naming;normal_path_depth
M0387,MESH,architecture_general,CitySampleBuildings,PENDING,SM_BLDG_CHA_L02_A_CornerInR_01_N1,StaticMesh,/Game/CitySampleBuildings/Building/CH/A/Kit_Bldg_CHA_L2_A/Mesh/SM_BLDG_CHA_L02_A_CornerInR_01_N1.SM_BLDG_CHA_L02_A_CornerInR_01_N1,40,keyword:building;keyword:corner;static_mesh;preferred_city_pack;mesh_naming;normal_path_depth
M0388,MESH,architecture_general,CitySampleBuildings,PENDING,SM_BLDG_CHA_L03_A_CornerEx_01_N1,StaticMesh,/Game/CitySampleBuildings/Building/CH/A/Kit_Bldg_CHA_L3_A/Mesh/SM_BLDG_CHA_L03_A_CornerEx_01_N1.SM_BLDG_CHA_L03_A_CornerEx_01_N1,40,keyword:building;keyword:corner;static_mesh;preferred_city_pack;mesh_naming;normal_path_depth
M0389,MESH,architecture_general,CitySampleBuildings,PENDING,SM_BLDG_CHA_L03_A_CornerExL_01_N1,StaticMesh,/Game/CitySampleBuildings/Building/CH/A/Kit_Bldg_CHA_L3_A/Mesh/SM_BLDG_CHA_L03_A_CornerExL_01_N1.SM_BLDG_CHA_L03_A_CornerExL_01_N1,40,keyword:building;keyword:corner;static_mesh;preferred_city_pack;mesh_naming;normal_path_depth
A001,MATERIAL,road_material,AsphaltMat,PENDING,MI_AsphaltMat_Inst1,MaterialInstanceConstant,/Game/AsphaltMat/Materials/MI_AsphaltMat_Inst1.MI_AsphaltMat_Inst1,,asphalt_material_variant
A002,MATERIAL,road_material,AsphaltMat,PENDING,MI_AsphaltMat_Inst10,MaterialInstanceConstant,/Game/AsphaltMat/Materials/MI_AsphaltMat_Inst10.MI_AsphaltMat_Inst10,,asphalt_material_variant
A003,MATERIAL,road_material,AsphaltMat,PENDING,MI_AsphaltMat_Inst2,MaterialInstanceConstant,/Game/AsphaltMat/Materials/MI_AsphaltMat_Inst2.MI_AsphaltMat_Inst2,,asphalt_material_variant
A004,MATERIAL,road_material,AsphaltMat,PENDING,MI_AsphaltMat_Inst3,MaterialInstanceConstant,/Game/AsphaltMat/Materials/MI_AsphaltMat_Inst3.MI_AsphaltMat_Inst3,,asphalt_material_variant
A005,MATERIAL,road_material,AsphaltMat,PENDING,MI_AsphaltMat_Inst4,MaterialInstanceConstant,/Game/AsphaltMat/Materials/MI_AsphaltMat_Inst4.MI_AsphaltMat_Inst4,,asphalt_material_variant
A006,MATERIAL,road_material,AsphaltMat,PENDING,MI_AsphaltMat_Inst5,MaterialInstanceConstant,/Game/AsphaltMat/Materials/MI_AsphaltMat_Inst5.MI_AsphaltMat_Inst5,,asphalt_material_variant
A007,MATERIAL,road_material,AsphaltMat,PENDING,MI_AsphaltMat_Inst6,MaterialInstanceConstant,/Game/AsphaltMat/Materials/MI_AsphaltMat_Inst6.MI_AsphaltMat_Inst6,,asphalt_material_variant
A008,MATERIAL,road_material,AsphaltMat,PENDING,MI_AsphaltMat_Inst7,MaterialInstanceConstant,/Game/AsphaltMat/Materials/MI_AsphaltMat_Inst7.MI_AsphaltMat_Inst7,,asphalt_material_variant
A009,MATERIAL,road_material,AsphaltMat,PENDING,MI_AsphaltMat_Inst8,MaterialInstanceConstant,/Game/AsphaltMat/Materials/MI_AsphaltMat_Inst8.MI_AsphaltMat_Inst8,,asphalt_material_variant
A010,MATERIAL,road_material,AsphaltMat,PENDING,MI_AsphaltMat_Inst9,MaterialInstanceConstant,/Game/AsphaltMat/Materials/MI_AsphaltMat_Inst9.MI_AsphaltMat_Inst9,,asphalt_material_variant
