review_id,decision,basis,generator_enabled,usage_class,district_pool,season_pool,selection_weight,category,role,pack,asset_name,asset_class,object_path,source_score,notes
A004,RESERVE,VISUAL,false,ROAD_SURFACE,HUB;SPRING;SUMMER;AUTUMN;WINTER,SPRING;SUMMER;AUTUMN;WINTER,0.35,road_material,DAMAGED_ROAD,AsphaltMat,MI_AsphaltMat_Inst3,MaterialInstanceConstant,/Game/AsphaltMat/Materials/MI_AsphaltMat_Inst3.MI_AsphaltMat_Inst3,0,Visually selected for heavily damaged road zones.
A007,RESERVE,VISUAL,false,ROAD_SURFACE,HUB;SPRING;SUMMER;AUTUMN;WINTER,SPRING;SUMMER;AUTUMN;WINTER,0.35,road_material,AGED_CRACKED_ROAD,AsphaltMat,MI_AsphaltMat_Inst6,MaterialInstanceConstant,/Game/AsphaltMat/Materials/MI_AsphaltMat_Inst6.MI_AsphaltMat_Inst6,0,"Visually selected for aged roads, parking areas and secondary streets."
A010,APPROVED,VISUAL,true,ROAD_SURFACE,HUB;SPRING;SUMMER;AUTUMN;WINTER,SPRING;SUMMER;AUTUMN;WINTER,1.00,road_material,PRIMARY_ROAD,AsphaltMat,MI_AsphaltMat_Inst9,MaterialInstanceConstant,/Game/AsphaltMat/Materials/MI_AsphaltMat_Inst9.MI_AsphaltMat_Inst9,0,Primary dark asphalt selected visually for the road network.
M0001,APPROVED,AUTO_POLICY,true,GAMEPLAY_OBSTACLE,HUB;SPRING;SUMMER;AUTUMN;WINTER,SPRING;SUMMER;AUTUMN;WINTER,0.89,barrier_fence,BARRIER_FENCE,Street_Props_Pack_V1,SM_Barrier,StaticMesh,/Game/Street_Props_Pack_V1/Mesh/SM_Barrier.SM_Barrier,40,Selected by deterministic production policy: high source score and variant-family diversity.
M0002,APPROVED,AUTO_POLICY,true,GAMEPLAY_OBSTACLE,HUB;SPRING;SUMMER;AUTUMN;WINTER,SPRING;SUMMER;AUTUMN;WINTER,0.89,barrier_fence,BARRIER_FENCE,Street_Props_Pack_V1,SM_barrier_2,StaticMesh,/Game/Street_Props_Pack_V1/Mesh/SM_barrier_2.SM_barrier_2,40,Selected by deterministic production policy: high source score and variant-family diversity.
M0003,APPROVED,AUTO_POLICY,true,GAMEPLAY_OBSTACLE,HUB;SPRING;SUMMER;AUTUMN;WINTER,SPRING;SUMMER;AUTUMN;WINTER,0.89,barrier_fence,BARRIER_FENCE,Street_Props_Pack_V1,SM_barrier_3_A,StaticMesh,/Game/Street_Props_Pack_V1/Mesh/SM_barrier_3_A.SM_barrier_3_A,40,Selected by deterministic production policy: high source score and variant-family diversity.
M0004,APPROVED,AUTO_POLICY,true,GAMEPLAY_OBSTACLE,HUB;SPRING;SUMMER;AUTUMN;WINTER,SPRING;SUMMER;AUTUMN;WINTER,0.89,barrier_fence,BARRIER_FENCE,Street_Props_Pack_V1,SM_barrier_3_B,StaticMesh,/Game/Street_Props_Pack_V1/Mesh/SM_barrier_3_B.SM_barrier_3_B,40,Selected by deterministic production policy: high source score and variant-family diversity.
M0005,APPROVED,AUTO_POLICY,true,GAMEPLAY_OBSTACLE,HUB;SPRING;SUMMER;AUTUMN;WINTER,SPRING;SUMMER;AUTUMN;WINTER,0.89,barrier_fence,BARRIER_FENCE,Street_Props_Pack_V1,SM_barrier_5,StaticMesh,/Game/Street_Props_Pack_V1/Mesh/SM_barrier_5.SM_barrier_5,40,Selected by deterministic production policy: high source score and variant-family diversity.
M0006,APPROVED,AUTO_POLICY,true,GAMEPLAY_OBSTACLE,HUB;SPRING;SUMMER;AUTUMN;WINTER,SPRING;SUMMER;AUTUMN;WINTER,0.89,barrier_fence,BARRIER_FENCE,Street_Props_Pack_V1,SM_barrier_6,StaticMesh,/Game/Street_Props_Pack_V1/Mesh/SM_barrier_6.SM_barrier_6,40,Selected by deterministic production policy: high source score and variant-family diversity.
M0007,APPROVED,AUTO_POLICY,true,GAMEPLAY_OBSTACLE,HUB;SPRING;SUMMER;AUTUMN;WINTER,SPRING;SUMMER;AUTUMN;WINTER,0.89,barrier_fence,BARRIER_FENCE,Street_Props_Pack_V1,SM_barrier_7_A,StaticMesh,/Game/Street_Props_Pack_V1/Mesh/SM_barrier_7_A.SM_barrier_7_A,40,Selected by deterministic production policy: high source score and variant-family diversity.
M0008,APPROVED,AUTO_POLICY,true,GAMEPLAY_OBSTACLE,HUB;SPRING;SUMMER;AUTUMN;WINTER,SPRING;SUMMER;AUTUMN;WINTER,0.89,barrier_fence,BARRIER_FENCE,Street_Props_Pack_V1,SM_barrier_7_B,StaticMesh,/Game/Street_Props_Pack_V1/Mesh/SM_barrier_7_B.SM_barrier_7_B,40,Selected by deterministic production policy: high source score and variant-family diversity.
M0009,APPROVED,AUTO_POLICY,true,GAMEPLAY_OBSTACLE,HUB;SPRING;SUMMER;AUTUMN;WINTER,SPRING;SUMMER;AUTUMN;WINTER,0.89,barrier_fence,BARRIER_FENCE,Street_Props_Pack_V1,SM_barrier_7_C,StaticMesh,/Game/Street_Props_Pack_V1/Mesh/SM_barrier_7_C.SM_barrier_7_C,40,Selected by deterministic production policy: high source score and variant-family diversity.
M0010,APPROVED,AUTO_POLICY,true,GAMEPLAY_OBSTACLE,HUB;SPRING;SUMMER;AUTUMN;WINTER,SPRING;SUMMER;AUTUMN;WINTER,0.89,barrier_fence,BARRIER_FENCE,Street_Props_Pack_V1,SM_barrier_8,StaticMesh,/Game/Street_Props_Pack_V1/Mesh/SM_barrier_8.SM_barrier_8,40,Selected by deterministic production policy: high source score and variant-family diversity.
M0011,APPROVED,AUTO_POLICY,true,GAMEPLAY_OBSTACLE,HUB;SPRING;SUMMER;AUTUMN;WINTER,SPRING;SUMMER;AUTUMN;WINTER,0.89,barrier_fence,BARRIER_FENCE,Street_Props_Pack_V1,SM_Fence_1,StaticMesh,/Game/Street_Props_Pack_V1/Mesh/SM_Fence_1.SM_Fence_1,40,Selected by deterministic production policy: high source score and variant-family diversity.
M0012,APPROVED,AUTO_POLICY,true,GAMEPLAY_OBSTACLE,HUB;SPRING;SUMMER;AUTUMN;WINTER,SPRING;SUMMER;AUTUMN;WINTER,0.89,barrier_fence,BARRIER_FENCE,Street_Props_Pack_V1,SM_Fence_2,StaticMesh,/Game/Street_Props_Pack_V1/Mesh/SM_Fence_2.SM_Fence_2,40,Selected by deterministic production policy: high source score and variant-family diversity.
M0013,APPROVED,AUTO_POLICY,true,GAMEPLAY_OBSTACLE,HUB;SPRING;SUMMER;AUTUMN;WINTER,SPRING;SUMMER;AUTUMN;WINTER,0.89,barrier_fence,BARRIER_FENCE,Street_Props_Pack_V1,SM_Fence_3,StaticMesh,/Game/Street_Props_Pack_V1/Mesh/SM_Fence_3.SM_Fence_3,40,Selected by deterministic production policy: high source score and variant-family diversity.
M0014,APPROVED,AUTO_POLICY,true,GAMEPLAY_OBSTACLE,HUB;SPRING;SUMMER;AUTUMN;WINTER,SPRING;SUMMER;AUTUMN;WINTER,0.89,barrier_fence,BARRIER_FENCE,Street_Props_Pack_V1,SM_Fence_4,StaticMesh,/Game/Street_Props_Pack_V1/Mesh/SM_Fence_4.SM_Fence_4,40,Selected by deterministic production policy: high source score and variant-family diversity.
M0015,RESERVE,AUTO_POLICY,false,GAMEPLAY_OBSTACLE,HUB;SPRING;SUMMER;AUTUMN;WINTER,SPRING;SUMMER;AUTUMN;WINTER,0.35,barrier_fence,BARRIER_FENCE,Street_Props_Pack_V1,SM_Fence_5,StaticMesh,/Game/Street_Props_Pack_V1/Mesh/SM_Fence_5.SM_Fence_5,40,Kept as deterministic reserve for visual variety or district-specific dressing.
M0016,RESERVE,AUTO_POLICY,false,GAMEPLAY_OBSTACLE,HUB;SPRING;SUMMER;AUTUMN;WINTER,SPRING;SUMMER;AUTUMN;WINTER,0.35,barrier_fence,BARRIER_FENCE,Street_Props_Pack_V1,SM_Fence_6_A,StaticMesh,/Game/Street_Props_Pack_V1/Mesh/SM_Fence_6_A.SM_Fence_6_A,40,Kept as deterministic reserve for visual variety or district-specific dressing.
M0017,RESERVE,AUTO_POLICY,false,GAMEPLAY_OBSTACLE,HUB;SPRING;SUMMER;AUTUMN;WINTER,SPRING;SUMMER;AUTUMN;WINTER,0.35,barrier_fence,BARRIER_FENCE,Street_Props_Pack_V1,SM_Fence_6_B,StaticMesh,/Game/Street_Props_Pack_V1/Mesh/SM_Fence_6_B.SM_Fence_6_B,40,Kept as deterministic reserve for visual variety or district-specific dressing.
M0018,RESERVE,AUTO_POLICY,false,GAMEPLAY_OBSTACLE,HUB;SPRING;SUMMER;AUTUMN;WINTER,SPRING;SUMMER;AUTUMN;WINTER,0.35,barrier_fence,BARRIER_FENCE,Street_Props_Pack_V1,SM_Fence_6_C,StaticMesh,/Game/Street_Props_Pack_V1/Mesh/SM_Fence_6_C.SM_Fence_6_C,40,Kept as deterministic reserve for visual variety or district-specific dressing.
M0019,RESERVE,AUTO_POLICY,false,GAMEPLAY_OBSTACLE,HUB;SPRING;SUMMER;AUTUMN;WINTER,SPRING;SUMMER;AUTUMN;WINTER,0.35,barrier_fence,BARRIER_FENCE,Street_Props_Pack_V1,SM_Fence_7,StaticMesh,/Game/Street_Props_Pack_V1/Mesh/SM_Fence_7.SM_Fence_7,40,Kept as deterministic reserve for visual variety or district-specific dressing.
M0020,RESERVE,AUTO_POLICY,false,GAMEPLAY_OBSTACLE,HUB;SPRING;SUMMER;AUTUMN;WINTER,SPRING;SUMMER;AUTUMN;WINTER,0.35,barrier_fence,BARRIER_FENCE,Street_Props_Pack_V1,SM_Fence_8_A,StaticMesh,/Game/Street_Props_Pack_V1/Mesh/SM_Fence_8_A.SM_Fence_8_A,40,Kept as deterministic reserve for visual variety or district-specific dressing.
M0021,RESERVE,AUTO_POLICY,false,GAMEPLAY_OBSTACLE,HUB;SPRING;SUMMER;AUTUMN;WINTER,SPRING;SUMMER;AUTUMN;WINTER,0.35,barrier_fence,BARRIER_FENCE,Street_Props_Pack_V1,SM_Fence_8_B,StaticMesh,/Game/Street_Props_Pack_V1/Mesh/SM_Fence_8_B.SM_Fence_8_B,40,Kept as deterministic reserve for visual variety or district-specific dressing.
M0022,RESERVE,AUTO_POLICY,false,GAMEPLAY_OBSTACLE,HUB;SPRING;SUMMER;AUTUMN;WINTER,SPRING;SUMMER;AUTUMN;WINTER,0.35,barrier_fence,BARRIER_FENCE,Street_Props_Pack_V1,SM_Fence_8_C,StaticMesh,/Game/Street_Props_Pack_V1/Mesh/SM_Fence_8_C.SM_Fence_8_C,40,Kept as deterministic reserve for visual variety or district-specific dressing.
M0023,APPROVED,VISUAL,true,STREET_DRESSING,HUB;SPRING;SUMMER;AUTUMN;WINTER,SPRING;SUMMER;AUTUMN;WINTER,1.04,street_prop,STREET_PROP,Street_Props_Pack_V1,SM_Bench,StaticMesh,/Game/Street_Props_Pack_V1/Mesh/SM_Bench.SM_Bench,40,Bench selected visually.
M0024,APPROVED,VISUAL,true,STREET_DRESSING,HUB;SPRING;SUMMER;AUTUMN;WINTER,SPRING;SUMMER;AUTUMN;WINTER,1.04,street_prop,STREET_PROP,Street_Props_Pack_V1,SM_Bench_2,StaticMesh,/Game/Street_Props_Pack_V1/Mesh/SM_Bench_2.SM_Bench_2,40,Bench variant selected visually.
M0025,APPROVED,VISUAL,true,STREET_DRESSING,HUB;SPRING;SUMMER;AUTUMN;WINTER,SPRING;SUMMER;AUTUMN;WINTER,1.04,street_prop,STREET_SIGN,Street_Props_Pack_V1,SM_Sign_1,StaticMesh,/Game/Street_Props_Pack_V1/Mesh/SM_Sign_1.SM_Sign_1,40,Street sign selected visually.
M0026,APPROVED,VISUAL,true,STREET_DRESSING,HUB;SPRING;SUMMER;AUTUMN;WINTER,SPRING;SUMMER;AUTUMN;WINTER,1.04,street_prop,STREET_SIGN,Street_Props_Pack_V1,SM_Sign_2,StaticMesh,/Game/Street_Props_Pack_V1/Mesh/SM_Sign_2.SM_Sign_2,40,Street sign selected visually.
M0027,APPROVED,VISUAL,true,STREET_DRESSING,HUB;SPRING;SUMMER;AUTUMN;WINTER,SPRING;SUMMER;AUTUMN;WINTER,1.04,street_prop,STREET_SIGN,Street_Props_Pack_V1,SM_Sign_3,StaticMesh,/Game/Street_Props_Pack_V1/Mesh/SM_Sign_3.SM_Sign_3,40,Street sign selected visually.
M0028,APPROVED,VISUAL,true,STREET_DRESSING,HUB;SPRING;SUMMER;AUTUMN;WINTER,SPRING;SUMMER;AUTUMN;WINTER,1.04,street_prop,STREET_SIGN,Street_Props_Pack_V1,SM_Sign_4,StaticMesh,/Game/Street_Props_Pack_V1/Mesh/SM_Sign_4.SM_Sign_4,40,Street sign selected visually.
M0029,APPROVED,VISUAL,true,STREET_DRESSING,HUB;SPRING;SUMMER;AUTUMN;WINTER,SPRING;SUMMER;AUTUMN;WINTER,1.04,street_prop,STREET_SIGN,Street_Props_Pack_V1,SM_Sign_5,StaticMesh,/Game/Street_Props_Pack_V1/Mesh/SM_Sign_5.SM_Sign_5,40,Street sign selected visually.
M0030,APPROVED,VISUAL,true,STREET_DRESSING,HUB;SPRING;SUMMER;AUTUMN;WINTER,SPRING;SUMMER;AUTUMN;WINTER,1.04,street_prop,STREET_SIGN,Street_Props_Pack_V1,SM_Sign_6,StaticMesh,/Game/Street_Props_Pack_V1/Mesh/SM_Sign_6.SM_Sign_6,40,Street sign selected visually.
M0031,APPROVED,VISUAL,true,STREET_DRESSING,HUB;SPRING;SUMMER;AUTUMN;WINTER,SPRING;SUMMER;AUTUMN;WINTER,1.04,street_prop,STREET_SIGN,Street_Props_Pack_V1,SM_Sign_7,StaticMesh,/Game/Street_Props_Pack_V1/Mesh/SM_Sign_7.SM_Sign_7,40,Street sign selected visually.
M0032,APPROVED,VISUAL,true,STREET_DRESSING,HUB;SPRING;SUMMER;AUTUMN;WINTER,SPRING;SUMMER;AUTUMN;WINTER,1.04,street_prop,STREET_SIGN,Street_Props_Pack_V1,SM_Sign_8,StaticMesh,/Game/Street_Props_Pack_V1/Mesh/SM_Sign_8.SM_Sign_8,40,Street sign selected visually.
M0033,APPROVED,VISUAL,true,STREET_DRESSING,HUB;SPRING;SUMMER;AUTUMN;WINTER,SPRING;SUMMER;AUTUMN;WINTER,1.04,street_prop,STREET_SIGN,Street_Props_Pack_V1,SM_Sign_9,StaticMesh,/Game/Street_Props_Pack_V1/Mesh/SM_Sign_9.SM_Sign_9,40,Street sign selected visually.
M0034,APPROVED,VISUAL,true,STREET_DRESSING,HUB;SPRING;SUMMER;AUTUMN;WINTER,SPRING;SUMMER;AUTUMN;WINTER,1.03,street_prop,BICYCLE_STAND,Street_Props_Pack_V1,SM_Bicycle_stand_1,StaticMesh,/Game/Street_Props_Pack_V1/Mesh/SM_Bicycle_stand_1.SM_Bicycle_stand_1,32,Bicycle stand selected visually.
M0035,APPROVED,VISUAL,true,STREET_DRESSING,HUB;SPRING;SUMMER;AUTUMN;WINTER,SPRING;SUMMER;AUTUMN;WINTER,1.03,street_prop,BICYCLE_STAND,Street_Props_Pack_V1,SM_Bicycle_stand_2,StaticMesh,/Game/Street_Props_Pack_V1/Mesh/SM_Bicycle_stand_2.SM_Bicycle_stand_2,32,Bicycle stand variant selected visually.
M0036,APPROVED,VISUAL,true,STREET_DRESSING,HUB;SPRING;SUMMER;AUTUMN;WINTER,SPRING;SUMMER;AUTUMN;WINTER,1.03,street_prop,BUS_STOP,Street_Props_Pack_V1,SM_Bus_stop,StaticMesh,/Game/Street_Props_Pack_V1/Mesh/SM_Bus_stop.SM_Bus_stop,32,Bus stop selected visually.
M0037,APPROVED,VISUAL,true,STREET_DRESSING,HUB;SPRING;SUMMER;AUTUMN;WINTER,SPRING;SUMMER;AUTUMN;WINTER,1.03,street_prop,BUS_STOP,Street_Props_Pack_V1,SM_Bus_Stop_2,StaticMesh,/Game/Street_Props_Pack_V1/Mesh/SM_Bus_Stop_2.SM_Bus_Stop_2,32,Bus stop variant selected visually.
M0038,RESERVE,VISUAL,false,STREET_DRESSING,HUB;SPRING;SUMMER;AUTUMN;WINTER,SPRING;SUMMER;AUTUMN;WINTER,0.35,street_prop,FLOWER_POT,Street_Props_Pack_V1,SM_Flower_Pot,StaticMesh,/Game/Street_Props_Pack_V1/Mesh/SM_Flower_Pot.SM_Flower_Pot,32,Secondary dressing only.
M0039,RESERVE,VISUAL,false,STREET_DRESSING,HUB;SPRING;SUMMER;AUTUMN;WINTER,SPRING;SUMMER;AUTUMN;WINTER,0.35,street_prop,FLOWER_POT,Street_Props_Pack_V1,SM_Flower_Pot_2,StaticMesh,/Game/Street_Props_Pack_V1/Mesh/SM_Flower_Pot_2.SM_Flower_Pot_2,32,Secondary dressing only.
M0040,RESERVE,VISUAL,false,STREET_DRESSING,HUB;SPRING;SUMMER;AUTUMN;WINTER,SPRING;SUMMER;AUTUMN;WINTER,0.35,street_prop,FLOWER_POT,Street_Props_Pack_V1,SM_Flower_Pot_3,StaticMesh,/Game/Street_Props_Pack_V1/Mesh/SM_Flower_Pot_3.SM_Flower_Pot_3,32,Secondary dressing only.
M0041,RESERVE,VISUAL,false,STREET_DRESSING,HUB;SPRING;SUMMER;AUTUMN;WINTER,SPRING;SUMMER;AUTUMN;WINTER,0.35,street_prop,FLOWER_POT,Street_Props_Pack_V1,SM_Flower_Pot_4,StaticMesh,/Game/Street_Props_Pack_V1/Mesh/SM_Flower_Pot_4.SM_Flower_Pot_4,32,Secondary dressing only.
M0042,RESERVE,VISUAL,false,STREET_DRESSING,HUB;SPRING;SUMMER;AUTUMN;WINTER,SPRING;SUMMER;AUTUMN;WINTER,0.35,street_prop,LANTERN,Street_Props_Pack_V1,SM_Lantern_1,StaticMesh,/Game/Street_Props_Pack_V1/Mesh/SM_Lantern_1.SM_Lantern_1,32,Atmospheric secondary dressing.
M0043,APPROVED,VISUAL,true,STREET_DRESSING,HUB;SPRING;SUMMER;AUTUMN;WINTER,SPRING;SUMMER;AUTUMN;WINTER,1.03,street_prop,PALLET,Street_Props_Pack_V1,SM_Pallet,StaticMesh,/Game/Street_Props_Pack_V1/Mesh/SM_Pallet.SM_Pallet,32,Useful urban clutter and gameplay dressing.
M0044,RESERVE,VISUAL,false,STREET_DRESSING,HUB;SPRING;SUMMER;AUTUMN;WINTER,SPRING;SUMMER;AUTUMN;WINTER,0.35,street_prop,PIER,Street_Props_Pack_V1,SM_Pier,StaticMesh,/Game/Street_Props_Pack_V1/Mesh/SM_Pier.SM_Pier,32,Use only for waterfront-specific dressing.
M0045,RESERVE,VISUAL,false,STREET_DRESSING,HUB;SPRING;SUMMER;AUTUMN;WINTER,SPRING;SUMMER;AUTUMN;WINTER,0.35,street_prop,PIER,Street_Props_Pack_V1,SM_Pier_2,StaticMesh,/Game/Street_Props_Pack_V1/Mesh/SM_Pier_2.SM_Pier_2,32,Use only for waterfront-specific dressing.
M0046,RESERVE,VISUAL,false,STREET_DRESSING,HUB;SPRING;SUMMER;AUTUMN;WINTER,SPRING;SUMMER;AUTUMN;WINTER,0.35,street_prop,PIER,Street_Props_Pack_V1,SM_Pier_3,StaticMesh,/Game/Street_Props_Pack_V1/Mesh/SM_Pier_3.SM_Pier_3,32,Use only for waterfront-specific dressing.
M0047,RESERVE,VISUAL,false,STREET_DRESSING,HUB;SPRING;SUMMER;AUTUMN;WINTER,SPRING;SUMMER;AUTUMN;WINTER,0.35,street_prop,PIER,Street_Props_Pack_V1,SM_Pier_4,StaticMesh,/Game/Street_Props_Pack_V1/Mesh/SM_Pier_4.SM_Pier_4,32,Use only for waterfront-specific dressing.
M0048,APPROVED,VISUAL,true,STREET_DRESSING,HUB;SPRING;SUMMER;AUTUMN;WINTER,SPRING;SUMMER;AUTUMN;WINTER,1.03,street_prop,PYLON,Street_Props_Pack_V1,SM_Pylons,StaticMesh,/Game/Street_Props_Pack_V1/Mesh/SM_Pylons.SM_Pylons,32,Useful traffic-control prop.
M0049,APPROVED,VISUAL,true,STREET_DRESSING,HUB;SPRING;SUMMER;AUTUMN;WINTER,SPRING;SUMMER;AUTUMN;WINTER,1.03,street_prop,SPEED_BUMP,Street_Props_Pack_V1,SM_Speed_Bumber,StaticMesh,/Game/Street_Props_Pack_V1/Mesh/SM_Speed_Bumber.SM_Speed_Bumber,32,Useful road gameplay/environment prop.
M0050,APPROVED,VISUAL,true,STREET_DRESSING,HUB;SPRING;SUMMER;AUTUMN;WINTER,SPRING;SUMMER;AUTUMN;WINTER,1.02,street_prop,STREET_LAMP,CitySampleBuildings,SM_BLDG_Prop_Lamp_CHA_A01_N1,StaticMesh,/Game/CitySampleBuildings/Building/CH/A/Kit_Prop_CHA/Mesh/SM_BLDG_Prop_Lamp_CHA_A01_N1.SM_BLDG_Prop_Lamp_CHA_A01_N1,22,Strong urban lighting landmark.
M0051,APPROVED,VISUAL,true,STREET_DRESSING,HUB;SPRING;SUMMER;AUTUMN;WINTER,SPRING;SUMMER;AUTUMN;WINTER,1.02,street_prop,STREET_SIGN,CitySampleBuildings,SM_PROP_NYA_A_Sign_01_N1,StaticMesh,/Game/CitySampleBuildings/Building/NY/A/Kit_PROP_NYA/Mesh/SM_PROP_NYA_A_Sign_01_N1.SM_PROP_NYA_A_Sign_01_N1,22,City Sample sign selected visually.
M0052,APPROVED,VISUAL,true,STREET_DRESSING,HUB;SPRING;SUMMER;AUTUMN;WINTER,SPRING;SUMMER;AUTUMN;WINTER,1.02,street_prop,STREET_SIGN,CitySampleBuildings,SM_PROP_NYA_A_Sign_02_N1,StaticMesh,/Game/CitySampleBuildings/Building/NY/A/Kit_PROP_NYA/Mesh/SM_PROP_NYA_A_Sign_02_N1.SM_PROP_NYA_A_Sign_02_N1,22,City Sample sign selected visually.
M0053,APPROVED,VISUAL,true,STREET_DRESSING,HUB;SPRING;SUMMER;AUTUMN;WINTER,SPRING;SUMMER;AUTUMN;WINTER,1.02,street_prop,STREET_SIGN,CitySampleBuildings,SM_PROP_NYA_A_Sign_03_N1,StaticMesh,/Game/CitySampleBuildings/Building/NY/A/Kit_PROP_NYA/Mesh/SM_PROP_NYA_A_Sign_03_N1.SM_PROP_NYA_A_Sign_03_N1,22,City Sample sign selected visually.
M0054,APPROVED,VISUAL,true,STREET_DRESSING,HUB;SPRING;SUMMER;AUTUMN;WINTER,SPRING;SUMMER;AUTUMN;WINTER,1.02,street_prop,STREET_SIGN,CitySampleBuildings,SM_PROP_NYA_A_Sign_04_N1,StaticMesh,/Game/CitySampleBuildings/Building/NY/A/Kit_PROP_NYA/Mesh/SM_PROP_NYA_A_Sign_04_N1.SM_PROP_NYA_A_Sign_04_N1,22,City Sample sign selected visually.
M0055,APPROVED,VISUAL,true,STREET_DRESSING,HUB;SPRING;SUMMER;AUTUMN;WINTER,SPRING;SUMMER;AUTUMN;WINTER,1.02,street_prop,STREET_SIGN,CitySampleBuildings,SM_PROP_NYA_A_Sign_05_N1,StaticMesh,/Game/CitySampleBuildings/Building/NY/A/Kit_PROP_NYA/Mesh/SM_PROP_NYA_A_Sign_05_N1.SM_PROP_NYA_A_Sign_05_N1,22,City Sample sign selected visually.
M0056,APPROVED,VISUAL,true,STREET_DRESSING,HUB;SPRING;SUMMER;AUTUMN;WINTER,SPRING;SUMMER;AUTUMN;WINTER,1.02,street_prop,STREET_LAMP,CitySampleBuildings,SM_BLDG_Prop_Lamp_SFB_A01,StaticMesh,/Game/CitySampleBuildings/Building/SF/B/Kit_Prop_SFB/Mesh/SM_BLDG_Prop_Lamp_SFB_A01.SM_BLDG_Prop_Lamp_SFB_A01,22,Strong urban lighting landmark.
M0057,APPROVED,AUTO_POLICY,true,DESTRUCTION_DRESSING,HUB;SPRING;SUMMER;AUTUMN;WINTER,SPRING;SUMMER;AUTUMN;WINTER,0.90,debris_rubble,DEBRIS_RUBBLE,Scene_UnfinishedBuilding,SM_Ind_Rub_Debris_Concrete_Broken_01,StaticMesh,/Game/Scene_UnfinishedBuilding/Assets/Megascans/3D_Assets/Ind_Rub_Debris_Concrete_Broken_01/SM_Ind_Rub_Debris_Concrete_Broken_01.SM_Ind_Rub_Debris_Concrete_Broken_01,50,Selected by deterministic production policy: high source score and variant-family diversity.
M0058,APPROVED,AUTO_POLICY,true,DESTRUCTION_DRESSING,HUB;SPRING;SUMMER;AUTUMN;WINTER,SPRING;SUMMER;AUTUMN;WINTER,0.90,debris_rubble,DEBRIS_RUBBLE,Scene_UnfinishedBuilding,SM_Ind_Rub_Debris_Concrete_Broken_02,StaticMesh,/Game/Scene_UnfinishedBuilding/Assets/Megascans/3D_Assets/Ind_Rub_Debris_Concrete_Broken_02/SM_Ind_Rub_Debris_Concrete_Broken_02.SM_Ind_Rub_Debris_Concrete_Broken_02,50,Selected by deterministic production policy: high source score and variant-family diversity.
M0059,APPROVED,AUTO_POLICY,true,DESTRUCTION_DRESSING,HUB;SPRING;SUMMER;AUTUMN;WINTER,SPRING;SUMMER;AUTUMN;WINTER,0.90,debris_rubble,DEBRIS_RUBBLE,Scene_UnfinishedBuilding,SM_Ind_Rub_Debris_Concrete_Broken_03,StaticMesh,/Game/Scene_UnfinishedBuilding/Assets/Megascans/3D_Assets/Ind_Rub_Debris_Concrete_Broken_03/SM_Ind_Rub_Debris_Concrete_Broken_03.SM_Ind_Rub_Debris_Concrete_Broken_03,50,Selected by deterministic production policy: high source score and variant-family diversity.
M0060,APPROVED,AUTO_POLICY,true,DESTRUCTION_DRESSING,HUB;SPRING;SUMMER;AUTUMN;WINTER,SPRING;SUMMER;AUTUMN;WINTER,0.90,debris_rubble,DEBRIS_RUBBLE,Scene_UnfinishedBuilding,SM_Ind_Rub_Debris_Concrete_Broken_04,StaticMesh,/Game/Scene_UnfinishedBuilding/Assets/Megascans/3D_Assets/Ind_Rub_Debris_Concrete_Broken_04/SM_Ind_Rub_Debris_Concrete_Broken_04.SM_Ind_Rub_Debris_Concrete_Broken_04,50,Selected by deterministic production policy: high source score and variant-family diversity.
M0061,RESERVE,AUTO_POLICY,false,DESTRUCTION_DRESSING,HUB;SPRING;SUMMER;AUTUMN;WINTER,SPRING;SUMMER;AUTUMN;WINTER,0.35,debris_rubble,DEBRIS_RUBBLE,Scene_UnfinishedBuilding,SM_Ind_Rub_Debris_Concrete_Broken_05,StaticMesh,/Game/Scene_UnfinishedBuilding/Assets/Megascans/3D_Assets/Ind_Rub_Debris_Concrete_Broken_05/SM_Ind_Rub_Debris_Concrete_Broken_05.SM_Ind_Rub_Debris_Concrete_Broken_05,50,Kept as deterministic reserve for visual variety or district-specific dressing.
M0062,RESERVE,AUTO_POLICY,false,DESTRUCTION_DRESSING,HUB;SPRING;SUMMER;AUTUMN;WINTER,SPRING;SUMMER;AUTUMN;WINTER,0.35,debris_rubble,DEBRIS_RUBBLE,Scene_UnfinishedBuilding,SM_Ind_Rub_Debris_Concrete_Broken_06,StaticMesh,/Game/Scene_UnfinishedBuilding/Assets/Megascans/3D_Assets/Ind_Rub_Debris_Concrete_Broken_06/SM_Ind_Rub_Debris_Concrete_Broken_06.SM_Ind_Rub_Debris_Concrete_Broken_06,50,Kept as deterministic reserve for visual variety or district-specific dressing.
M0063,APPROVED,AUTO_POLICY,true,DESTRUCTION_DRESSING,HUB;SPRING;SUMMER;AUTUMN;WINTER,SPRING;SUMMER;AUTUMN;WINTER,0.89,debris_rubble,DEBRIS_RUBBLE,Scene_UnfinishedBuilding,SM_Ind_Con_Pile_Rubble_Gravel_Patch_01,StaticMesh,/Game/Scene_UnfinishedBuilding/Assets/Megascans/3D_Assets/Ind_Con_Pile_Rubble_Gravel_Patch_01/SM_Ind_Con_Pile_Rubble_Gravel_Patch_01.SM_Ind_Con_Pile_Rubble_Gravel_Patch_01,42,Selected by deterministic production policy: high source score and variant-family diversity.
M0064,APPROVED,AUTO_POLICY,true,DESTRUCTION_DRESSING,HUB;SPRING;SUMMER;AUTUMN;WINTER,SPRING;SUMMER;AUTUMN;WINTER,0.89,debris_rubble,DEBRIS_RUBBLE,Scene_UnfinishedBuilding,SM_Ind_Con_Storeage_Sack_Debris_M_01,StaticMesh,/Game/Scene_UnfinishedBuilding/Assets/Megascans/3D_Assets/Ind_Con_Storeage_Sack_Debris_M_01/SM_Ind_Con_Storeage_Sack_Debris_M_01.SM_Ind_Con_Storeage_Sack_Debris_M_01,42,Selected by deterministic production policy: high source score and variant-family diversity.
M0065,APPROVED,AUTO_POLICY,true,DESTRUCTION_DRESSING,HUB;SPRING;SUMMER;AUTUMN;WINTER,SPRING;SUMMER;AUTUMN;WINTER,0.89,debris_rubble,DEBRIS_RUBBLE,Scene_UnfinishedBuilding,SM_Ind_Rub_Debris_Concrete_S_01,StaticMesh,/Game/Scene_UnfinishedBuilding/Assets/Megascans/3D_Assets/Ind_Rub_Debris_Concrete_S_01/SM_Ind_Rub_Debris_Concrete_S_01.SM_Ind_Rub_Debris_Concrete_S_01,42,Selected by deterministic production policy: high source score and variant-family diversity.
M0066,RESERVE,AUTO_POLICY,false,DESTRUCTION_DRESSING,HUB;SPRING;SUMMER;AUTUMN;WINTER,SPRING;SUMMER;AUTUMN;WINTER,0.35,debris_rubble,DEBRIS_RUBBLE,Scene_UnfinishedBuilding,SM_Ind_Rub_Debris_Concrete_S_02,StaticMesh,/Game/Scene_UnfinishedBuilding/Assets/Megascans/3D_Assets/Ind_Rub_Debris_Concrete_S_02/SM_Ind_Rub_Debris_Concrete_S_02.SM_Ind_Rub_Debris_Concrete_S_02,42,Kept as deterministic reserve for visual variety or district-specific dressing.
M0067,RESERVE,AUTO_POLICY,false,DESTRUCTION_DRESSING,HUB;SPRING;SUMMER;AUTUMN;WINTER,SPRING;SUMMER;AUTUMN;WINTER,0.35,debris_rubble,DEBRIS_RUBBLE,Scene_UnfinishedBuilding,SM_Ind_Rub_Debris_Concrete_S_03,StaticMesh,/Game/Scene_UnfinishedBuilding/Assets/Megascans/3D_Assets/Ind_Rub_Debris_Concrete_S_03/SM_Ind_Rub_Debris_Concrete_S_03.SM_Ind_Rub_Debris_Concrete_S_03,42,Kept as deterministic reserve for visual variety or district-specific dressing.
M0068,APPROVED,AUTO_POLICY,true,DESTRUCTION_DRESSING,HUB;SPRING;SUMMER;AUTUMN;WINTER,SPRING;SUMMER;AUTUMN;WINTER,0.89,debris_rubble,DEBRIS_RUBBLE,Scene_UnfinishedBuilding,SM_Ind_Rub_Pile_Debris_Concrete_M_05,StaticMesh,/Game/Scene_UnfinishedBuilding/Assets/Megascans/3D_Assets/Ind_Rub_Pile_Debris_Concrete_M_05/SM_Ind_Rub_Pile_Debris_Concrete_M_05.SM_Ind_Rub_Pile_Debris_Concrete_M_05,42,Selected by deterministic production policy: high source score and variant-family diversity.
M0069,APPROVED,AUTO_POLICY,true,DESTRUCTION_DRESSING,HUB;SPRING;SUMMER;AUTUMN;WINTER,SPRING;SUMMER;AUTUMN;WINTER,0.89,debris_rubble,DEBRIS_RUBBLE,Scene_UnfinishedBuilding,SM_Ind_Rub_Pile_Debris_Gravel_M_01,StaticMesh,/Game/Scene_UnfinishedBuilding/Assets/Megascans/3D_Assets/Ind_Rub_Pile_Debris_Gravel_M_01/SM_Ind_Rub_Pile_Debris_Gravel_M_01.SM_Ind_Rub_Pile_Debris_Gravel_M_01,42,Selected by deterministic production policy: high source score and variant-family diversity.
M0070,APPROVED,AUTO_POLICY,true,DESTRUCTION_DRESSING,HUB;SPRING;SUMMER;AUTUMN;WINTER,SPRING;SUMMER;AUTUMN;WINTER,0.89,debris_rubble,DEBRIS_RUBBLE,Street_Props_Pack_V1,SM_Trash,StaticMesh,/Game/Street_Props_Pack_V1/Mesh/SM_Trash.SM_Trash,40,Selected by deterministic production policy: high source score and variant-family diversity.
M0071,RESERVE,AUTO_POLICY,false,DESTRUCTION_DRESSING,HUB;SPRING;SUMMER;AUTUMN;WINTER,SPRING;SUMMER;AUTUMN;WINTER,0.35,debris_rubble,DEBRIS_RUBBLE,Street_Props_Pack_V1,SM_Trash_2,StaticMesh,/Game/Street_Props_Pack_V1/Mesh/SM_Trash_2.SM_Trash_2,40,Kept as deterministic reserve for visual variety or district-specific dressing.
M0072,APPROVED,AUTO_POLICY,true,RUIN_MODULE,SUMMER;AUTUMN;WINTER,SUMMER;AUTUMN;WINTER,0.90,ruin_general,RUIN_MODULE,Scene_UnfinishedBuilding,SM_Ind_Rub_Block_Cinder_Concrete_Chipped_02,StaticMesh,/Game/Scene_UnfinishedBuilding/Assets/Megascans/3D_Assets/Ind_Rub_Block_Cinder_Concrete_Chipped_02/SM_Ind_Rub_Block_Cinder_Concrete_Chipped_02.SM_Ind_Rub_Block_Cinder_Concrete_Chipped_02,50,Selected by deterministic production policy: high source score and variant-family diversity.
M0073,RESERVE,AUTO_POLICY,false,RUIN_MODULE,SUMMER;AUTUMN;WINTER,SUMMER;AUTUMN;WINTER,0.35,ruin_general,RUIN_MODULE,Scene_UnfinishedBuilding,SM_Ind_Rub_Block_Cinder_Concrete_Chipped_03,StaticMesh,/Game/Scene_UnfinishedBuilding/Assets/Megascans/3D_Assets/Ind_Rub_Block_Cinder_Concrete_Chipped_03/SM_Ind_Rub_Block_Cinder_Concrete_Chipped_03.SM_Ind_Rub_Block_Cinder_Concrete_Chipped_03,50,Kept as deterministic reserve for visual variety or district-specific dressing.
M0074,APPROVED,AUTO_POLICY,true,RUIN_MODULE,SUMMER;AUTUMN;WINTER,SUMMER;AUTUMN;WINTER,0.90,ruin_general,RUIN_MODULE,Scene_UnfinishedBuilding,SM_Ind_Rub_Pile_Concrete_M_01,StaticMesh,/Game/Scene_UnfinishedBuilding/Assets/Megascans/3D_Assets/Ind_Rub_Pile_Concrete_M_01/SM_Ind_Rub_Pile_Concrete_M_01.SM_Ind_Rub_Pile_Concrete_M_01,50,Selected by deterministic production policy: high source score and variant-family diversity.
M0075,RESERVE,AUTO_POLICY,false,RUIN_MODULE,SUMMER;AUTUMN;WINTER,SUMMER;AUTUMN;WINTER,0.35,ruin_general,RUIN_MODULE,Scene_UnfinishedBuilding,SM_Ind_Rub_Pile_Concrete_M_05,StaticMesh,/Game/Scene_UnfinishedBuilding/Assets/Megascans/3D_Assets/Ind_Rub_Pile_Concrete_M_05/SM_Ind_Rub_Pile_Concrete_M_05.SM_Ind_Rub_Pile_Concrete_M_05,50,Kept as deterministic reserve for visual variety or district-specific dressing.
M0076,APPROVED,AUTO_POLICY,true,RUIN_MODULE,SUMMER;AUTUMN;WINTER,SUMMER;AUTUMN;WINTER,0.89,ruin_general,RUIN_MODULE,Scene_UnfinishedBuilding,SM_Ind_Unf_Wire,StaticMesh,/Game/Scene_UnfinishedBuilding/Assets/Blueprints/Ind_Unf_Wire/SM_Ind_Unf_Wire.SM_Ind_Unf_Wire,42,Selected by deterministic production policy: high source score and variant-family diversity.
M0077,APPROVED,AUTO_POLICY,true,RUIN_MODULE,SUMMER;AUTUMN;WINTER,SUMMER;AUTUMN;WINTER,0.89,ruin_general,RUIN_MODULE,Scene_UnfinishedBuilding,SM_Ind_Unf_GlowPlane_01,StaticMesh,/Game/Scene_UnfinishedBuilding/Assets/Custom/Inf_Unf_GlowPlane/SM_Ind_Unf_GlowPlane_01.SM_Ind_Unf_GlowPlane_01,42,Selected by deterministic production policy: high source score and variant-family diversity.
M0078,APPROVED,AUTO_POLICY,true,RUIN_MODULE,SUMMER;AUTUMN;WINTER,SUMMER;AUTUMN;WINTER,0.89,ruin_general,RUIN_MODULE,Scene_UnfinishedBuilding,SM_Ind_Fac_Container_Drum_Metal_Worn_02,StaticMesh,/Game/Scene_UnfinishedBuilding/Assets/Megascans/3D_Assets/Ind_Fac_Container_Drum_Metal_Worn_02/SM_Ind_Fac_Container_Drum_Metal_Worn_02.SM_Ind_Fac_Container_Drum_Metal_Worn_02,42,Selected by deterministic production policy: high source score and variant-family diversity.
M0079,APPROVED,AUTO_POLICY,true,RUIN_MODULE,SUMMER;AUTUMN;WINTER,SUMMER;AUTUMN;WINTER,0.89,ruin_general,RUIN_MODULE,Scene_UnfinishedBuilding,SM_Ind_War_Storage_Pallet_Wood_Worn_01,StaticMesh,/Game/Scene_UnfinishedBuilding/Assets/Megascans/3D_Assets/Ind_War_Storage_Pallet_Wood_Worn_01/SM_Ind_War_Storage_Pallet_Wood_Worn_01.SM_Ind_War_Storage_Pallet_Wood_Worn_01,42,Selected by deterministic production policy: high source score and variant-family diversity.
M0080,APPROVED,AUTO_POLICY,true,RUIN_MODULE,SUMMER;AUTUMN;WINTER,SUMMER;AUTUMN;WINTER,0.89,ruin_general,RUIN_MODULE,Scene_UnfinishedBuilding,SM_Ind_War_Storage_Sheet_Cardboard_Flattened_02,StaticMesh,/Game/Scene_UnfinishedBuilding/Assets/Megascans/3D_Assets/Ind_War_Storage_Sheet_Cardboard_Flattened_02/SM_Ind_War_Storage_Sheet_Cardboard_Flattened_02.SM_Ind_War_Storage_Sheet_Cardboard_Flattened_02,42,Selected by deterministic production policy: high source score and variant-family diversity.
M0081,RESERVE,AUTO_POLICY,false,RUIN_MODULE,SUMMER;AUTUMN;WINTER,SUMMER;AUTUMN;WINTER,0.35,ruin_general,RUIN_MODULE,Scene_UnfinishedBuilding,SM_Ind_War_Storage_Sheet_Cardboard_Flattened_04,StaticMesh,/Game/Scene_UnfinishedBuilding/Assets/Megascans/3D_Assets/Ind_War_Storage_Sheet_Cardboard_Flattened_04/SM_Ind_War_Storage_Sheet_Cardboard_Flattened_04.SM_Ind_War_Storage_Sheet_Cardboard_Flattened_04,42,Kept as deterministic reserve for visual variety or district-specific dressing.
M0082,RESERVE,AUTO_POLICY,false,RUIN_MODULE,SUMMER;AUTUMN;WINTER,SUMMER;AUTUMN;WINTER,0.35,ruin_general,RUIN_MODULE,Scene_UnfinishedBuilding,SM_Ind_War_Storage_Sheet_Cardboard_Flattened_05,StaticMesh,/Game/Scene_UnfinishedBuilding/Assets/Megascans/3D_Assets/Ind_War_Storage_Sheet_Cardboard_Flattened_05/SM_Ind_War_Storage_Sheet_Cardboard_Flattened_05.SM_Ind_War_Storage_Sheet_Cardboard_Flattened_05,42,Kept as deterministic reserve for visual variety or district-specific dressing.
M0083,APPROVED,AUTO_POLICY,true,RUIN_MODULE,SUMMER;AUTUMN;WINTER,SUMMER;AUTUMN;WINTER,0.89,ruin_general,RUIN_MODULE,Scene_UnfinishedBuilding,Splitter_Wall2,StaticMesh,/Game/Scene_UnfinishedBuilding/VisualFramework/DemoRoom/Meshes/Splitter_Wall2.Splitter_Wall2,39,Selected by deterministic production policy: high source score and variant-family diversity.
M0084,APPROVED,AUTO_POLICY,true,RUIN_MODULE,SUMMER;AUTUMN;WINTER,SUMMER;AUTUMN;WINTER,0.89,ruin_general,RUIN_MODULE,Scene_UnfinishedBuilding,Tile_10MWall,StaticMesh,/Game/Scene_UnfinishedBuilding/VisualFramework/DemoRoom/Meshes/Tile_10MWall.Tile_10MWall,39,Selected by deterministic production policy: high source score and variant-family diversity.
M0085,APPROVED,AUTO_POLICY,true,RUIN_MODULE,SUMMER;AUTUMN;WINTER,SUMMER;AUTUMN;WINTER,0.89,ruin_general,RUIN_MODULE,Scene_UnfinishedBuilding,SM_DisplayFrame_Corner,StaticMesh,/Game/Scene_UnfinishedBuilding/VisualFramework/DemoRoom/Meshes/SM_DisplayFrame_Corner.SM_DisplayFrame_Corner,36,Selected by deterministic production policy: high source score and variant-family diversity.
M0086,APPROVED,AUTO_POLICY,true,RUIN_MODULE,SUMMER;AUTUMN;WINTER,SUMMER;AUTUMN;WINTER,0.89,ruin_general,RUIN_MODULE,Scene_UnfinishedBuilding,SM_DisplayFrame_Corner_Bottom,StaticMesh,/Game/Scene_UnfinishedBuilding/VisualFramework/DemoRoom/Meshes/SM_DisplayFrame_Corner_Bottom.SM_DisplayFrame_Corner_Bottom,36,Selected by deterministic production policy: high source score and variant-family diversity.
M0087,APPROVED,AUTO_POLICY,true,RUIN_MODULE,SUMMER;AUTUMN;WINTER,SUMMER;AUTUMN;WINTER,0.89,ruin_general,RUIN_MODULE,Scene_UnfinishedBuilding,SM_DisplayFrame_Corner_Top,StaticMesh,/Game/Scene_UnfinishedBuilding/VisualFramework/DemoRoom/Meshes/SM_DisplayFrame_Corner_Top.SM_DisplayFrame_Corner_Top,36,Selected by deterministic production policy: high source score and variant-family diversity.
M0088,APPROVED,AUTO_POLICY,true,RUIN_MODULE,SUMMER;AUTUMN;WINTER,SUMMER;AUTUMN;WINTER,0.89,ruin_general,RUIN_MODULE,Scene_UnfinishedBuilding,SM_DisplayFrame_Side,StaticMesh,/Game/Scene_UnfinishedBuilding/VisualFramework/DemoRoom/Meshes/SM_DisplayFrame_Side.SM_DisplayFrame_Side,36,Selected by deterministic production policy: high source score and variant-family diversity.
M0089,APPROVED,AUTO_POLICY,true,RUIN_MODULE,SUMMER;AUTUMN;WINTER,SUMMER;AUTUMN;WINTER,0.89,ruin_general,RUIN_MODULE,Scene_UnfinishedBuilding,SM_DisplayFrame_Side_Bottom,StaticMesh,/Game/Scene_UnfinishedBuilding/VisualFramework/DemoRoom/Meshes/SM_DisplayFrame_Side_Bottom.SM_DisplayFrame_Side_Bottom,36,Selected by deterministic production policy: high source score and variant-family diversity.
M0090,APPROVED,AUTO_POLICY,true,RUIN_MODULE,SUMMER;AUTUMN;WINTER,SUMMER;AUTUMN;WINTER,0.89,ruin_general,RUIN_MODULE,Scene_UnfinishedBuilding,SM_DisplayFrame_Side_Top,StaticMesh,/Game/Scene_UnfinishedBuilding/VisualFramework/DemoRoom/Meshes/SM_DisplayFrame_Side_Top.SM_DisplayFrame_Side_Top,36,Selected by deterministic production policy: high source score and variant-family diversity.
M0091,APPROVED,AUTO_POLICY,true,RUIN_MODULE,SUMMER;AUTUMN;WINTER,SUMMER;AUTUMN;WINTER,0.88,ruin_general,RUIN_MODULE,Scene_UnfinishedBuilding,Display_Corner_B,StaticMesh,/Game/Scene_UnfinishedBuilding/VisualFramework/DemoRoom/Meshes/Display_Corner_B.Display_Corner_B,31,Selected by deterministic production policy: high source score and variant-family diversity.
M0092,RESERVE,AUTO_POLICY,false,RUIN_MODULE,SUMMER;AUTUMN;WINTER,SUMMER;AUTUMN;WINTER,0.35,ruin_general,RUIN_MODULE,Scene_UnfinishedBuilding,Display_Corner_C,StaticMesh,/Game/Scene_UnfinishedBuilding/VisualFramework/DemoRoom/Meshes/Display_Corner_C.Display_Corner_C,31,Kept as deterministic reserve for visual variety or district-specific dressing.
M0093,APPROVED,AUTO_POLICY,true,RUIN_MODULE,SUMMER;AUTUMN;WINTER,SUMMER;AUTUMN;WINTER,0.88,ruin_general,RUIN_MODULE,Scene_UnfinishedBuilding,Display_Curve_B,StaticMesh,/Game/Scene_UnfinishedBuilding/VisualFramework/DemoRoom/Meshes/Display_Curve_B.Display_Curve_B,31,Selected by deterministic production policy: high source score and variant-family diversity.
M0094,RESERVE,AUTO_POLICY,false,RUIN_MODULE,SUMMER;AUTUMN;WINTER,SUMMER;AUTUMN;WINTER,0.35,ruin_general,RUIN_MODULE,Scene_UnfinishedBuilding,Display_Curve_C,StaticMesh,/Game/Scene_UnfinishedBuilding/VisualFramework/DemoRoom/Meshes/Display_Curve_C.Display_Curve_C,31,Kept as deterministic reserve for visual variety or district-specific dressing.
M0095,APPROVED,AUTO_POLICY,true,RUIN_MODULE,SUMMER;AUTUMN;WINTER,SUMMER;AUTUMN;WINTER,0.88,ruin_general,RUIN_MODULE,Scene_UnfinishedBuilding,Display_EdgeCurve_B,StaticMesh,/Game/Scene_UnfinishedBuilding/VisualFramework/DemoRoom/Meshes/Display_EdgeCurve_B.Display_EdgeCurve_B,31,Selected by deterministic production policy: high source score and variant-family diversity.
M0097,RESERVE,AUTO_POLICY,false,RUIN_MODULE,SUMMER;AUTUMN;WINTER,SUMMER;AUTUMN;WINTER,0.35,ruin_general,RUIN_MODULE,Scene_UnfinishedBuilding,Display_Main_B,StaticMesh,/Game/Scene_UnfinishedBuilding/VisualFramework/DemoRoom/Meshes/Display_Main_B.Display_Main_B,31,Kept as deterministic reserve for visual variety or district-specific dressing.
M0099,RESERVE,AUTO_POLICY,false,RUIN_MODULE,SUMMER;AUTUMN;WINTER,SUMMER;AUTUMN;WINTER,0.35,ruin_general,RUIN_MODULE,Scene_UnfinishedBuilding,Display_Side_B,StaticMesh,/Game/Scene_UnfinishedBuilding/VisualFramework/DemoRoom/Meshes/Display_Side_B.Display_Side_B,31,Kept as deterministic reserve for visual variety or district-specific dressing.
M0101,RESERVE,AUTO_POLICY,false,RUIN_MODULE,SUMMER;AUTUMN;WINTER,SUMMER;AUTUMN;WINTER,0.35,ruin_general,RUIN_MODULE,Scene_UnfinishedBuilding,Pipe,StaticMesh,/Game/Scene_UnfinishedBuilding/VisualFramework/DemoRoom/Meshes/Pipe.Pipe,31,Kept as deterministic reserve for visual variety or district-specific dressing.
M0102,RESERVE,AUTO_POLICY,false,RUIN_MODULE,SUMMER;AUTUMN;WINTER,SUMMER;AUTUMN;WINTER,0.35,ruin_general,RUIN_MODULE,Scene_UnfinishedBuilding,Podium_01,StaticMesh,/Game/Scene_UnfinishedBuilding/VisualFramework/DemoRoom/Meshes/Podium_01.Podium_01,31,Kept as deterministic reserve for visual variety or district-specific dressing.
M0104,APPROVED,AUTO_POLICY,true,VEHICLE_DRESSING,HUB;SPRING;SUMMER;AUTUMN;WINTER,SPRING;SUMMER;AUTUMN;WINTER,0.90,vehicle,VEHICLE,CitySampleVehicles,SM_All_Trans_vehVan_vehicle01,StaticMesh,/Game/CitySampleVehicles/vehicle01_Van/Mesh/SM_All_Trans_vehVan_vehicle01.SM_All_Trans_vehVan_vehicle01,46,Selected by deterministic production policy: high source score and variant-family diversity.
M0105,APPROVED,AUTO_POLICY,true,VEHICLE_DRESSING,HUB;SPRING;SUMMER;AUTUMN;WINTER,SPRING;SUMMER;AUTUMN;WINTER,0.90,vehicle,VEHICLE,CitySampleVehicles,SM_All_Trans_vehCar_vehicle02,StaticMesh,/Game/CitySampleVehicles/vehicle02_Car/Mesh/SM_All_Trans_vehCar_vehicle02.SM_All_Trans_vehCar_vehicle02,46,Selected by deterministic production policy: high source score and variant-family diversity.
M0106,APPROVED,AUTO_POLICY,true,VEHICLE_DRESSING,HUB;SPRING;SUMMER;AUTUMN;WINTER,SPRING;SUMMER;AUTUMN;WINTER,0.90,vehicle,VEHICLE,CitySampleVehicles,SM_All_Trans_vehCar_vehicle03,StaticMesh,/Game/CitySampleVehicles/vehicle03_Car/Mesh/SM_All_Trans_vehCar_vehicle03.SM_All_Trans_vehCar_vehicle03,46,Selected by deterministic production policy: high source score and variant-family diversity.
M0107,APPROVED,AUTO_POLICY,true,VEHICLE_DRESSING,HUB;SPRING;SUMMER;AUTUMN;WINTER,SPRING;SUMMER;AUTUMN;WINTER,0.90,vehicle,VEHICLE,CitySampleVehicles,SM_All_Trans_vehTruck_vehicle04,StaticMesh,/Game/CitySampleVehicles/vehicle04_Truck/Mesh/SM_All_Trans_vehTruck_vehicle04.SM_All_Trans_vehTruck_vehicle04,46,Selected by deterministic production policy: high source score and variant-family diversity.
M0108,APPROVED,AUTO_POLICY,true,VEHICLE_DRESSING,HUB;SPRING;SUMMER;AUTUMN;WINTER,SPRING;SUMMER;AUTUMN;WINTER,0.90,vehicle,VEHICLE,CitySampleVehicles,SM_All_Trans_vehCar_vehicle05,StaticMesh,/Game/CitySampleVehicles/vehicle05_Car/Mesh/SM_All_Trans_vehCar_vehicle05.SM_All_Trans_vehCar_vehicle05,46,Selected by deterministic production policy: high source score and variant-family diversity.
M0109,APPROVED,AUTO_POLICY,true,VEHICLE_DRESSING,HUB;SPRING;SUMMER;AUTUMN;WINTER,SPRING;SUMMER;AUTUMN;WINTER,0.90,vehicle,VEHICLE,CitySampleVehicles,SM_All_Trans_vehCar_vehicle06,StaticMesh,/Game/CitySampleVehicles/vehicle06_Car/Mesh/SM_All_Trans_vehCar_vehicle06.SM_All_Trans_vehCar_vehicle06,46,Selected by deterministic production policy: high source score and variant-family diversity.
M0110,APPROVED,AUTO_POLICY,true,VEHICLE_DRESSING,HUB;SPRING;SUMMER;AUTUMN;WINTER,SPRING;SUMMER;AUTUMN;WINTER,0.90,vehicle,VEHICLE,CitySampleVehicles,SM_All_Trans_vehCar_vehicle07,StaticMesh,/Game/CitySampleVehicles/vehicle07_Car/Mesh/SM_All_Trans_vehCar_vehicle07.SM_All_Trans_vehCar_vehicle07,46,Selected by deterministic production policy: high source score and variant-family diversity.
M0111,APPROVED,AUTO_POLICY,true,VEHICLE_DRESSING,HUB;SPRING;SUMMER;AUTUMN;WINTER,SPRING;SUMMER;AUTUMN;WINTER,0.90,vehicle,VEHICLE,CitySampleVehicles,SM_vehTruck_trailer01_Trans,StaticMesh,/Game/CitySampleVehicles/vehicle08_Trailer/Mesh/SM_vehTruck_trailer01_Trans.SM_vehTruck_trailer01_Trans,46,Selected by deterministic production policy: high source score and variant-family diversity.
M0112,APPROVED,AUTO_POLICY,true,VEHICLE_DRESSING,HUB;SPRING;SUMMER;AUTUMN;WINTER,SPRING;SUMMER;AUTUMN;WINTER,0.90,vehicle,VEHICLE,CitySampleVehicles,SM_All_Trans_vehTruck_vehicle08,StaticMesh,/Game/CitySampleVehicles/vehicle08_Truck/Mesh/SM_All_Trans_vehTruck_vehicle08.SM_All_Trans_vehTruck_vehicle08,46,Selected by deterministic production policy: high source score and variant-family diversity.
M0113,APPROVED,AUTO_POLICY,true,VEHICLE_DRESSING,HUB;SPRING;SUMMER;AUTUMN;WINTER,SPRING;SUMMER;AUTUMN;WINTER,0.90,vehicle,VEHICLE,CitySampleVehicles,SM_All_Trans_vehVan_vehicle09,StaticMesh,/Game/CitySampleVehicles/vehicle09_Van/Mesh/SM_All_Trans_vehVan_vehicle09.SM_All_Trans_vehVan_vehicle09,46,Selected by deterministic production policy: high source score and variant-family diversity.
M0114,APPROVED,AUTO_POLICY,true,VEHICLE_DRESSING,HUB;SPRING;SUMMER;AUTUMN;WINTER,SPRING;SUMMER;AUTUMN;WINTER,0.90,vehicle,VEHICLE,CitySampleVehicles,SM_vehBus_vehicle10_Trans,StaticMesh,/Game/CitySampleVehicles/vehicle10_Bus/Mesh/SM_vehBus_vehicle10_Trans.SM_vehBus_vehicle10_Trans,46,Selected by deterministic production policy: high source score and variant-family diversity.
M0115,APPROVED,AUTO_POLICY,true,VEHICLE_DRESSING,HUB;SPRING;SUMMER;AUTUMN;WINTER,SPRING;SUMMER;AUTUMN;WINTER,0.90,vehicle,VEHICLE,CitySampleVehicles,SM_All_Trans_vehTruck_vehicle11,StaticMesh,/Game/CitySampleVehicles/vehicle11_Truck/Mesh/SM_All_Trans_vehTruck_vehicle11.SM_All_Trans_vehTruck_vehicle11,46,Selected by deterministic production policy: high source score and variant-family diversity.
M0116,RESERVE,AUTO_POLICY,false,VEHICLE_DRESSING,HUB;SPRING;SUMMER;AUTUMN;WINTER,SPRING;SUMMER;AUTUMN;WINTER,0.35,vehicle,VEHICLE,CitySampleVehicles,SM_All_Trans_vehCar_vehicle12,StaticMesh,/Game/CitySampleVehicles/vehicle12_Car/Mesh/SM_All_Trans_vehCar_vehicle12.SM_All_Trans_vehCar_vehicle12,46,Kept as deterministic reserve for visual variety or district-specific dressing.
M0117,RESERVE,AUTO_POLICY,false,VEHICLE_DRESSING,HUB;SPRING;SUMMER;AUTUMN;WINTER,SPRING;SUMMER;AUTUMN;WINTER,0.35,vehicle,VEHICLE,CitySampleVehicles,SM_All_Trans_vehCar_vehicle13,StaticMesh,/Game/CitySampleVehicles/vehicle13_Car/Mesh/SM_All_Trans_vehCar_vehicle13.SM_All_Trans_vehCar_vehicle13,46,Kept as deterministic reserve for visual variety or district-specific dressing.
M0118,RESERVE,AUTO_POLICY,false,VEHICLE_DRESSING,HUB;SPRING;SUMMER;AUTUMN;WINTER,SPRING;SUMMER;AUTUMN;WINTER,0.35,vehicle,VEHICLE,CitySampleVehicles,lightBar_01_trans,StaticMesh,/Game/CitySampleVehicles/vehicle13_Car/Mesh/Transparent/lightBar_01_trans.lightBar_01_trans,41,Kept as deterministic reserve for visual variety or district-specific dressing.
M0119,RESERVE,AUTO_POLICY,false,VEHICLE_DRESSING,HUB;SPRING;SUMMER;AUTUMN;WINTER,SPRING;SUMMER;AUTUMN;WINTER,0.35,vehicle,VEHICLE,CitySampleVehicles,SKM_vehVan_vehicle01,SkeletalMesh,/Game/CitySampleVehicles/vehicle01_Van/Mesh/SKM_vehVan_vehicle01.SKM_vehVan_vehicle01,39,Kept as deterministic reserve for visual variety or district-specific dressing.
M0120,RESERVE,AUTO_POLICY,false,VEHICLE_DRESSING,HUB;SPRING;SUMMER;AUTUMN;WINTER,SPRING;SUMMER;AUTUMN;WINTER,0.35,vehicle,VEHICLE,CitySampleVehicles,SKM_vehCar_vehicle02,SkeletalMesh,/Game/CitySampleVehicles/vehicle02_Car/Mesh/SKM_vehCar_vehicle02.SKM_vehCar_vehicle02,39,Kept as deterministic reserve for visual variety or district-specific dressing.
M0121,RESERVE,AUTO_POLICY,false,VEHICLE_DRESSING,HUB;SPRING;SUMMER;AUTUMN;WINTER,SPRING;SUMMER;AUTUMN;WINTER,0.35,vehicle,VEHICLE,CitySampleVehicles,SKM_vehCar_vehicle03,SkeletalMesh,/Game/CitySampleVehicles/vehicle03_Car/Mesh/SKM_vehCar_vehicle03.SKM_vehCar_vehicle03,39,Kept as deterministic reserve for visual variety or district-specific dressing.
M0122,RESERVE,AUTO_POLICY,false,VEHICLE_DRESSING,HUB;SPRING;SUMMER;AUTUMN;WINTER,SPRING;SUMMER;AUTUMN;WINTER,0.35,vehicle,VEHICLE,CitySampleVehicles,SKM_vehTruck_vehicle04,SkeletalMesh,/Game/CitySampleVehicles/vehicle04_Truck/Mesh/SKM_vehTruck_vehicle04.SKM_vehTruck_vehicle04,39,Kept as deterministic reserve for visual variety or district-specific dressing.
M0123,RESERVE,AUTO_POLICY,false,VEHICLE_DRESSING,HUB;SPRING;SUMMER;AUTUMN;WINTER,SPRING;SUMMER;AUTUMN;WINTER,0.35,vehicle,VEHICLE,CitySampleVehicles,SKM_vehCar_vehicle05,SkeletalMesh,/Game/CitySampleVehicles/vehicle05_Car/Mesh/SKM_vehCar_vehicle05.SKM_vehCar_vehicle05,39,Kept as deterministic reserve for visual variety or district-specific dressing.
M0131,APPROVED,AUTO_POLICY,true,TRAVERSAL_MODULE,HUB;SPRING;SUMMER;AUTUMN;WINTER,SPRING;SUMMER;AUTUMN;WINTER,0.88,stairs_traversal,TRAVERSAL,Scene_UnfinishedBuilding,SM_Ind_Con_Stairs_Concrete_Worn_01,StaticMesh,/Game/Scene_UnfinishedBuilding/Assets/Megascans/3D_Assets/Ind_Con_Stairs_Concrete_Worn_01/SM_Ind_Con_Stairs_Concrete_Worn_01.SM_Ind_Con_Stairs_Concrete_Worn_01,30,Selected by deterministic production policy: high source score and variant-family diversity.
M0132,APPROVED,AUTO_POLICY,true,TRAVERSAL_MODULE,HUB;SPRING;SUMMER;AUTUMN;WINTER,SPRING;SUMMER;AUTUMN;WINTER,0.87,stairs_traversal,TRAVERSAL,Scene_UnfinishedBuilding,SM_Ind_Unf_StairBase_01,StaticMesh,/Game/Scene_UnfinishedBuilding/Assets/Custom/Ind_Unf__StairBase_01/SM_Ind_Unf_StairBase_01.SM_Ind_Unf_StairBase_01,22,Selected by deterministic production policy: high source score and variant-family diversity.
M0133,APPROVED,AUTO_POLICY,true,TRAVERSAL_MODULE,HUB;SPRING;SUMMER;AUTUMN;WINTER,SPRING;SUMMER;AUTUMN;WINTER,0.87,stairs_traversal,TRAVERSAL,Scene_UnfinishedBuilding,SM_Ind_Unf_StairBase_02,StaticMesh,/Game/Scene_UnfinishedBuilding/Assets/Custom/Ind_Unf__StairBase_01/SM_Ind_Unf_StairBase_02.SM_Ind_Unf_StairBase_02,22,Selected by deterministic production policy: high source score and variant-family diversity.
M0134,APPROVED,AUTO_POLICY,true,ARCHITECTURE_SECONDARY,HUB;SPRING;SUMMER;AUTUMN;WINTER,SPRING;SUMMER;AUTUMN;WINTER,0.88,door_window,DOOR_WINDOW,CitySampleBuildings,SM_BLDG_CHA_L01_A_Entrance_01_N1,StaticMesh,/Game/CitySampleBuildings/Building/CH/A/Kit_Bldg_CHa_L1_A/Mesh/SM_BLDG_CHA_L01_A_Entrance_01_N1.SM_BLDG_CHA_L01_A_Entrance_01_N1,32,Selected by deterministic production policy: high source score and variant-family diversity.
M0135,APPROVED,AUTO_POLICY,true,ARCHITECTURE_SECONDARY,HUB;SPRING;SUMMER;AUTUMN;WINTER,SPRING;SUMMER;AUTUMN;WINTER,0.88,door_window,DOOR_WINDOW,CitySampleBuildings,SM_BLDG_CHA_L02_A_Entrance_01_N1,StaticMesh,/Game/CitySampleBuildings/Building/CH/A/Kit_Bldg_CHA_L2_A/Mesh/SM_BLDG_CHA_L02_A_Entrance_01_N1.SM_BLDG_CHA_L02_A_Entrance_01_N1,32,Selected by deterministic production policy: high source score and variant-family diversity.
M0136,APPROVED,AUTO_POLICY,true,ARCHITECTURE_SECONDARY,HUB;SPRING;SUMMER;AUTUMN;WINTER,SPRING;SUMMER;AUTUMN;WINTER,0.88,door_window,DOOR_WINDOW,CitySampleBuildings,SM_BLDG_CHB_L01_A_Entrance_01_N1,StaticMesh,/Game/CitySampleBuildings/Building/CH/B/Kit_Bldg_CHB_L1_A/Mesh/SM_BLDG_CHB_L01_A_Entrance_01_N1.SM_BLDG_CHB_L01_A_Entrance_01_N1,32,Selected by deterministic production policy: high source score and variant-family diversity.
M0137,APPROVED,AUTO_POLICY,true,ARCHITECTURE_SECONDARY,HUB;SPRING;SUMMER;AUTUMN;WINTER,SPRING;SUMMER;AUTUMN;WINTER,0.88,door_window,DOOR_WINDOW,CitySampleBuildings,SM_BLDG_CHB_L03_A_Entrance_01_N1,StaticMesh,/Game/CitySampleBuildings/Building/CH/B/Kit_Bldg_CHB_L3_A/Mesh/SM_BLDG_CHB_L03_A_Entrance_01_N1.SM_BLDG_CHB_L03_A_Entrance_01_N1,32,Selected by deterministic production policy: high source score and variant-family diversity.
M0138,APPROVED,AUTO_POLICY,true,ARCHITECTURE_SECONDARY,HUB;SPRING;SUMMER;AUTUMN;WINTER,SPRING;SUMMER;AUTUMN;WINTER,0.88,door_window,DOOR_WINDOW,CitySampleBuildings,SM_BLDG_CHB_L03_A_Entrance_02_N1,StaticMesh,/Game/CitySampleBuildings/Building/CH/B/Kit_Bldg_CHB_L3_A/Mesh/SM_BLDG_CHB_L03_A_Entrance_02_N1.SM_BLDG_CHB_L03_A_Entrance_02_N1,32,Selected by deterministic production policy: high source score and variant-family diversity.
M0139,APPROVED,AUTO_POLICY,true,ARCHITECTURE_SECONDARY,HUB;SPRING;SUMMER;AUTUMN;WINTER,SPRING;SUMMER;AUTUMN;WINTER,0.88,door_window,DOOR_WINDOW,CitySampleBuildings,SM_BLDG_CHC_L01_A_Entrance_01_N1,StaticMesh,/Game/CitySampleBuildings/Building/CH/C/Kit_Bldg_CHC_L1_A/Mesh/SM_BLDG_CHC_L01_A_Entrance_01_N1.SM_BLDG_CHC_L01_A_Entrance_01_N1,32,Selected by deterministic production policy: high source score and variant-family diversity.
M0140,APPROVED,AUTO_POLICY,true,ARCHITECTURE_SECONDARY,HUB;SPRING;SUMMER;AUTUMN;WINTER,SPRING;SUMMER;AUTUMN;WINTER,0.88,door_window,DOOR_WINDOW,CitySampleBuildings,SM_BLDG_CHC_L02_A_Entrance_01_N1,StaticMesh,/Game/CitySampleBuildings/Building/CH/C/Kit_Bldg_CHC_L2_A/Mesh/SM_BLDG_CHC_L02_A_Entrance_01_N1.SM_BLDG_CHC_L02_A_Entrance_01_N1,32,Selected by deterministic production policy: high source score and variant-family diversity.
M0141,APPROVED,AUTO_POLICY,true,ARCHITECTURE_SECONDARY,HUB;SPRING;SUMMER;AUTUMN;WINTER,SPRING;SUMMER;AUTUMN;WINTER,0.88,door_window,DOOR_WINDOW,CitySampleBuildings,SM_BLDG_CHC_L03_A_Entrance_01_N1,StaticMesh,/Game/CitySampleBuildings/Building/CH/C/Kit_Bldg_CHC_L3_A/Mesh/SM_BLDG_CHC_L03_A_Entrance_01_N1.SM_BLDG_CHC_L03_A_Entrance_01_N1,32,Selected by deterministic production policy: high source score and variant-family diversity.
M0142,APPROVED,AUTO_POLICY,true,ARCHITECTURE_SECONDARY,HUB;SPRING;SUMMER;AUTUMN;WINTER,SPRING;SUMMER;AUTUMN;WINTER,0.88,door_window,DOOR_WINDOW,CitySampleBuildings,SM_BLDG_CHC_L05_A_Entrance_01_N1,StaticMesh,/Game/CitySampleBuildings/Building/CH/C/Kit_Bldg_CHC_L5_A/Mesh/SM_BLDG_CHC_L05_A_Entrance_01_N1.SM_BLDG_CHC_L05_A_Entrance_01_N1,32,Selected by deterministic production policy: high source score and variant-family diversity.
M0143,APPROVED,AUTO_POLICY,true,ARCHITECTURE_SECONDARY,HUB;SPRING;SUMMER;AUTUMN;WINTER,SPRING;SUMMER;AUTUMN;WINTER,0.88,door_window,DOOR_WINDOW,CitySampleBuildings,SM_BLDG_CHD_L1_A_Entrance_01_N1,StaticMesh,/Game/CitySampleBuildings/Building/CH/D/Kit_Bldg_CHD_L1_A/Mesh/SM_BLDG_CHD_L1_A_Entrance_01_N1.SM_BLDG_CHD_L1_A_Entrance_01_N1,32,Selected by deterministic production policy: high source score and variant-family diversity.
M0144,APPROVED,AUTO_POLICY,true,ARCHITECTURE_SECONDARY,HUB;SPRING;SUMMER;AUTUMN;WINTER,SPRING;SUMMER;AUTUMN;WINTER,0.88,door_window,DOOR_WINDOW,CitySampleBuildings,SM_BLDG_CHE_L1_A_Entrance_01_N1,StaticMesh,/Game/CitySampleBuildings/Building/CH/E/Kit_Bldg_CHE_L1_A/Mesh/SM_BLDG_CHE_L1_A_Entrance_01_N1.SM_BLDG_CHE_L1_A_Entrance_01_N1,32,Selected by deterministic production policy: high source score and variant-family diversity.
M0145,APPROVED,AUTO_POLICY,true,ARCHITECTURE_SECONDARY,HUB;SPRING;SUMMER;AUTUMN;WINTER,SPRING;SUMMER;AUTUMN;WINTER,0.88,door_window,DOOR_WINDOW,CitySampleBuildings,SM_BLDG_CHE_L1_A_Entrance_02_N1,StaticMesh,/Game/CitySampleBuildings/Building/CH/E/Kit_Bldg_CHE_L1_A/Mesh/SM_BLDG_CHE_L1_A_Entrance_02_N1.SM_BLDG_CHE_L1_A_Entrance_02_N1,32,Selected by deterministic production policy: high source score and variant-family diversity.
M0146,APPROVED,AUTO_POLICY,true,ARCHITECTURE_SECONDARY,HUB;SPRING;SUMMER;AUTUMN;WINTER,SPRING;SUMMER;AUTUMN;WINTER,0.88,door_window,DOOR_WINDOW,CitySampleBuildings,SM_BLDG_CHE_L1_A_Entrance_03_N1,StaticMesh,/Game/CitySampleBuildings/Building/CH/E/Kit_Bldg_CHE_L1_A/Mesh/SM_BLDG_CHE_L1_A_Entrance_03_N1.SM_BLDG_CHE_L1_A_Entrance_03_N1,32,Selected by deterministic production policy: high source score and variant-family diversity.
M0147,APPROVED,AUTO_POLICY,true,ARCHITECTURE_SECONDARY,HUB;SPRING;SUMMER;AUTUMN;WINTER,SPRING;SUMMER;AUTUMN;WINTER,0.88,door_window,DOOR_WINDOW,CitySampleBuildings,SM_BLDG_CHE_L1_A_Entrance_04_N1,StaticMesh,/Game/CitySampleBuildings/Building/CH/E/Kit_Bldg_CHE_L1_A/Mesh/SM_BLDG_CHE_L1_A_Entrance_04_N1.SM_BLDG_CHE_L1_A_Entrance_04_N1,32,Selected by deterministic production policy: high source score and variant-family diversity.
M0148,RESERVE,AUTO_POLICY,false,ARCHITECTURE_SECONDARY,HUB;SPRING;SUMMER;AUTUMN;WINTER,SPRING;SUMMER;AUTUMN;WINTER,0.35,door_window,DOOR_WINDOW,CitySampleBuildings,SM_BLDG_CHE_L1_A_Entrance_05_N1,StaticMesh,/Game/CitySampleBuildings/Building/CH/E/Kit_Bldg_CHE_L1_A/Mesh/SM_BLDG_CHE_L1_A_Entrance_05_N1.SM_BLDG_CHE_L1_A_Entrance_05_N1,32,Kept as deterministic reserve for visual variety or district-specific dressing.
M0149,RESERVE,AUTO_POLICY,false,ARCHITECTURE_SECONDARY,HUB;SPRING;SUMMER;AUTUMN;WINTER,SPRING;SUMMER;AUTUMN;WINTER,0.35,door_window,DOOR_WINDOW,CitySampleBuildings,SM_BLDG_CHE_L1_A_Entrance_06_N1,StaticMesh,/Game/CitySampleBuildings/Building/CH/E/Kit_Bldg_CHE_L1_A/Mesh/SM_BLDG_CHE_L1_A_Entrance_06_N1.SM_BLDG_CHE_L1_A_Entrance_06_N1,32,Kept as deterministic reserve for visual variety or district-specific dressing.
M0150,RESERVE,AUTO_POLICY,false,ARCHITECTURE_SECONDARY,HUB;SPRING;SUMMER;AUTUMN;WINTER,SPRING;SUMMER;AUTUMN;WINTER,0.35,door_window,DOOR_WINDOW,CitySampleBuildings,SM_BLDG_CHE_L2_A_Entrance_02_N1,StaticMesh,/Game/CitySampleBuildings/Building/CH/E/Kit_Bldg_CHE_L2_A/Mesh/SM_BLDG_CHE_L2_A_Entrance_02_N1.SM_BLDG_CHE_L2_A_Entrance_02_N1,32,Kept as deterministic reserve for visual variety or district-specific dressing.
M0151,RESERVE,AUTO_POLICY,false,ARCHITECTURE_SECONDARY,HUB;SPRING;SUMMER;AUTUMN;WINTER,SPRING;SUMMER;AUTUMN;WINTER,0.35,door_window,DOOR_WINDOW,CitySampleBuildings,SM_BLDG_CHE_L2_A_Entrance_03_N1,StaticMesh,/Game/CitySampleBuildings/Building/CH/E/Kit_Bldg_CHE_L2_A/Mesh/SM_BLDG_CHE_L2_A_Entrance_03_N1.SM_BLDG_CHE_L2_A_Entrance_03_N1,32,Kept as deterministic reserve for visual variety or district-specific dressing.
M0152,APPROVED,AUTO_POLICY,true,ARCHITECTURE_SECONDARY,HUB;SPRING;SUMMER;AUTUMN;WINTER,SPRING;SUMMER;AUTUMN;WINTER,0.88,door_window,DOOR_WINDOW,CitySampleBuildings,SM_BLDG_CHF_L01_A_Entrance_01_N1,StaticMesh,/Game/CitySampleBuildings/Building/CH/F/Kit_Bldg_CHF_L1_A/Mesh/SM_BLDG_CHF_L01_A_Entrance_01_N1.SM_BLDG_CHF_L01_A_Entrance_01_N1,32,Selected by deterministic production policy: high source score and variant-family diversity.
M0153,RESERVE,AUTO_POLICY,false,ARCHITECTURE_SECONDARY,HUB;SPRING;SUMMER;AUTUMN;WINTER,SPRING;SUMMER;AUTUMN;WINTER,0.35,door_window,DOOR_WINDOW,CitySampleBuildings,SM_BLDG_CHF_L01_A_Entrance_02_N1,StaticMesh,/Game/CitySampleBuildings/Building/CH/F/Kit_Bldg_CHF_L1_A/Mesh/SM_BLDG_CHF_L01_A_Entrance_02_N1.SM_BLDG_CHF_L01_A_Entrance_02_N1,32,Kept as deterministic reserve for visual variety or district-specific dressing.
M0154,APPROVED,AUTO_POLICY,true,ARCHITECTURE_SECONDARY,HUB;SPRING;SUMMER;AUTUMN;WINTER,SPRING;SUMMER;AUTUMN;WINTER,0.88,door_window,DOOR_WINDOW,CitySampleBuildings,SM_BLDG_CHG_L01_A_Entrance_01_N1,StaticMesh,/Game/CitySampleBuildings/Building/CH/G/Kit_Bldg_CHG_L1_A/Mesh/SM_BLDG_CHG_L01_A_Entrance_01_N1.SM_BLDG_CHG_L01_A_Entrance_01_N1,32,Selected by deterministic production policy: high source score and variant-family diversity.
M0155,APPROVED,AUTO_POLICY,true,ARCHITECTURE_SECONDARY,HUB;SPRING;SUMMER;AUTUMN;WINTER,SPRING;SUMMER;AUTUMN;WINTER,0.88,door_window,DOOR_WINDOW,CitySampleBuildings,SM_BLDG_CHI_L1_A_Entrance_01_N1,StaticMesh,/Game/CitySampleBuildings/Building/CH/I/Kit_Bldg_CHI_L1_A/Mesh/SM_BLDG_CHI_L1_A_Entrance_01_N1.SM_BLDG_CHI_L1_A_Entrance_01_N1,32,Selected by deterministic production policy: high source score and variant-family diversity.
M0156,RESERVE,AUTO_POLICY,false,ARCHITECTURE_SECONDARY,HUB;SPRING;SUMMER;AUTUMN;WINTER,SPRING;SUMMER;AUTUMN;WINTER,0.35,door_window,DOOR_WINDOW,CitySampleBuildings,SM_BLDG_CHI_L1_A_Entrance_02_N1,StaticMesh,/Game/CitySampleBuildings/Building/CH/I/Kit_Bldg_CHI_L1_A/Mesh/SM_BLDG_CHI_L1_A_Entrance_02_N1.SM_BLDG_CHI_L1_A_Entrance_02_N1,32,Kept as deterministic reserve for visual variety or district-specific dressing.
M0157,APPROVED,AUTO_POLICY,true,ARCHITECTURE_SECONDARY,HUB;SPRING;SUMMER;AUTUMN;WINTER,SPRING;SUMMER;AUTUMN;WINTER,0.88,door_window,DOOR_WINDOW,CitySampleBuildings,SM_BLDG_CHJ_L1_A1_Entrance_01_N1,StaticMesh,/Game/CitySampleBuildings/Building/CH/J/Kit_Bldg_CHJ_L1_A/Mesh/SM_BLDG_CHJ_L1_A1_Entrance_01_N1.SM_BLDG_CHJ_L1_A1_Entrance_01_N1,32,Selected by deterministic production policy: high source score and variant-family diversity.
M0158,APPROVED,AUTO_POLICY,true,ARCHITECTURE_SECONDARY,HUB;SPRING;SUMMER;AUTUMN;WINTER,SPRING;SUMMER;AUTUMN;WINTER,0.88,door_window,DOOR_WINDOW,CitySampleBuildings,SM_BLDG_NYA_L1_A_Entrance_01_N1,StaticMesh,/Game/CitySampleBuildings/Building/NY/A/Kit_Bldg_NYA_L1_A/Mesh/SM_BLDG_NYA_L1_A_Entrance_01_N1.SM_BLDG_NYA_L1_A_Entrance_01_N1,32,Selected by deterministic production policy: high source score and variant-family diversity.
M0159,RESERVE,AUTO_POLICY,false,ARCHITECTURE_SECONDARY,HUB;SPRING;SUMMER;AUTUMN;WINTER,SPRING;SUMMER;AUTUMN;WINTER,0.35,door_window,DOOR_WINDOW,CitySampleBuildings,SM_BLDG_NYA_L1_A_Entrance_02_N1,StaticMesh,/Game/CitySampleBuildings/Building/NY/A/Kit_Bldg_NYA_L1_A/Mesh/SM_BLDG_NYA_L1_A_Entrance_02_N1.SM_BLDG_NYA_L1_A_Entrance_02_N1,32,Kept as deterministic reserve for visual variety or district-specific dressing.
M0160,RESERVE,AUTO_POLICY,false,ARCHITECTURE_SECONDARY,HUB;SPRING;SUMMER;AUTUMN;WINTER,SPRING;SUMMER;AUTUMN;WINTER,0.35,door_window,DOOR_WINDOW,CitySampleBuildings,SM_BLDG_NYA_L1_A_Entrance_03_N1,StaticMesh,/Game/CitySampleBuildings/Building/NY/A/Kit_Bldg_NYA_L1_A/Mesh/SM_BLDG_NYA_L1_A_Entrance_03_N1.SM_BLDG_NYA_L1_A_Entrance_03_N1,32,Kept as deterministic reserve for visual variety or district-specific dressing.
M0161,RESERVE,AUTO_POLICY,false,ARCHITECTURE_SECONDARY,HUB;SPRING;SUMMER;AUTUMN;WINTER,SPRING;SUMMER;AUTUMN;WINTER,0.35,door_window,DOOR_WINDOW,CitySampleBuildings,SM_BLDG_NYA_L1_A_Entrance_04_N1,StaticMesh,/Game/CitySampleBuildings/Building/NY/A/Kit_Bldg_NYA_L1_A/Mesh/SM_BLDG_NYA_L1_A_Entrance_04_N1.SM_BLDG_NYA_L1_A_Entrance_04_N1,32,Kept as deterministic reserve for visual variety or district-specific dressing.
M0162,RESERVE,AUTO_POLICY,false,ARCHITECTURE_SECONDARY,HUB;SPRING;SUMMER;AUTUMN;WINTER,SPRING;SUMMER;AUTUMN;WINTER,0.35,door_window,DOOR_WINDOW,CitySampleBuildings,SM_BLDG_NYA_L1_A_Entrance_05_N1,StaticMesh,/Game/CitySampleBuildings/Building/NY/A/Kit_Bldg_NYA_L1_A/Mesh/SM_BLDG_NYA_L1_A_Entrance_05_N1.SM_BLDG_NYA_L1_A_Entrance_05_N1,32,Kept as deterministic reserve for visual variety or district-specific dressing.
M0167,APPROVED,AUTO_POLICY,true,ARCHITECTURE_SECONDARY,HUB;SPRING;SUMMER;AUTUMN;WINTER,SPRING;SUMMER;AUTUMN;WINTER,0.88,door_window,DOOR_WINDOW,CitySampleBuildings,SM_BLDG_NYA_L1_B_Entrance_01_N1,StaticMesh,/Game/CitySampleBuildings/Building/NY/A/Kit_Bldg_NYA_L1_B/Mesh/SM_BLDG_NYA_L1_B_Entrance_01_N1.SM_BLDG_NYA_L1_B_Entrance_01_N1,32,Selected by deterministic production policy: high source score and variant-family diversity.
M0170,APPROVED,AUTO_POLICY,true,ARCHITECTURE_SECONDARY,HUB;SPRING;SUMMER;AUTUMN;WINTER,SPRING;SUMMER;AUTUMN;WINTER,0.88,roof,ROOF_MODULE,CitySampleBuildings,Disc_37428A25,StaticMesh,/Game/CitySampleBuildings/Building/Library/Kit_Hero_Bldg/MeshRoof/Disc_37428A25.Disc_37428A25,27,Selected by deterministic production policy: high source score and variant-family diversity.
M0171,APPROVED,AUTO_POLICY,true,ARCHITECTURE_SECONDARY,HUB;SPRING;SUMMER;AUTUMN;WINTER,SPRING;SUMMER;AUTUMN;WINTER,0.88,roof,ROOF_MODULE,CitySampleBuildings,Rectangle_2EBA0992,StaticMesh,/Game/CitySampleBuildings/Building/Library/Kit_Hero_Bldg/MeshRoof/Rectangle_2EBA0992.Rectangle_2EBA0992,27,Selected by deterministic production policy: high source score and variant-family diversity.
M0172,APPROVED,AUTO_POLICY,true,ARCHITECTURE_SECONDARY,HUB;SPRING;SUMMER;AUTUMN;WINTER,SPRING;SUMMER;AUTUMN;WINTER,0.88,roof,ROOF_MODULE,CitySampleBuildings,Roof_CHB_Ref_01,StaticMesh,/Game/CitySampleBuildings/Building/Library/Kit_Hero_Bldg/MeshRoof/Roof_CHB_Ref_01.Roof_CHB_Ref_01,27,Selected by deterministic production policy: high source score and variant-family diversity.
M0173,APPROVED,AUTO_POLICY,true,ARCHITECTURE_SECONDARY,HUB;SPRING;SUMMER;AUTUMN;WINTER,SPRING;SUMMER;AUTUMN;WINTER,0.88,roof,ROOF_MODULE,CitySampleBuildings,Roof_CHB_Ref_02,StaticMesh,/Game/CitySampleBuildings/Building/Library/Kit_Hero_Bldg/MeshRoof/Roof_CHB_Ref_02.Roof_CHB_Ref_02,27,Selected by deterministic production policy: high source score and variant-family diversity.
M0174,APPROVED,AUTO_POLICY,true,ARCHITECTURE_SECONDARY,HUB;SPRING;SUMMER;AUTUMN;WINTER,SPRING;SUMMER;AUTUMN;WINTER,0.88,roof,ROOF_MODULE,CitySampleBuildings,Roof_HeroBlockThreeBldg_A01_01,StaticMesh,/Game/CitySampleBuildings/Building/Library/Kit_Hero_Bldg/MeshRoof/Roof_HeroBlockThreeBldg_A01_01.Roof_HeroBlockThreeBldg_A01_01,27,Selected by deterministic production policy: high source score and variant-family diversity.
M0175,APPROVED,AUTO_POLICY,true,ARCHITECTURE_SECONDARY,HUB;SPRING;SUMMER;AUTUMN;WINTER,SPRING;SUMMER;AUTUMN;WINTER,0.88,roof,ROOF_MODULE,CitySampleBuildings,Roof_HeroBlockThreeBldg_A01_02,StaticMesh,/Game/CitySampleBuildings/Building/Library/Kit_Hero_Bldg/MeshRoof/Roof_HeroBlockThreeBldg_A01_02.Roof_HeroBlockThreeBldg_A01_02,27,Selected by deterministic production policy: high source score and variant-family diversity.
M0176,RESERVE,AUTO_POLICY,false,ARCHITECTURE_SECONDARY,HUB;SPRING;SUMMER;AUTUMN;WINTER,SPRING;SUMMER;AUTUMN;WINTER,0.35,roof,ROOF_MODULE,CitySampleBuildings,Roof_HeroBlockThreeBldg_A01_03,StaticMesh,/Game/CitySampleBuildings/Building/Library/Kit_Hero_Bldg/MeshRoof/Roof_HeroBlockThreeBldg_A01_03.Roof_HeroBlockThreeBldg_A01_03,27,Kept as deterministic reserve for visual variety or district-specific dressing.
M0177,RESERVE,AUTO_POLICY,false,ARCHITECTURE_SECONDARY,HUB;SPRING;SUMMER;AUTUMN;WINTER,SPRING;SUMMER;AUTUMN;WINTER,0.35,roof,ROOF_MODULE,CitySampleBuildings,Roof_HeroBlockThreeBldg_A01_04,StaticMesh,/Game/CitySampleBuildings/Building/Library/Kit_Hero_Bldg/MeshRoof/Roof_HeroBlockThreeBldg_A01_04.Roof_HeroBlockThreeBldg_A01_04,27,Kept as deterministic reserve for visual variety or district-specific dressing.
M0178,RESERVE,AUTO_POLICY,false,ARCHITECTURE_SECONDARY,HUB;SPRING;SUMMER;AUTUMN;WINTER,SPRING;SUMMER;AUTUMN;WINTER,0.35,roof,ROOF_MODULE,CitySampleBuildings,Roof_HeroBlockThreeBldg_A01_05,StaticMesh,/Game/CitySampleBuildings/Building/Library/Kit_Hero_Bldg/MeshRoof/Roof_HeroBlockThreeBldg_A01_05.Roof_HeroBlockThreeBldg_A01_05,27,Kept as deterministic reserve for visual variety or district-specific dressing.
M0179,APPROVED,AUTO_POLICY,true,ARCHITECTURE_SECONDARY,HUB;SPRING;SUMMER;AUTUMN;WINTER,SPRING;SUMMER;AUTUMN;WINTER,0.88,roof,ROOF_MODULE,CitySampleBuildings,Roof_HeroChase_A01_01,StaticMesh,/Game/CitySampleBuildings/Building/Library/Kit_Hero_Bldg/MeshRoof/Roof_HeroChase_A01_01.Roof_HeroChase_A01_01,27,Selected by deterministic production policy: high source score and variant-family diversity.
M0180,RESERVE,AUTO_POLICY,false,ARCHITECTURE_SECONDARY,HUB;SPRING;SUMMER;AUTUMN;WINTER,SPRING;SUMMER;AUTUMN;WINTER,0.35,roof,ROOF_MODULE,CitySampleBuildings,Roof_HeroChase_A01_02,StaticMesh,/Game/CitySampleBuildings/Building/Library/Kit_Hero_Bldg/MeshRoof/Roof_HeroChase_A01_02.Roof_HeroChase_A01_02,27,Kept as deterministic reserve for visual variety or district-specific dressing.
M0181,APPROVED,AUTO_POLICY,true,ARCHITECTURE_SECONDARY,HUB;SPRING;SUMMER;AUTUMN;WINTER,SPRING;SUMMER;AUTUMN;WINTER,0.88,roof,ROOF_MODULE,CitySampleBuildings,Roof_HeroFWYClover_01_01,StaticMesh,/Game/CitySampleBuildings/Building/Library/Kit_Hero_Bldg/MeshRoof/Roof_HeroFWYClover_01_01.Roof_HeroFWYClover_01_01,27,Selected by deterministic production policy: high source score and variant-family diversity.
M0182,APPROVED,AUTO_POLICY,true,ARCHITECTURE_SECONDARY,HUB;SPRING;SUMMER;AUTUMN;WINTER,SPRING;SUMMER;AUTUMN;WINTER,0.88,roof,ROOF_MODULE,CitySampleBuildings,Roof_HeroFWYClover_02_01,StaticMesh,/Game/CitySampleBuildings/Building/Library/Kit_Hero_Bldg/MeshRoof/Roof_HeroFWYClover_02_01.Roof_HeroFWYClover_02_01,27,Selected by deterministic production policy: high source score and variant-family diversity.
M0183,APPROVED,AUTO_POLICY,true,ARCHITECTURE_SECONDARY,HUB;SPRING;SUMMER;AUTUMN;WINTER,SPRING;SUMMER;AUTUMN;WINTER,0.88,roof,ROOF_MODULE,CitySampleBuildings,Roof_HeroLowCHGModern_A01_01,StaticMesh,/Game/CitySampleBuildings/Building/Library/Kit_Hero_Bldg/MeshRoof/Roof_HeroLowCHGModern_A01_01.Roof_HeroLowCHGModern_A01_01,27,Selected by deterministic production policy: high source score and variant-family diversity.
M0184,APPROVED,AUTO_POLICY,true,ARCHITECTURE_SECONDARY,HUB;SPRING;SUMMER;AUTUMN;WINTER,SPRING;SUMMER;AUTUMN;WINTER,0.88,roof,ROOF_MODULE,CitySampleBuildings,Roof_HeroMid_NYG_Modern_A01_01,StaticMesh,/Game/CitySampleBuildings/Building/Library/Kit_Hero_Bldg/MeshRoof/Roof_HeroMid_NYG_Modern_A01_01.Roof_HeroMid_NYG_Modern_A01_01,27,Selected by deterministic production policy: high source score and variant-family diversity.
M0185,APPROVED,AUTO_POLICY,true,ARCHITECTURE_SECONDARY,HUB;SPRING;SUMMER;AUTUMN;WINTER,SPRING;SUMMER;AUTUMN;WINTER,0.88,roof,ROOF_MODULE,CitySampleBuildings,Roof_HeroMidNYGTriangleB01_01,StaticMesh,/Game/CitySampleBuildings/Building/Library/Kit_Hero_Bldg/MeshRoof/Roof_HeroMidNYGTriangleB01_01.Roof_HeroMidNYGTriangleB01_01,27,Selected by deterministic production policy: high source score and variant-family diversity.
M0186,RESERVE,AUTO_POLICY,false,ARCHITECTURE_SECONDARY,HUB;SPRING;SUMMER;AUTUMN;WINTER,SPRING;SUMMER;AUTUMN;WINTER,0.35,roof,ROOF_MODULE,CitySampleBuildings,Roof_HeroMidNYGTriangleB01_02,StaticMesh,/Game/CitySampleBuildings/Building/Library/Kit_Hero_Bldg/MeshRoof/Roof_HeroMidNYGTriangleB01_02.Roof_HeroMidNYGTriangleB01_02,27,Kept as deterministic reserve for visual variety or district-specific dressing.
M0187,RESERVE,AUTO_POLICY,false,ARCHITECTURE_SECONDARY,HUB;SPRING;SUMMER;AUTUMN;WINTER,SPRING;SUMMER;AUTUMN;WINTER,0.35,roof,ROOF_MODULE,CitySampleBuildings,Roof_HeroMidNYGTriangleB01_03,StaticMesh,/Game/CitySampleBuildings/Building/Library/Kit_Hero_Bldg/MeshRoof/Roof_HeroMidNYGTriangleB01_03.Roof_HeroMidNYGTriangleB01_03,27,Kept as deterministic reserve for visual variety or district-specific dressing.
M0188,APPROVED,AUTO_POLICY,true,ARCHITECTURE_SECONDARY,HUB;SPRING;SUMMER;AUTUMN;WINTER,SPRING;SUMMER;AUTUMN;WINTER,0.88,roof,ROOF_MODULE,CitySampleBuildings,Roof_HeroMidSFATriangle_A01_01,StaticMesh,/Game/CitySampleBuildings/Building/Library/Kit_Hero_Bldg/MeshRoof/Roof_HeroMidSFATriangle_A01_01.Roof_HeroMidSFATriangle_A01_01,27,Selected by deterministic production policy: high source score and variant-family diversity.
M0190,APPROVED,AUTO_POLICY,true,ARCHITECTURE_SECONDARY,HUB;SPRING;SUMMER;AUTUMN;WINTER,SPRING;SUMMER;AUTUMN;WINTER,0.88,roof,ROOF_MODULE,CitySampleBuildings,Roof_HeroMidSFCTriangleB01_01,StaticMesh,/Game/CitySampleBuildings/Building/Library/Kit_Hero_Bldg/MeshRoof/Roof_HeroMidSFCTriangleB01_01.Roof_HeroMidSFCTriangleB01_01,27,Selected by deterministic production policy: high source score and variant-family diversity.
M0194,APPROVED,AUTO_POLICY,true,ARCHITECTURE_PRIMARY,HUB;SPRING;SUMMER;AUTUMN;WINTER,SPRING;SUMMER;AUTUMN;WINTER,0.90,structural,STRUCTURAL_MODULE,Scene_UnfinishedBuilding,SM_Ind_Con_Beams_Ceiling_Concrete_Rough_01,StaticMesh,/Game/Scene_UnfinishedBuilding/Assets/Megascans/3D_Assets/Ind_Con_Beams_Ceiling_Concrete_Rough_01/SM_Ind_Con_Beams_Ceiling_Concrete_Rough_01.SM_Ind_Con_Beams_Ceiling_Concrete_Rough_01,50,Selected by deterministic production policy: high source score and variant-family diversity.
M0195,APPROVED,AUTO_POLICY,true,ARCHITECTURE_PRIMARY,HUB;SPRING;SUMMER;AUTUMN;WINTER,SPRING;SUMMER;AUTUMN;WINTER,0.90,structural,STRUCTURAL_MODULE,Scene_UnfinishedBuilding,SM_Ind_Con_Beams_Ceiling_Concrete_Rough_02,StaticMesh,/Game/Scene_UnfinishedBuilding/Assets/Megascans/3D_Assets/Ind_Con_Beams_Ceiling_Concrete_Rough_02/SM_Ind_Con_Beams_Ceiling_Concrete_Rough_02.SM_Ind_Con_Beams_Ceiling_Concrete_Rough_02,50,Selected by deterministic production policy: high source score and variant-family diversity.
M0196,APPROVED,AUTO_POLICY,true,ARCHITECTURE_PRIMARY,HUB;SPRING;SUMMER;AUTUMN;WINTER,SPRING;SUMMER;AUTUMN;WINTER,0.90,structural,STRUCTURAL_MODULE,Scene_UnfinishedBuilding,SM_Ind_Con_Beams_Ceiling_Concrete_Rough_03,StaticMesh,/Game/Scene_UnfinishedBuilding/Assets/Megascans/3D_Assets/Ind_Con_Beams_Ceiling_Concrete_Rough_03/SM_Ind_Con_Beams_Ceiling_Concrete_Rough_03.SM_Ind_Con_Beams_Ceiling_Concrete_Rough_03,50,Selected by deterministic production policy: high source score and variant-family diversity.
M0197,APPROVED,AUTO_POLICY,true,ARCHITECTURE_PRIMARY,HUB;SPRING;SUMMER;AUTUMN;WINTER,SPRING;SUMMER;AUTUMN;WINTER,0.90,structural,STRUCTURAL_MODULE,Scene_UnfinishedBuilding,SM_Ind_Con_Beams_Ceiling_Concrete_Worn_01,StaticMesh,/Game/Scene_UnfinishedBuilding/Assets/Megascans/3D_Assets/Ind_Con_Beams_Ceiling_Concrete_Worn_01/SM_Ind_Con_Beams_Ceiling_Concrete_Worn_01.SM_Ind_Con_Beams_Ceiling_Concrete_Worn_01,50,Selected by deterministic production policy: high source score and variant-family diversity.
M0198,APPROVED,AUTO_POLICY,true,ARCHITECTURE_PRIMARY,HUB;SPRING;SUMMER;AUTUMN;WINTER,SPRING;SUMMER;AUTUMN;WINTER,0.90,structural,STRUCTURAL_MODULE,Scene_UnfinishedBuilding,SM_Ind_Con_Beams_Ceiling_Concrete_Worn_02,StaticMesh,/Game/Scene_UnfinishedBuilding/Assets/Megascans/3D_Assets/Ind_Con_Beams_Ceiling_Concrete_Worn_02/SM_Ind_Con_Beams_Ceiling_Concrete_Worn_02.SM_Ind_Con_Beams_Ceiling_Concrete_Worn_02,50,Selected by deterministic production policy: high source score and variant-family diversity.
M0199,APPROVED,AUTO_POLICY,true,ARCHITECTURE_PRIMARY,HUB;SPRING;SUMMER;AUTUMN;WINTER,SPRING;SUMMER;AUTUMN;WINTER,0.90,structural,STRUCTURAL_MODULE,Scene_UnfinishedBuilding,SM_Ind_Con_Beams_Ceiling_Concrete_Worn_03,StaticMesh,/Game/Scene_UnfinishedBuilding/Assets/Megascans/3D_Assets/Ind_Con_Beams_Ceiling_Concrete_Worn_03/SM_Ind_Con_Beams_Ceiling_Concrete_Worn_03.SM_Ind_Con_Beams_Ceiling_Concrete_Worn_03,50,Selected by deterministic production policy: high source score and variant-family diversity.
M0200,APPROVED,AUTO_POLICY,true,ARCHITECTURE_PRIMARY,HUB;SPRING;SUMMER;AUTUMN;WINTER,SPRING;SUMMER;AUTUMN;WINTER,0.89,structural,STRUCTURAL_MODULE,Scene_UnfinishedBuilding,SM_Ind_Unf_FloorPlane_01,StaticMesh,/Game/Scene_UnfinishedBuilding/Assets/Custom/Ind_Unf__FloorPlane_01/SM_Ind_Unf_FloorPlane_01.SM_Ind_Unf_FloorPlane_01,42,Selected by deterministic production policy: high source score and variant-family diversity.
M0201,APPROVED,AUTO_POLICY,true,ARCHITECTURE_PRIMARY,HUB;SPRING;SUMMER;AUTUMN;WINTER,SPRING;SUMMER;AUTUMN;WINTER,0.89,structural,STRUCTURAL_MODULE,Scene_UnfinishedBuilding,SM_Ind_Unf_FloorPlane_02,StaticMesh,/Game/Scene_UnfinishedBuilding/Assets/Custom/Ind_Unf__FloorPlane_02/SM_Ind_Unf_FloorPlane_02.SM_Ind_Unf_FloorPlane_02,42,Selected by deterministic production policy: high source score and variant-family diversity.
M0202,APPROVED,AUTO_POLICY,true,ARCHITECTURE_PRIMARY,HUB;SPRING;SUMMER;AUTUMN;WINTER,SPRING;SUMMER;AUTUMN;WINTER,0.89,structural,STRUCTURAL_MODULE,Scene_UnfinishedBuilding,SM_Ind_Unf_Pillar_01,StaticMesh,/Game/Scene_UnfinishedBuilding/Assets/Custom/Ind_Unf__Pillar_01/SM_Ind_Unf_Pillar_01.SM_Ind_Unf_Pillar_01,42,Selected by deterministic production policy: high source score and variant-family diversity.
M0203,APPROVED,AUTO_POLICY,true,ARCHITECTURE_PRIMARY,HUB;SPRING;SUMMER;AUTUMN;WINTER,SPRING;SUMMER;AUTUMN;WINTER,0.89,structural,STRUCTURAL_MODULE,Scene_UnfinishedBuilding,SM_Ind_Unf_Ceiling_01,StaticMesh,/Game/Scene_UnfinishedBuilding/Assets/Custom/Ind_Unf_Ceiling_01/SM_Ind_Unf_Ceiling_01.SM_Ind_Unf_Ceiling_01,42,Selected by deterministic production policy: high source score and variant-family diversity.
M0204,APPROVED,AUTO_POLICY,true,ARCHITECTURE_PRIMARY,HUB;SPRING;SUMMER;AUTUMN;WINTER,SPRING;SUMMER;AUTUMN;WINTER,0.89,structural,STRUCTURAL_MODULE,Scene_UnfinishedBuilding,SM_Ind_Con_Pillar_Concrete_Round_01,StaticMesh,/Game/Scene_UnfinishedBuilding/Assets/Megascans/3D_Assets/Ind_Con_Pillar_Concrete_Round_01/SM_Ind_Con_Pillar_Concrete_Round_01.SM_Ind_Con_Pillar_Concrete_Round_01,42,Selected by deterministic production policy: high source score and variant-family diversity.
M0205,APPROVED,AUTO_POLICY,true,ARCHITECTURE_PRIMARY,HUB;SPRING;SUMMER;AUTUMN;WINTER,SPRING;SUMMER;AUTUMN;WINTER,0.89,structural,STRUCTURAL_MODULE,Scene_UnfinishedBuilding,SM_Ind_Con_Pillar_Round_Concrete_01,StaticMesh,/Game/Scene_UnfinishedBuilding/Assets/Megascans/3D_Assets/Ind_Con_Pillar_Round_Concrete_01/SM_Ind_Con_Pillar_Round_Concrete_01.SM_Ind_Con_Pillar_Round_Concrete_01,42,Selected by deterministic production policy: high source score and variant-family diversity.
M0206,APPROVED,AUTO_POLICY,true,ARCHITECTURE_PRIMARY,HUB;SPRING;SUMMER;AUTUMN;WINTER,SPRING;SUMMER;AUTUMN;WINTER,0.89,structural,STRUCTURAL_MODULE,Scene_UnfinishedBuilding,SM_Ind_Con_Pillar_Round_Concrete_02,StaticMesh,/Game/Scene_UnfinishedBuilding/Assets/Megascans/3D_Assets/Ind_Con_Pillar_Round_Concrete_02/SM_Ind_Con_Pillar_Round_Concrete_02.SM_Ind_Con_Pillar_Round_Concrete_02,42,Selected by deterministic production policy: high source score and variant-family diversity.
M0207,APPROVED,AUTO_POLICY,true,ARCHITECTURE_PRIMARY,HUB;SPRING;SUMMER;AUTUMN;WINTER,SPRING;SUMMER;AUTUMN;WINTER,0.89,structural,STRUCTURAL_MODULE,Scene_UnfinishedBuilding,SM_Ind_Con_Pillar_Square_Concrete_Stained_01,StaticMesh,/Game/Scene_UnfinishedBuilding/Assets/Megascans/3D_Assets/Ind_Con_Pillar_Square_Concrete_Stained_01/SM_Ind_Con_Pillar_Square_Concrete_Stained_01.SM_Ind_Con_Pillar_Square_Concrete_Stained_01,42,Selected by deterministic production policy: high source score and variant-family diversity.
M0208,APPROVED,AUTO_POLICY,true,ARCHITECTURE_PRIMARY,HUB;SPRING;SUMMER;AUTUMN;WINTER,SPRING;SUMMER;AUTUMN;WINTER,0.89,structural,STRUCTURAL_MODULE,Scene_UnfinishedBuilding,SM_Ind_War_Light_Ceiling_Metal_Hanging_02,StaticMesh,/Game/Scene_UnfinishedBuilding/Assets/Megascans/3D_Assets/Ind_War_Light_Ceiling_Metal_Hanging_02/SM_Ind_War_Light_Ceiling_Metal_Hanging_02.SM_Ind_War_Light_Ceiling_Metal_Hanging_02,42,Selected by deterministic production policy: high source score and variant-family diversity.
M0209,APPROVED,AUTO_POLICY,true,ARCHITECTURE_PRIMARY,HUB;SPRING;SUMMER;AUTUMN;WINTER,SPRING;SUMMER;AUTUMN;WINTER,0.88,structural,STRUCTURAL_MODULE,CitySampleBuildings,SM_BLDG_CHA_L10_A_Column_01_N1,StaticMesh,/Game/CitySampleBuildings/Building/CH/A/Kit_Bldg_CHA_L10_A/Mesh/SM_BLDG_CHA_L10_A_Column_01_N1.SM_BLDG_CHA_L10_A_Column_01_N1,32,Selected by deterministic production policy: high source score and variant-family diversity.
M0210,APPROVED,AUTO_POLICY,true,ARCHITECTURE_PRIMARY,HUB;SPRING;SUMMER;AUTUMN;WINTER,SPRING;SUMMER;AUTUMN;WINTER,0.88,structural,STRUCTURAL_MODULE,CitySampleBuildings,SM_BLDG_CHA_L11_A_Column_01_N1,StaticMesh,/Game/CitySampleBuildings/Building/CH/A/Kit_Bldg_CHA_L11_A/Mesh/SM_BLDG_CHA_L11_A_Column_01_N1.SM_BLDG_CHA_L11_A_Column_01_N1,32,Selected by deterministic production policy: high source score and variant-family diversity.
M0211,APPROVED,AUTO_POLICY,true,ARCHITECTURE_PRIMARY,HUB;SPRING;SUMMER;AUTUMN;WINTER,SPRING;SUMMER;AUTUMN;WINTER,0.88,structural,STRUCTURAL_MODULE,CitySampleBuildings,SM_BLDG_CHA_L12_A_Column_01_N1,StaticMesh,/Game/CitySampleBuildings/Building/CH/A/Kit_Bldg_CHA_L12_A/Mesh/SM_BLDG_CHA_L12_A_Column_01_N1.SM_BLDG_CHA_L12_A_Column_01_N1,32,Selected by deterministic production policy: high source score and variant-family diversity.
M0212,APPROVED,AUTO_POLICY,true,ARCHITECTURE_PRIMARY,HUB;SPRING;SUMMER;AUTUMN;WINTER,SPRING;SUMMER;AUTUMN;WINTER,0.88,structural,STRUCTURAL_MODULE,CitySampleBuildings,SM_BLDG_CHA_L13_A_Column_01_N1,StaticMesh,/Game/CitySampleBuildings/Building/CH/A/Kit_Bldg_CHA_L13_A/Mesh/SM_BLDG_CHA_L13_A_Column_01_N1.SM_BLDG_CHA_L13_A_Column_01_N1,32,Selected by deterministic production policy: high source score and variant-family diversity.
M0213,APPROVED,AUTO_POLICY,true,ARCHITECTURE_PRIMARY,HUB;SPRING;SUMMER;AUTUMN;WINTER,SPRING;SUMMER;AUTUMN;WINTER,0.88,structural,STRUCTURAL_MODULE,CitySampleBuildings,SM_BLDG_CHA_L14_A_Column_01_N1,StaticMesh,/Game/CitySampleBuildings/Building/CH/A/Kit_Bldg_CHA_L14_A/Mesh/SM_BLDG_CHA_L14_A_Column_01_N1.SM_BLDG_CHA_L14_A_Column_01_N1,32,Selected by deterministic production policy: high source score and variant-family diversity.
M0214,RESERVE,AUTO_POLICY,false,ARCHITECTURE_PRIMARY,HUB;SPRING;SUMMER;AUTUMN;WINTER,SPRING;SUMMER;AUTUMN;WINTER,0.35,structural,STRUCTURAL_MODULE,CitySampleBuildings,SM_BLDG_CHA_L15_A_Column_01_N1,StaticMesh,/Game/CitySampleBuildings/Building/CH/A/Kit_Bldg_CHA_L15_A/Mesh/SM_BLDG_CHA_L15_A_Column_01_N1.SM_BLDG_CHA_L15_A_Column_01_N1,32,Kept as deterministic reserve for visual variety or district-specific dressing.
M0215,RESERVE,AUTO_POLICY,false,ARCHITECTURE_PRIMARY,HUB;SPRING;SUMMER;AUTUMN;WINTER,SPRING;SUMMER;AUTUMN;WINTER,0.35,structural,STRUCTURAL_MODULE,CitySampleBuildings,SM_BLDG_CHA_L16_A_Column_01_N1,StaticMesh,/Game/CitySampleBuildings/Building/CH/A/Kit_Bldg_CHA_L16_A/Mesh/SM_BLDG_CHA_L16_A_Column_01_N1.SM_BLDG_CHA_L16_A_Column_01_N1,32,Kept as deterministic reserve for visual variety or district-specific dressing.
M0216,RESERVE,AUTO_POLICY,false,ARCHITECTURE_PRIMARY,HUB;SPRING;SUMMER;AUTUMN;WINTER,SPRING;SUMMER;AUTUMN;WINTER,0.35,structural,STRUCTURAL_MODULE,CitySampleBuildings,SM_BLDG_CHA_L17_A_Column_01_N1,StaticMesh,/Game/CitySampleBuildings/Building/CH/A/Kit_Bldg_CHA_L17_A/Mesh/SM_BLDG_CHA_L17_A_Column_01_N1.SM_BLDG_CHA_L17_A_Column_01_N1,32,Kept as deterministic reserve for visual variety or district-specific dressing.
M0217,RESERVE,AUTO_POLICY,false,ARCHITECTURE_PRIMARY,HUB;SPRING;SUMMER;AUTUMN;WINTER,SPRING;SUMMER;AUTUMN;WINTER,0.35,structural,STRUCTURAL_MODULE,CitySampleBuildings,SM_BLDG_CHA_L18_A_Column_01_N1,StaticMesh,/Game/CitySampleBuildings/Building/CH/A/Kit_Bldg_CHA_L18_A/Mesh/SM_BLDG_CHA_L18_A_Column_01_N1.SM_BLDG_CHA_L18_A_Column_01_N1,32,Kept as deterministic reserve for visual variety or district-specific dressing.
M0218,RESERVE,AUTO_POLICY,false,ARCHITECTURE_PRIMARY,HUB;SPRING;SUMMER;AUTUMN;WINTER,SPRING;SUMMER;AUTUMN;WINTER,0.35,structural,STRUCTURAL_MODULE,CitySampleBuildings,SM_BLDG_CHA_L18_A_Column_02_N1,StaticMesh,/Game/CitySampleBuildings/Building/CH/A/Kit_Bldg_CHA_L18_A/Mesh/SM_BLDG_CHA_L18_A_Column_02_N1.SM_BLDG_CHA_L18_A_Column_02_N1,32,Kept as deterministic reserve for visual variety or district-specific dressing.
M0219,RESERVE,AUTO_POLICY,false,ARCHITECTURE_PRIMARY,HUB;SPRING;SUMMER;AUTUMN;WINTER,SPRING;SUMMER;AUTUMN;WINTER,0.35,structural,STRUCTURAL_MODULE,CitySampleBuildings,SM_BLDG_CHA_L01_A_Column_01_N1,StaticMesh,/Game/CitySampleBuildings/Building/CH/A/Kit_Bldg_CHa_L1_A/Mesh/SM_BLDG_CHA_L01_A_Column_01_N1.SM_BLDG_CHA_L01_A_Column_01_N1,32,Kept as deterministic reserve for visual variety or district-specific dressing.
M0220,RESERVE,AUTO_POLICY,false,ARCHITECTURE_PRIMARY,HUB;SPRING;SUMMER;AUTUMN;WINTER,SPRING;SUMMER;AUTUMN;WINTER,0.35,structural,STRUCTURAL_MODULE,CitySampleBuildings,SM_BLDG_CHA_L20_A_Column_01_N1,StaticMesh,/Game/CitySampleBuildings/Building/CH/A/Kit_Bldg_CHA_L20_A/Mesh/SM_BLDG_CHA_L20_A_Column_01_N1.SM_BLDG_CHA_L20_A_Column_01_N1,32,Kept as deterministic reserve for visual variety or district-specific dressing.
M0221,RESERVE,AUTO_POLICY,false,ARCHITECTURE_PRIMARY,HUB;SPRING;SUMMER;AUTUMN;WINTER,SPRING;SUMMER;AUTUMN;WINTER,0.35,structural,STRUCTURAL_MODULE,CitySampleBuildings,SM_BLDG_CHA_L20_A_Column_02_N1,StaticMesh,/Game/CitySampleBuildings/Building/CH/A/Kit_Bldg_CHA_L20_A/Mesh/SM_BLDG_CHA_L20_A_Column_02_N1.SM_BLDG_CHA_L20_A_Column_02_N1,32,Kept as deterministic reserve for visual variety or district-specific dressing.
M0222,RESERVE,AUTO_POLICY,false,ARCHITECTURE_PRIMARY,HUB;SPRING;SUMMER;AUTUMN;WINTER,SPRING;SUMMER;AUTUMN;WINTER,0.35,structural,STRUCTURAL_MODULE,CitySampleBuildings,SM_BLDG_CHA_L20_A_Column_03_N1,StaticMesh,/Game/CitySampleBuildings/Building/CH/A/Kit_Bldg_CHA_L20_A/Mesh/SM_BLDG_CHA_L20_A_Column_03_N1.SM_BLDG_CHA_L20_A_Column_03_N1,32,Kept as deterministic reserve for visual variety or district-specific dressing.
M0223,RESERVE,AUTO_POLICY,false,ARCHITECTURE_PRIMARY,HUB;SPRING;SUMMER;AUTUMN;WINTER,SPRING;SUMMER;AUTUMN;WINTER,0.35,structural,STRUCTURAL_MODULE,CitySampleBuildings,SM_BLDG_CHA_L21_A_Column_01_N1,StaticMesh,/Game/CitySampleBuildings/Building/CH/A/Kit_Bldg_CHa_L21_A/Mesh/SM_BLDG_CHA_L21_A_Column_01_N1.SM_BLDG_CHA_L21_A_Column_01_N1,32,Kept as deterministic reserve for visual variety or district-specific dressing.
M0230,APPROVED,AUTO_POLICY,true,ARCHITECTURE_PRIMARY,HUB;SPRING;SUMMER;AUTUMN;WINTER,SPRING;SUMMER;AUTUMN;WINTER,0.89,wall_facade,FACADE_MODULE,CitySampleBuildings,SM_BLDG_CHA_L10_A_Wall_01_N1,StaticMesh,/Game/CitySampleBuildings/Building/CH/A/Kit_Bldg_CHA_L10_A/Mesh/SM_BLDG_CHA_L10_A_Wall_01_N1.SM_BLDG_CHA_L10_A_Wall_01_N1,40,Selected by deterministic production policy: high source score and variant-family diversity.
M0231,APPROVED,AUTO_POLICY,true,ARCHITECTURE_PRIMARY,HUB;SPRING;SUMMER;AUTUMN;WINTER,SPRING;SUMMER;AUTUMN;WINTER,0.89,wall_facade,FACADE_MODULE,CitySampleBuildings,SM_BLDG_CHA_L11_A_Wall_01_N1,StaticMesh,/Game/CitySampleBuildings/Building/CH/A/Kit_Bldg_CHA_L11_A/Mesh/SM_BLDG_CHA_L11_A_Wall_01_N1.SM_BLDG_CHA_L11_A_Wall_01_N1,40,Selected by deterministic production policy: high source score and variant-family diversity.
M0232,APPROVED,AUTO_POLICY,true,ARCHITECTURE_PRIMARY,HUB;SPRING;SUMMER;AUTUMN;WINTER,SPRING;SUMMER;AUTUMN;WINTER,0.89,wall_facade,FACADE_MODULE,CitySampleBuildings,SM_BLDG_CHA_L11_A_Wall_02_N1,StaticMesh,/Game/CitySampleBuildings/Building/CH/A/Kit_Bldg_CHA_L11_A/Mesh/SM_BLDG_CHA_L11_A_Wall_02_N1.SM_BLDG_CHA_L11_A_Wall_02_N1,40,Selected by deterministic production policy: high source score and variant-family diversity.
M0233,APPROVED,AUTO_POLICY,true,ARCHITECTURE_PRIMARY,HUB;SPRING;SUMMER;AUTUMN;WINTER,SPRING;SUMMER;AUTUMN;WINTER,0.89,wall_facade,FACADE_MODULE,CitySampleBuildings,SM_BLDG_CHA_L12_A_Wall_01_N1,StaticMesh,/Game/CitySampleBuildings/Building/CH/A/Kit_Bldg_CHA_L12_A/Mesh/SM_BLDG_CHA_L12_A_Wall_01_N1.SM_BLDG_CHA_L12_A_Wall_01_N1,40,Selected by deterministic production policy: high source score and variant-family diversity.
M0234,APPROVED,AUTO_POLICY,true,ARCHITECTURE_PRIMARY,HUB;SPRING;SUMMER;AUTUMN;WINTER,SPRING;SUMMER;AUTUMN;WINTER,0.89,wall_facade,FACADE_MODULE,CitySampleBuildings,SM_BLDG_CHA_L13_A_Wall_01_N1,StaticMesh,/Game/CitySampleBuildings/Building/CH/A/Kit_Bldg_CHA_L13_A/Mesh/SM_BLDG_CHA_L13_A_Wall_01_N1.SM_BLDG_CHA_L13_A_Wall_01_N1,40,Selected by deterministic production policy: high source score and variant-family diversity.
M0235,APPROVED,AUTO_POLICY,true,ARCHITECTURE_PRIMARY,HUB;SPRING;SUMMER;AUTUMN;WINTER,SPRING;SUMMER;AUTUMN;WINTER,0.89,wall_facade,FACADE_MODULE,CitySampleBuildings,SM_BLDG_CHA_L14_A_Wall_01_N1,StaticMesh,/Game/CitySampleBuildings/Building/CH/A/Kit_Bldg_CHA_L14_A/Mesh/SM_BLDG_CHA_L14_A_Wall_01_N1.SM_BLDG_CHA_L14_A_Wall_01_N1,40,Selected by deterministic production policy: high source score and variant-family diversity.
M0236,APPROVED,AUTO_POLICY,true,ARCHITECTURE_PRIMARY,HUB;SPRING;SUMMER;AUTUMN;WINTER,SPRING;SUMMER;AUTUMN;WINTER,0.89,wall_facade,FACADE_MODULE,CitySampleBuildings,SM_BLDG_CHA_L15_A_Wall_01_N1,StaticMesh,/Game/CitySampleBuildings/Building/CH/A/Kit_Bldg_CHA_L15_A/Mesh/SM_BLDG_CHA_L15_A_Wall_01_N1.SM_BLDG_CHA_L15_A_Wall_01_N1,40,Selected by deterministic production policy: high source score and variant-family diversity.
M0237,APPROVED,AUTO_POLICY,true,ARCHITECTURE_PRIMARY,HUB;SPRING;SUMMER;AUTUMN;WINTER,SPRING;SUMMER;AUTUMN;WINTER,0.89,wall_facade,FACADE_MODULE,CitySampleBuildings,SM_BLDG_CHA_L16_A_Wall_01_N1,StaticMesh,/Game/CitySampleBuildings/Building/CH/A/Kit_Bldg_CHA_L16_A/Mesh/SM_BLDG_CHA_L16_A_Wall_01_N1.SM_BLDG_CHA_L16_A_Wall_01_N1,40,Selected by deterministic production policy: high source score and variant-family diversity.
M0238,APPROVED,AUTO_POLICY,true,ARCHITECTURE_PRIMARY,HUB;SPRING;SUMMER;AUTUMN;WINTER,SPRING;SUMMER;AUTUMN;WINTER,0.89,wall_facade,FACADE_MODULE,CitySampleBuildings,SM_BLDG_CHA_L17_A_Wall_01_N1,StaticMesh,/Game/CitySampleBuildings/Building/CH/A/Kit_Bldg_CHA_L17_A/Mesh/SM_BLDG_CHA_L17_A_Wall_01_N1.SM_BLDG_CHA_L17_A_Wall_01_N1,40,Selected by deterministic production policy: high source score and variant-family diversity.
M0239,APPROVED,AUTO_POLICY,true,ARCHITECTURE_PRIMARY,HUB;SPRING;SUMMER;AUTUMN;WINTER,SPRING;SUMMER;AUTUMN;WINTER,0.89,wall_facade,FACADE_MODULE,CitySampleBuildings,SM_BLDG_CHA_L17_A_Wall_02_N1,StaticMesh,/Game/CitySampleBuildings/Building/CH/A/Kit_Bldg_CHA_L17_A/Mesh/SM_BLDG_CHA_L17_A_Wall_02_N1.SM_BLDG_CHA_L17_A_Wall_02_N1,40,Selected by deterministic production policy: high source score and variant-family diversity.
M0240,APPROVED,AUTO_POLICY,true,ARCHITECTURE_PRIMARY,HUB;SPRING;SUMMER;AUTUMN;WINTER,SPRING;SUMMER;AUTUMN;WINTER,0.89,wall_facade,FACADE_MODULE,CitySampleBuildings,SM_BLDG_CHA_L18_A_Wall_01_N1,StaticMesh,/Game/CitySampleBuildings/Building/CH/A/Kit_Bldg_CHA_L18_A/Mesh/SM_BLDG_CHA_L18_A_Wall_01_N1.SM_BLDG_CHA_L18_A_Wall_01_N1,40,Selected by deterministic production policy: high source score and variant-family diversity.
M0241,APPROVED,AUTO_POLICY,true,ARCHITECTURE_PRIMARY,HUB;SPRING;SUMMER;AUTUMN;WINTER,SPRING;SUMMER;AUTUMN;WINTER,0.89,wall_facade,FACADE_MODULE,CitySampleBuildings,SM_BLDG_CHA_L18_A_Wall_02_N1,StaticMesh,/Game/CitySampleBuildings/Building/CH/A/Kit_Bldg_CHA_L18_A/Mesh/SM_BLDG_CHA_L18_A_Wall_02_N1.SM_BLDG_CHA_L18_A_Wall_02_N1,40,Selected by deterministic production policy: high source score and variant-family diversity.
M0242,APPROVED,AUTO_POLICY,true,ARCHITECTURE_PRIMARY,HUB;SPRING;SUMMER;AUTUMN;WINTER,SPRING;SUMMER;AUTUMN;WINTER,0.89,wall_facade,FACADE_MODULE,CitySampleBuildings,SM_BLDG_CHA_L19_A_Wall_01_N1,StaticMesh,/Game/CitySampleBuildings/Building/CH/A/Kit_Bldg_CHA_L19_A/Mesh/SM_BLDG_CHA_L19_A_Wall_01_N1.SM_BLDG_CHA_L19_A_Wall_01_N1,40,Selected by deterministic production policy: high source score and variant-family diversity.
M0243,APPROVED,AUTO_POLICY,true,ARCHITECTURE_PRIMARY,HUB;SPRING;SUMMER;AUTUMN;WINTER,SPRING;SUMMER;AUTUMN;WINTER,0.89,wall_facade,FACADE_MODULE,CitySampleBuildings,SM_BLDG_CHA_L19_A_Wall_02_N1,StaticMesh,/Game/CitySampleBuildings/Building/CH/A/Kit_Bldg_CHA_L19_A/Mesh/SM_BLDG_CHA_L19_A_Wall_02_N1.SM_BLDG_CHA_L19_A_Wall_02_N1,40,Selected by deterministic production policy: high source score and variant-family diversity.
M0244,APPROVED,AUTO_POLICY,true,ARCHITECTURE_PRIMARY,HUB;SPRING;SUMMER;AUTUMN;WINTER,SPRING;SUMMER;AUTUMN;WINTER,0.89,wall_facade,FACADE_MODULE,CitySampleBuildings,SM_BLDG_CHA_L01_A_Wall_01_N1,StaticMesh,/Game/CitySampleBuildings/Building/CH/A/Kit_Bldg_CHa_L1_A/Mesh/SM_BLDG_CHA_L01_A_Wall_01_N1.SM_BLDG_CHA_L01_A_Wall_01_N1,40,Selected by deterministic production policy: high source score and variant-family diversity.
M0245,APPROVED,AUTO_POLICY,true,ARCHITECTURE_PRIMARY,HUB;SPRING;SUMMER;AUTUMN;WINTER,SPRING;SUMMER;AUTUMN;WINTER,0.89,wall_facade,FACADE_MODULE,CitySampleBuildings,SM_BLDG_CHA_L20_A_Wall_01_N1,StaticMesh,/Game/CitySampleBuildings/Building/CH/A/Kit_Bldg_CHA_L20_A/Mesh/SM_BLDG_CHA_L20_A_Wall_01_N1.SM_BLDG_CHA_L20_A_Wall_01_N1,40,Selected by deterministic production policy: high source score and variant-family diversity.
M0246,APPROVED,AUTO_POLICY,true,ARCHITECTURE_PRIMARY,HUB;SPRING;SUMMER;AUTUMN;WINTER,SPRING;SUMMER;AUTUMN;WINTER,0.89,wall_facade,FACADE_MODULE,CitySampleBuildings,SM_BLDG_CHA_L20_A_Wall_02_N1,StaticMesh,/Game/CitySampleBuildings/Building/CH/A/Kit_Bldg_CHA_L20_A/Mesh/SM_BLDG_CHA_L20_A_Wall_02_N1.SM_BLDG_CHA_L20_A_Wall_02_N1,40,Selected by deterministic production policy: high source score and variant-family diversity.
M0247,APPROVED,AUTO_POLICY,true,ARCHITECTURE_PRIMARY,HUB;SPRING;SUMMER;AUTUMN;WINTER,SPRING;SUMMER;AUTUMN;WINTER,0.89,wall_facade,FACADE_MODULE,CitySampleBuildings,SM_BLDG_CHA_L21_A_Wall_01_N1,StaticMesh,/Game/CitySampleBuildings/Building/CH/A/Kit_Bldg_CHa_L21_A/Mesh/SM_BLDG_CHA_L21_A_Wall_01_N1.SM_BLDG_CHA_L21_A_Wall_01_N1,40,Selected by deterministic production policy: high source score and variant-family diversity.
M0248,APPROVED,AUTO_POLICY,true,ARCHITECTURE_PRIMARY,HUB;SPRING;SUMMER;AUTUMN;WINTER,SPRING;SUMMER;AUTUMN;WINTER,0.89,wall_facade,FACADE_MODULE,CitySampleBuildings,SM_BLDG_CHA_L02_A_Wall_01_N1,StaticMesh,/Game/CitySampleBuildings/Building/CH/A/Kit_Bldg_CHA_L2_A/Mesh/SM_BLDG_CHA_L02_A_Wall_01_N1.SM_BLDG_CHA_L02_A_Wall_01_N1,40,Selected by deterministic production policy: high source score and variant-family diversity.
M0249,APPROVED,AUTO_POLICY,true,ARCHITECTURE_PRIMARY,HUB;SPRING;SUMMER;AUTUMN;WINTER,SPRING;SUMMER;AUTUMN;WINTER,0.89,wall_facade,FACADE_MODULE,CitySampleBuildings,SM_BLDG_CHA_L03_A_Wall_01_N1,StaticMesh,/Game/CitySampleBuildings/Building/CH/A/Kit_Bldg_CHA_L3_A/Mesh/SM_BLDG_CHA_L03_A_Wall_01_N1.SM_BLDG_CHA_L03_A_Wall_01_N1,40,Selected by deterministic production policy: high source score and variant-family diversity.
M0250,APPROVED,AUTO_POLICY,true,ARCHITECTURE_PRIMARY,HUB;SPRING;SUMMER;AUTUMN;WINTER,SPRING;SUMMER;AUTUMN;WINTER,0.89,wall_facade,FACADE_MODULE,CitySampleBuildings,SM_BLDG_CHA_L04_A_Wall_01_N1,StaticMesh,/Game/CitySampleBuildings/Building/CH/A/Kit_Bldg_CHA_L4_A/Mesh/SM_BLDG_CHA_L04_A_Wall_01_N1.SM_BLDG_CHA_L04_A_Wall_01_N1,40,Selected by deterministic production policy: high source score and variant-family diversity.
M0251,APPROVED,AUTO_POLICY,true,ARCHITECTURE_PRIMARY,HUB;SPRING;SUMMER;AUTUMN;WINTER,SPRING;SUMMER;AUTUMN;WINTER,0.89,wall_facade,FACADE_MODULE,CitySampleBuildings,SM_BLDG_CHA_L05_A_Wall_01_N1,StaticMesh,/Game/CitySampleBuildings/Building/CH/A/Kit_Bldg_CHA_L5_A/Mesh/SM_BLDG_CHA_L05_A_Wall_01_N1.SM_BLDG_CHA_L05_A_Wall_01_N1,40,Selected by deterministic production policy: high source score and variant-family diversity.
M0252,APPROVED,AUTO_POLICY,true,ARCHITECTURE_PRIMARY,HUB;SPRING;SUMMER;AUTUMN;WINTER,SPRING;SUMMER;AUTUMN;WINTER,0.89,wall_facade,FACADE_MODULE,CitySampleBuildings,SM_BLDG_CHA_L06_A_Wall_01_N1,StaticMesh,/Game/CitySampleBuildings/Building/CH/A/Kit_Bldg_CHA_L6_A/Mesh/SM_BLDG_CHA_L06_A_Wall_01_N1.SM_BLDG_CHA_L06_A_Wall_01_N1,40,Selected by deterministic production policy: high source score and variant-family diversity.
M0253,APPROVED,AUTO_POLICY,true,ARCHITECTURE_PRIMARY,HUB;SPRING;SUMMER;AUTUMN;WINTER,SPRING;SUMMER;AUTUMN;WINTER,0.89,wall_facade,FACADE_MODULE,CitySampleBuildings,SM_BLDG_CHA_L06_A_Wall_02_N1,StaticMesh,/Game/CitySampleBuildings/Building/CH/A/Kit_Bldg_CHA_L6_A/Mesh/SM_BLDG_CHA_L06_A_Wall_02_N1.SM_BLDG_CHA_L06_A_Wall_02_N1,40,Selected by deterministic production policy: high source score and variant-family diversity.
M0254,APPROVED,AUTO_POLICY,true,ARCHITECTURE_PRIMARY,HUB;SPRING;SUMMER;AUTUMN;WINTER,SPRING;SUMMER;AUTUMN;WINTER,0.89,wall_facade,FACADE_MODULE,CitySampleBuildings,SM_BLDG_CHA_L07_A_Wall_01_N1,StaticMesh,/Game/CitySampleBuildings/Building/CH/A/Kit_Bldg_CHA_L7_A/Mesh/SM_BLDG_CHA_L07_A_Wall_01_N1.SM_BLDG_CHA_L07_A_Wall_01_N1,40,Selected by deterministic production policy: high source score and variant-family diversity.
M0255,APPROVED,AUTO_POLICY,true,ARCHITECTURE_PRIMARY,HUB;SPRING;SUMMER;AUTUMN;WINTER,SPRING;SUMMER;AUTUMN;WINTER,0.89,wall_facade,FACADE_MODULE,CitySampleBuildings,SM_BLDG_CHA_L08_A_Wall_01_N1,StaticMesh,/Game/CitySampleBuildings/Building/CH/A/Kit_Bldg_CHA_L8_A/Mesh/SM_BLDG_CHA_L08_A_Wall_01_N1.SM_BLDG_CHA_L08_A_Wall_01_N1,40,Selected by deterministic production policy: high source score and variant-family diversity.
M0256,APPROVED,AUTO_POLICY,true,ARCHITECTURE_PRIMARY,HUB;SPRING;SUMMER;AUTUMN;WINTER,SPRING;SUMMER;AUTUMN;WINTER,0.89,wall_facade,FACADE_MODULE,CitySampleBuildings,SM_BLDG_CHA_L09_A_Wall_01_N1,StaticMesh,/Game/CitySampleBuildings/Building/CH/A/Kit_Bldg_CHA_L9_A/Mesh/SM_BLDG_CHA_L09_A_Wall_01_N1.SM_BLDG_CHA_L09_A_Wall_01_N1,40,Selected by deterministic production policy: high source score and variant-family diversity.
M0257,APPROVED,AUTO_POLICY,true,ARCHITECTURE_PRIMARY,HUB;SPRING;SUMMER;AUTUMN;WINTER,SPRING;SUMMER;AUTUMN;WINTER,0.89,wall_facade,FACADE_MODULE,CitySampleBuildings,SM_BLDG_CHB_L10_A_Wall_01_N1,StaticMesh,/Game/CitySampleBuildings/Building/CH/B/Kit_Bldg_CHB_L10_A/Mesh/SM_BLDG_CHB_L10_A_Wall_01_N1.SM_BLDG_CHB_L10_A_Wall_01_N1,40,Selected by deterministic production policy: high source score and variant-family diversity.
M0258,APPROVED,AUTO_POLICY,true,ARCHITECTURE_PRIMARY,HUB;SPRING;SUMMER;AUTUMN;WINTER,SPRING;SUMMER;AUTUMN;WINTER,0.89,wall_facade,FACADE_MODULE,CitySampleBuildings,SM_BLDG_CHB_L10_A_Wall_02_N1,StaticMesh,/Game/CitySampleBuildings/Building/CH/B/Kit_Bldg_CHB_L10_A/Mesh/SM_BLDG_CHB_L10_A_Wall_02_N1.SM_BLDG_CHB_L10_A_Wall_02_N1,40,Selected by deterministic production policy: high source score and variant-family diversity.
M0259,APPROVED,AUTO_POLICY,true,ARCHITECTURE_PRIMARY,HUB;SPRING;SUMMER;AUTUMN;WINTER,SPRING;SUMMER;AUTUMN;WINTER,0.89,wall_facade,FACADE_MODULE,CitySampleBuildings,SM_BLDG_CHB_L01_A_Wall_01_N1,StaticMesh,/Game/CitySampleBuildings/Building/CH/B/Kit_Bldg_CHB_L1_A/Mesh/SM_BLDG_CHB_L01_A_Wall_01_N1.SM_BLDG_CHB_L01_A_Wall_01_N1,40,Selected by deterministic production policy: high source score and variant-family diversity.
M0260,RESERVE,AUTO_POLICY,false,ARCHITECTURE_PRIMARY,HUB;SPRING;SUMMER;AUTUMN;WINTER,SPRING;SUMMER;AUTUMN;WINTER,0.35,wall_facade,FACADE_MODULE,CitySampleBuildings,SM_BLDG_CHB_L01_A_Wall_02_N1,StaticMesh,/Game/CitySampleBuildings/Building/CH/B/Kit_Bldg_CHB_L1_A/Mesh/SM_BLDG_CHB_L01_A_Wall_02_N1.SM_BLDG_CHB_L01_A_Wall_02_N1,40,Kept as deterministic reserve for visual variety or district-specific dressing.
M0261,RESERVE,AUTO_POLICY,false,ARCHITECTURE_PRIMARY,HUB;SPRING;SUMMER;AUTUMN;WINTER,SPRING;SUMMER;AUTUMN;WINTER,0.35,wall_facade,FACADE_MODULE,CitySampleBuildings,SM_BLDG_CHB_L01_A_Wall_03_N1,StaticMesh,/Game/CitySampleBuildings/Building/CH/B/Kit_Bldg_CHB_L1_A/Mesh/SM_BLDG_CHB_L01_A_Wall_03_N1.SM_BLDG_CHB_L01_A_Wall_03_N1,40,Kept as deterministic reserve for visual variety or district-specific dressing.
M0262,RESERVE,AUTO_POLICY,false,ARCHITECTURE_PRIMARY,HUB;SPRING;SUMMER;AUTUMN;WINTER,SPRING;SUMMER;AUTUMN;WINTER,0.35,wall_facade,FACADE_MODULE,CitySampleBuildings,SM_BLDG_CHB_L01_A_Wall_04_N1,StaticMesh,/Game/CitySampleBuildings/Building/CH/B/Kit_Bldg_CHB_L1_A/Mesh/SM_BLDG_CHB_L01_A_Wall_04_N1.SM_BLDG_CHB_L01_A_Wall_04_N1,40,Kept as deterministic reserve for visual variety or district-specific dressing.
M0263,RESERVE,AUTO_POLICY,false,ARCHITECTURE_PRIMARY,HUB;SPRING;SUMMER;AUTUMN;WINTER,SPRING;SUMMER;AUTUMN;WINTER,0.35,wall_facade,FACADE_MODULE,CitySampleBuildings,SM_BLDG_CHB_L01_A_Wall_05_N1,StaticMesh,/Game/CitySampleBuildings/Building/CH/B/Kit_Bldg_CHB_L1_A/Mesh/SM_BLDG_CHB_L01_A_Wall_05_N1.SM_BLDG_CHB_L01_A_Wall_05_N1,40,Kept as deterministic reserve for visual variety or district-specific dressing.
M0264,RESERVE,AUTO_POLICY,false,ARCHITECTURE_PRIMARY,HUB;SPRING;SUMMER;AUTUMN;WINTER,SPRING;SUMMER;AUTUMN;WINTER,0.35,wall_facade,FACADE_MODULE,CitySampleBuildings,SM_BLDG_CHB_L01_A_Wall_06_N1,StaticMesh,/Game/CitySampleBuildings/Building/CH/B/Kit_Bldg_CHB_L1_A/Mesh/SM_BLDG_CHB_L01_A_Wall_06_N1.SM_BLDG_CHB_L01_A_Wall_06_N1,40,Kept as deterministic reserve for visual variety or district-specific dressing.
M0265,RESERVE,AUTO_POLICY,false,ARCHITECTURE_PRIMARY,HUB;SPRING;SUMMER;AUTUMN;WINTER,SPRING;SUMMER;AUTUMN;WINTER,0.35,wall_facade,FACADE_MODULE,CitySampleBuildings,SM_BLDG_CHB_L01_A_Wall_07_N1,StaticMesh,/Game/CitySampleBuildings/Building/CH/B/Kit_Bldg_CHB_L1_A/Mesh/SM_BLDG_CHB_L01_A_Wall_07_N1.SM_BLDG_CHB_L01_A_Wall_07_N1,40,Kept as deterministic reserve for visual variety or district-specific dressing.
M0266,RESERVE,AUTO_POLICY,false,ARCHITECTURE_PRIMARY,HUB;SPRING;SUMMER;AUTUMN;WINTER,SPRING;SUMMER;AUTUMN;WINTER,0.35,wall_facade,FACADE_MODULE,CitySampleBuildings,SM_BLDG_CHB_L01_A_Wall_08_N1,StaticMesh,/Game/CitySampleBuildings/Building/CH/B/Kit_Bldg_CHB_L1_A/Mesh/SM_BLDG_CHB_L01_A_Wall_08_N1.SM_BLDG_CHB_L01_A_Wall_08_N1,40,Kept as deterministic reserve for visual variety or district-specific dressing.
M0267,RESERVE,AUTO_POLICY,false,ARCHITECTURE_PRIMARY,HUB;SPRING;SUMMER;AUTUMN;WINTER,SPRING;SUMMER;AUTUMN;WINTER,0.35,wall_facade,FACADE_MODULE,CitySampleBuildings,SM_BLDG_CHB_L02_A_Wall_01_N1,StaticMesh,/Game/CitySampleBuildings/Building/CH/B/Kit_Bldg_CHB_L2_A/Mesh/SM_BLDG_CHB_L02_A_Wall_01_N1.SM_BLDG_CHB_L02_A_Wall_01_N1,40,Kept as deterministic reserve for visual variety or district-specific dressing.
M0268,RESERVE,AUTO_POLICY,false,ARCHITECTURE_PRIMARY,HUB;SPRING;SUMMER;AUTUMN;WINTER,SPRING;SUMMER;AUTUMN;WINTER,0.35,wall_facade,FACADE_MODULE,CitySampleBuildings,SM_BLDG_CHB_L02_A_Wall_02_N1,StaticMesh,/Game/CitySampleBuildings/Building/CH/B/Kit_Bldg_CHB_L2_A/Mesh/SM_BLDG_CHB_L02_A_Wall_02_N1.SM_BLDG_CHB_L02_A_Wall_02_N1,40,Kept as deterministic reserve for visual variety or district-specific dressing.
M0269,RESERVE,AUTO_POLICY,false,ARCHITECTURE_PRIMARY,HUB;SPRING;SUMMER;AUTUMN;WINTER,SPRING;SUMMER;AUTUMN;WINTER,0.35,wall_facade,FACADE_MODULE,CitySampleBuildings,SM_BLDG_CHB_L02_A_Wall_03_N1,StaticMesh,/Game/CitySampleBuildings/Building/CH/B/Kit_Bldg_CHB_L2_A/Mesh/SM_BLDG_CHB_L02_A_Wall_03_N1.SM_BLDG_CHB_L02_A_Wall_03_N1,40,Kept as deterministic reserve for visual variety or district-specific dressing.
M0270,RESERVE,AUTO_POLICY,false,ARCHITECTURE_PRIMARY,HUB;SPRING;SUMMER;AUTUMN;WINTER,SPRING;SUMMER;AUTUMN;WINTER,0.35,wall_facade,FACADE_MODULE,CitySampleBuildings,SM_BLDG_CHB_L02_A_Wall_04_N1,StaticMesh,/Game/CitySampleBuildings/Building/CH/B/Kit_Bldg_CHB_L2_A/Mesh/SM_BLDG_CHB_L02_A_Wall_04_N1.SM_BLDG_CHB_L02_A_Wall_04_N1,40,Kept as deterministic reserve for visual variety or district-specific dressing.
M0271,RESERVE,AUTO_POLICY,false,ARCHITECTURE_PRIMARY,HUB;SPRING;SUMMER;AUTUMN;WINTER,SPRING;SUMMER;AUTUMN;WINTER,0.35,wall_facade,FACADE_MODULE,CitySampleBuildings,SM_BLDG_CHB_L02_A_Wall_05_N1,StaticMesh,/Game/CitySampleBuildings/Building/CH/B/Kit_Bldg_CHB_L2_A/Mesh/SM_BLDG_CHB_L02_A_Wall_05_N1.SM_BLDG_CHB_L02_A_Wall_05_N1,40,Kept as deterministic reserve for visual variety or district-specific dressing.
M0272,RESERVE,AUTO_POLICY,false,ARCHITECTURE_PRIMARY,HUB;SPRING;SUMMER;AUTUMN;WINTER,SPRING;SUMMER;AUTUMN;WINTER,0.35,wall_facade,FACADE_MODULE,CitySampleBuildings,SM_BLDG_CHB_L02_A_Wall_06_N1,StaticMesh,/Game/CitySampleBuildings/Building/CH/B/Kit_Bldg_CHB_L2_A/Mesh/SM_BLDG_CHB_L02_A_Wall_06_N1.SM_BLDG_CHB_L02_A_Wall_06_N1,40,Kept as deterministic reserve for visual variety or district-specific dressing.
M0273,RESERVE,AUTO_POLICY,false,ARCHITECTURE_PRIMARY,HUB;SPRING;SUMMER;AUTUMN;WINTER,SPRING;SUMMER;AUTUMN;WINTER,0.35,wall_facade,FACADE_MODULE,CitySampleBuildings,SM_BLDG_CHB_L02_A_Wall_07_N1,StaticMesh,/Game/CitySampleBuildings/Building/CH/B/Kit_Bldg_CHB_L2_A/Mesh/SM_BLDG_CHB_L02_A_Wall_07_N1.SM_BLDG_CHB_L02_A_Wall_07_N1,40,Kept as deterministic reserve for visual variety or district-specific dressing.
M0274,RESERVE,AUTO_POLICY,false,ARCHITECTURE_PRIMARY,HUB;SPRING;SUMMER;AUTUMN;WINTER,SPRING;SUMMER;AUTUMN;WINTER,0.35,wall_facade,FACADE_MODULE,CitySampleBuildings,SM_BLDG_CHB_L02_A_Wall_08_N1,StaticMesh,/Game/CitySampleBuildings/Building/CH/B/Kit_Bldg_CHB_L2_A/Mesh/SM_BLDG_CHB_L02_A_Wall_08_N1.SM_BLDG_CHB_L02_A_Wall_08_N1,40,Kept as deterministic reserve for visual variety or district-specific dressing.
M0275,RESERVE,AUTO_POLICY,false,ARCHITECTURE_PRIMARY,HUB;SPRING;SUMMER;AUTUMN;WINTER,SPRING;SUMMER;AUTUMN;WINTER,0.35,wall_facade,FACADE_MODULE,CitySampleBuildings,SM_BLDG_CHB_L03_A_Wall_01_N1,StaticMesh,/Game/CitySampleBuildings/Building/CH/B/Kit_Bldg_CHB_L3_A/Mesh/SM_BLDG_CHB_L03_A_Wall_01_N1.SM_BLDG_CHB_L03_A_Wall_01_N1,40,Kept as deterministic reserve for visual variety or district-specific dressing.
M0276,RESERVE,AUTO_POLICY,false,ARCHITECTURE_PRIMARY,HUB;SPRING;SUMMER;AUTUMN;WINTER,SPRING;SUMMER;AUTUMN;WINTER,0.35,wall_facade,FACADE_MODULE,CitySampleBuildings,SM_BLDG_CHB_L03_A_Wall_02_N1,StaticMesh,/Game/CitySampleBuildings/Building/CH/B/Kit_Bldg_CHB_L3_A/Mesh/SM_BLDG_CHB_L03_A_Wall_02_N1.SM_BLDG_CHB_L03_A_Wall_02_N1,40,Kept as deterministic reserve for visual variety or district-specific dressing.
M0277,RESERVE,AUTO_POLICY,false,ARCHITECTURE_PRIMARY,HUB;SPRING;SUMMER;AUTUMN;WINTER,SPRING;SUMMER;AUTUMN;WINTER,0.35,wall_facade,FACADE_MODULE,CitySampleBuildings,SM_BLDG_CHB_L03_A_Wall_03_N1,StaticMesh,/Game/CitySampleBuildings/Building/CH/B/Kit_Bldg_CHB_L3_A/Mesh/SM_BLDG_CHB_L03_A_Wall_03_N1.SM_BLDG_CHB_L03_A_Wall_03_N1,40,Kept as deterministic reserve for visual variety or district-specific dressing.
M0278,RESERVE,AUTO_POLICY,false,ARCHITECTURE_PRIMARY,HUB;SPRING;SUMMER;AUTUMN;WINTER,SPRING;SUMMER;AUTUMN;WINTER,0.35,wall_facade,FACADE_MODULE,CitySampleBuildings,SM_BLDG_CHB_L03_A_Wall_04_N1,StaticMesh,/Game/CitySampleBuildings/Building/CH/B/Kit_Bldg_CHB_L3_A/Mesh/SM_BLDG_CHB_L03_A_Wall_04_N1.SM_BLDG_CHB_L03_A_Wall_04_N1,40,Kept as deterministic reserve for visual variety or district-specific dressing.
M0279,RESERVE,AUTO_POLICY,false,ARCHITECTURE_PRIMARY,HUB;SPRING;SUMMER;AUTUMN;WINTER,SPRING;SUMMER;AUTUMN;WINTER,0.35,wall_facade,FACADE_MODULE,CitySampleBuildings,SM_BLDG_CHB_L03_A_Wall_05_N1,StaticMesh,/Game/CitySampleBuildings/Building/CH/B/Kit_Bldg_CHB_L3_A/Mesh/SM_BLDG_CHB_L03_A_Wall_05_N1.SM_BLDG_CHB_L03_A_Wall_05_N1,40,Kept as deterministic reserve for visual variety or district-specific dressing.
M0280,RESERVE,AUTO_POLICY,false,ARCHITECTURE_PRIMARY,HUB;SPRING;SUMMER;AUTUMN;WINTER,SPRING;SUMMER;AUTUMN;WINTER,0.35,wall_facade,FACADE_MODULE,CitySampleBuildings,SM_BLDG_CHB_L03_A_Wall_06_N1,StaticMesh,/Game/CitySampleBuildings/Building/CH/B/Kit_Bldg_CHB_L3_A/Mesh/SM_BLDG_CHB_L03_A_Wall_06_N1.SM_BLDG_CHB_L03_A_Wall_06_N1,40,Kept as deterministic reserve for visual variety or district-specific dressing.
M0281,RESERVE,AUTO_POLICY,false,ARCHITECTURE_PRIMARY,HUB;SPRING;SUMMER;AUTUMN;WINTER,SPRING;SUMMER;AUTUMN;WINTER,0.35,wall_facade,FACADE_MODULE,CitySampleBuildings,SM_BLDG_CHB_L03_A_Wall_08_N1,StaticMesh,/Game/CitySampleBuildings/Building/CH/B/Kit_Bldg_CHB_L3_A/Mesh/SM_BLDG_CHB_L03_A_Wall_08_N1.SM_BLDG_CHB_L03_A_Wall_08_N1,40,Kept as deterministic reserve for visual variety or district-specific dressing.
M0282,RESERVE,AUTO_POLICY,false,ARCHITECTURE_PRIMARY,HUB;SPRING;SUMMER;AUTUMN;WINTER,SPRING;SUMMER;AUTUMN;WINTER,0.35,wall_facade,FACADE_MODULE,CitySampleBuildings,SM_BLDG_CHB_L04_A_Wall_01_N1,StaticMesh,/Game/CitySampleBuildings/Building/CH/B/Kit_Bldg_CHB_L4_A/Mesh/SM_BLDG_CHB_L04_A_Wall_01_N1.SM_BLDG_CHB_L04_A_Wall_01_N1,40,Kept as deterministic reserve for visual variety or district-specific dressing.
M0283,RESERVE,AUTO_POLICY,false,ARCHITECTURE_PRIMARY,HUB;SPRING;SUMMER;AUTUMN;WINTER,SPRING;SUMMER;AUTUMN;WINTER,0.35,wall_facade,FACADE_MODULE,CitySampleBuildings,SM_BLDG_CHB_L04_A_Wall_02_N1,StaticMesh,/Game/CitySampleBuildings/Building/CH/B/Kit_Bldg_CHB_L4_A/Mesh/SM_BLDG_CHB_L04_A_Wall_02_N1.SM_BLDG_CHB_L04_A_Wall_02_N1,40,Kept as deterministic reserve for visual variety or district-specific dressing.
M0286,APPROVED,AUTO_POLICY,true,ARCHITECTURE_PRIMARY,HUB;SPRING;SUMMER;AUTUMN;WINTER,SPRING;SUMMER;AUTUMN;WINTER,0.89,wall_facade,FACADE_MODULE,CitySampleBuildings,SM_BLDG_CHB_L04_B_Wall_01_N1,StaticMesh,/Game/CitySampleBuildings/Building/CH/B/Kit_Bldg_CHB_L4_B/Mesh/SM_BLDG_CHB_L04_B_Wall_01_N1.SM_BLDG_CHB_L04_B_Wall_01_N1,40,Selected by deterministic production policy: high source score and variant-family diversity.
M0309,APPROVED,AUTO_POLICY,true,ARCHITECTURE_PRIMARY,HUB;SPRING;SUMMER;AUTUMN;WINTER,SPRING;SUMMER;AUTUMN;WINTER,0.89,wall_facade,FACADE_MODULE,CitySampleBuildings,SM_BLDG_CHC_L10_A_Wall_01_N1,StaticMesh,/Game/CitySampleBuildings/Building/CH/C/Kit_Bldg_CHC_L10_A/Mesh/SM_BLDG_CHC_L10_A_Wall_01_N1.SM_BLDG_CHC_L10_A_Wall_01_N1,40,Selected by deterministic production policy: high source score and variant-family diversity.
M0310,APPROVED,AUTO_POLICY,true,ARCHITECTURE_PRIMARY,HUB;SPRING;SUMMER;AUTUMN;WINTER,SPRING;SUMMER;AUTUMN;WINTER,0.89,architecture_general,ARCHITECTURE_MODULE,CitySampleBuildings,SM_BLDG_CHA_L10_A_CornerEx_01_N1,StaticMesh,/Game/CitySampleBuildings/Building/CH/A/Kit_Bldg_CHA_L10_A/Mesh/SM_BLDG_CHA_L10_A_CornerEx_01_N1.SM_BLDG_CHA_L10_A_CornerEx_01_N1,40,Selected by deterministic production policy: high source score and variant-family diversity.
M0311,APPROVED,AUTO_POLICY,true,ARCHITECTURE_PRIMARY,HUB;SPRING;SUMMER;AUTUMN;WINTER,SPRING;SUMMER;AUTUMN;WINTER,0.89,architecture_general,ARCHITECTURE_MODULE,CitySampleBuildings,SM_BLDG_CHA_L10_A_CornerExL_01_N1,StaticMesh,/Game/CitySampleBuildings/Building/CH/A/Kit_Bldg_CHA_L10_A/Mesh/SM_BLDG_CHA_L10_A_CornerExL_01_N1.SM_BLDG_CHA_L10_A_CornerExL_01_N1,40,Selected by deterministic production policy: high source score and variant-family diversity.
M0312,APPROVED,AUTO_POLICY,true,ARCHITECTURE_PRIMARY,HUB;SPRING;SUMMER;AUTUMN;WINTER,SPRING;SUMMER;AUTUMN;WINTER,0.89,architecture_general,ARCHITECTURE_MODULE,CitySampleBuildings,SM_BLDG_CHA_L10_A_CornerExR_01_N1,StaticMesh,/Game/CitySampleBuildings/Building/CH/A/Kit_Bldg_CHA_L10_A/Mesh/SM_BLDG_CHA_L10_A_CornerExR_01_N1.SM_BLDG_CHA_L10_A_CornerExR_01_N1,40,Selected by deterministic production policy: high source score and variant-family diversity.
M0313,APPROVED,AUTO_POLICY,true,ARCHITECTURE_PRIMARY,HUB;SPRING;SUMMER;AUTUMN;WINTER,SPRING;SUMMER;AUTUMN;WINTER,0.89,architecture_general,ARCHITECTURE_MODULE,CitySampleBuildings,SM_BLDG_CHA_L10_A_CornerIn_01_N1,StaticMesh,/Game/CitySampleBuildings/Building/CH/A/Kit_Bldg_CHA_L10_A/Mesh/SM_BLDG_CHA_L10_A_CornerIn_01_N1.SM_BLDG_CHA_L10_A_CornerIn_01_N1,40,Selected by deterministic production policy: high source score and variant-family diversity.
M0314,APPROVED,AUTO_POLICY,true,ARCHITECTURE_PRIMARY,HUB;SPRING;SUMMER;AUTUMN;WINTER,SPRING;SUMMER;AUTUMN;WINTER,0.89,architecture_general,ARCHITECTURE_MODULE,CitySampleBuildings,SM_BLDG_CHA_L10_A_CornerInL_01_N1,StaticMesh,/Game/CitySampleBuildings/Building/CH/A/Kit_Bldg_CHA_L10_A/Mesh/SM_BLDG_CHA_L10_A_CornerInL_01_N1.SM_BLDG_CHA_L10_A_CornerInL_01_N1,40,Selected by deterministic production policy: high source score and variant-family diversity.
M0315,APPROVED,AUTO_POLICY,true,ARCHITECTURE_PRIMARY,HUB;SPRING;SUMMER;AUTUMN;WINTER,SPRING;SUMMER;AUTUMN;WINTER,0.89,architecture_general,ARCHITECTURE_MODULE,CitySampleBuildings,SM_BLDG_CHA_L10_A_CornerInR_01_N1,StaticMesh,/Game/CitySampleBuildings/Building/CH/A/Kit_Bldg_CHA_L10_A/Mesh/SM_BLDG_CHA_L10_A_CornerInR_01_N1.SM_BLDG_CHA_L10_A_CornerInR_01_N1,40,Selected by deterministic production policy: high source score and variant-family diversity.
M0316,APPROVED,AUTO_POLICY,true,ARCHITECTURE_PRIMARY,HUB;SPRING;SUMMER;AUTUMN;WINTER,SPRING;SUMMER;AUTUMN;WINTER,0.89,architecture_general,ARCHITECTURE_MODULE,CitySampleBuildings,SM_BLDG_CHA_L11_A_CornerEx_01_N1,StaticMesh,/Game/CitySampleBuildings/Building/CH/A/Kit_Bldg_CHA_L11_A/Mesh/SM_BLDG_CHA_L11_A_CornerEx_01_N1.SM_BLDG_CHA_L11_A_CornerEx_01_N1,40,Selected by deterministic production policy: high source score and variant-family diversity.
M0317,APPROVED,AUTO_POLICY,true,ARCHITECTURE_PRIMARY,HUB;SPRING;SUMMER;AUTUMN;WINTER,SPRING;SUMMER;AUTUMN;WINTER,0.89,architecture_general,ARCHITECTURE_MODULE,CitySampleBuildings,SM_BLDG_CHA_L11_A_CornerExL_01_N1,StaticMesh,/Game/CitySampleBuildings/Building/CH/A/Kit_Bldg_CHA_L11_A/Mesh/SM_BLDG_CHA_L11_A_CornerExL_01_N1.SM_BLDG_CHA_L11_A_CornerExL_01_N1,40,Selected by deterministic production policy: high source score and variant-family diversity.
M0318,APPROVED,AUTO_POLICY,true,ARCHITECTURE_PRIMARY,HUB;SPRING;SUMMER;AUTUMN;WINTER,SPRING;SUMMER;AUTUMN;WINTER,0.89,architecture_general,ARCHITECTURE_MODULE,CitySampleBuildings,SM_BLDG_CHA_L11_A_CornerExR_01_N1,StaticMesh,/Game/CitySampleBuildings/Building/CH/A/Kit_Bldg_CHA_L11_A/Mesh/SM_BLDG_CHA_L11_A_CornerExR_01_N1.SM_BLDG_CHA_L11_A_CornerExR_01_N1,40,Selected by deterministic production policy: high source score and variant-family diversity.
M0319,APPROVED,AUTO_POLICY,true,ARCHITECTURE_PRIMARY,HUB;SPRING;SUMMER;AUTUMN;WINTER,SPRING;SUMMER;AUTUMN;WINTER,0.89,architecture_general,ARCHITECTURE_MODULE,CitySampleBuildings,SM_BLDG_CHA_L11_A_CornerIn_01_N1,StaticMesh,/Game/CitySampleBuildings/Building/CH/A/Kit_Bldg_CHA_L11_A/Mesh/SM_BLDG_CHA_L11_A_CornerIn_01_N1.SM_BLDG_CHA_L11_A_CornerIn_01_N1,40,Selected by deterministic production policy: high source score and variant-family diversity.
M0320,APPROVED,AUTO_POLICY,true,ARCHITECTURE_PRIMARY,HUB;SPRING;SUMMER;AUTUMN;WINTER,SPRING;SUMMER;AUTUMN;WINTER,0.89,architecture_general,ARCHITECTURE_MODULE,CitySampleBuildings,SM_BLDG_CHA_L11_A_CornerInL_01_N1,StaticMesh,/Game/CitySampleBuildings/Building/CH/A/Kit_Bldg_CHA_L11_A/Mesh/SM_BLDG_CHA_L11_A_CornerInL_01_N1.SM_BLDG_CHA_L11_A_CornerInL_01_N1,40,Selected by deterministic production policy: high source score and variant-family diversity.
M0321,APPROVED,AUTO_POLICY,true,ARCHITECTURE_PRIMARY,HUB;SPRING;SUMMER;AUTUMN;WINTER,SPRING;SUMMER;AUTUMN;WINTER,0.89,architecture_general,ARCHITECTURE_MODULE,CitySampleBuildings,SM_BLDG_CHA_L11_A_CornerInR_01_N1,StaticMesh,/Game/CitySampleBuildings/Building/CH/A/Kit_Bldg_CHA_L11_A/Mesh/SM_BLDG_CHA_L11_A_CornerInR_01_N1.SM_BLDG_CHA_L11_A_CornerInR_01_N1,40,Selected by deterministic production policy: high source score and variant-family diversity.
M0322,APPROVED,AUTO_POLICY,true,ARCHITECTURE_PRIMARY,HUB;SPRING;SUMMER;AUTUMN;WINTER,SPRING;SUMMER;AUTUMN;WINTER,0.89,architecture_general,ARCHITECTURE_MODULE,CitySampleBuildings,SM_BLDG_CHA_L12_A_CornerEx_01_N1,StaticMesh,/Game/CitySampleBuildings/Building/CH/A/Kit_Bldg_CHA_L12_A/Mesh/SM_BLDG_CHA_L12_A_CornerEx_01_N1.SM_BLDG_CHA_L12_A_CornerEx_01_N1,40,Selected by deterministic production policy: high source score and variant-family diversity.
M0323,APPROVED,AUTO_POLICY,true,ARCHITECTURE_PRIMARY,HUB;SPRING;SUMMER;AUTUMN;WINTER,SPRING;SUMMER;AUTUMN;WINTER,0.89,architecture_general,ARCHITECTURE_MODULE,CitySampleBuildings,SM_BLDG_CHA_L12_A_CornerExL_01_N1,StaticMesh,/Game/CitySampleBuildings/Building/CH/A/Kit_Bldg_CHA_L12_A/Mesh/SM_BLDG_CHA_L12_A_CornerExL_01_N1.SM_BLDG_CHA_L12_A_CornerExL_01_N1,40,Selected by deterministic production policy: high source score and variant-family diversity.
M0324,APPROVED,AUTO_POLICY,true,ARCHITECTURE_PRIMARY,HUB;SPRING;SUMMER;AUTUMN;WINTER,SPRING;SUMMER;AUTUMN;WINTER,0.89,architecture_general,ARCHITECTURE_MODULE,CitySampleBuildings,SM_BLDG_CHA_L12_A_CornerExR_01_N1,StaticMesh,/Game/CitySampleBuildings/Building/CH/A/Kit_Bldg_CHA_L12_A/Mesh/SM_BLDG_CHA_L12_A_CornerExR_01_N1.SM_BLDG_CHA_L12_A_CornerExR_01_N1,40,Selected by deterministic production policy: high source score and variant-family diversity.
M0325,APPROVED,AUTO_POLICY,true,ARCHITECTURE_PRIMARY,HUB;SPRING;SUMMER;AUTUMN;WINTER,SPRING;SUMMER;AUTUMN;WINTER,0.89,architecture_general,ARCHITECTURE_MODULE,CitySampleBuildings,SM_BLDG_CHA_L12_A_CornerIn_01_N1,StaticMesh,/Game/CitySampleBuildings/Building/CH/A/Kit_Bldg_CHA_L12_A/Mesh/SM_BLDG_CHA_L12_A_CornerIn_01_N1.SM_BLDG_CHA_L12_A_CornerIn_01_N1,40,Selected by deterministic production policy: high source score and variant-family diversity.
M0326,APPROVED,AUTO_POLICY,true,ARCHITECTURE_PRIMARY,HUB;SPRING;SUMMER;AUTUMN;WINTER,SPRING;SUMMER;AUTUMN;WINTER,0.89,architecture_general,ARCHITECTURE_MODULE,CitySampleBuildings,SM_BLDG_CHA_L12_A_CornerInL_01_N1,StaticMesh,/Game/CitySampleBuildings/Building/CH/A/Kit_Bldg_CHA_L12_A/Mesh/SM_BLDG_CHA_L12_A_CornerInL_01_N1.SM_BLDG_CHA_L12_A_CornerInL_01_N1,40,Selected by deterministic production policy: high source score and variant-family diversity.
M0327,APPROVED,AUTO_POLICY,true,ARCHITECTURE_PRIMARY,HUB;SPRING;SUMMER;AUTUMN;WINTER,SPRING;SUMMER;AUTUMN;WINTER,0.89,architecture_general,ARCHITECTURE_MODULE,CitySampleBuildings,SM_BLDG_CHA_L12_A_CornerInR_01_N1,StaticMesh,/Game/CitySampleBuildings/Building/CH/A/Kit_Bldg_CHA_L12_A/Mesh/SM_BLDG_CHA_L12_A_CornerInR_01_N1.SM_BLDG_CHA_L12_A_CornerInR_01_N1,40,Selected by deterministic production policy: high source score and variant-family diversity.
M0328,APPROVED,AUTO_POLICY,true,ARCHITECTURE_PRIMARY,HUB;SPRING;SUMMER;AUTUMN;WINTER,SPRING;SUMMER;AUTUMN;WINTER,0.89,architecture_general,ARCHITECTURE_MODULE,CitySampleBuildings,SM_BLDG_CHA_L13_A_CornerEx_01_N1,StaticMesh,/Game/CitySampleBuildings/Building/CH/A/Kit_Bldg_CHA_L13_A/Mesh/SM_BLDG_CHA_L13_A_CornerEx_01_N1.SM_BLDG_CHA_L13_A_CornerEx_01_N1,40,Selected by deterministic production policy: high source score and variant-family diversity.
M0329,APPROVED,AUTO_POLICY,true,ARCHITECTURE_PRIMARY,HUB;SPRING;SUMMER;AUTUMN;WINTER,SPRING;SUMMER;AUTUMN;WINTER,0.89,architecture_general,ARCHITECTURE_MODULE,CitySampleBuildings,SM_BLDG_CHA_L13_A_CornerExL_01_N1,StaticMesh,/Game/CitySampleBuildings/Building/CH/A/Kit_Bldg_CHA_L13_A/Mesh/SM_BLDG_CHA_L13_A_CornerExL_01_N1.SM_BLDG_CHA_L13_A_CornerExL_01_N1,40,Selected by deterministic production policy: high source score and variant-family diversity.
M0330,APPROVED,AUTO_POLICY,true,ARCHITECTURE_PRIMARY,HUB;SPRING;SUMMER;AUTUMN;WINTER,SPRING;SUMMER;AUTUMN;WINTER,0.89,architecture_general,ARCHITECTURE_MODULE,CitySampleBuildings,SM_BLDG_CHA_L13_A_CornerExR_01_N1,StaticMesh,/Game/CitySampleBuildings/Building/CH/A/Kit_Bldg_CHA_L13_A/Mesh/SM_BLDG_CHA_L13_A_CornerExR_01_N1.SM_BLDG_CHA_L13_A_CornerExR_01_N1,40,Selected by deterministic production policy: high source score and variant-family diversity.
M0331,APPROVED,AUTO_POLICY,true,ARCHITECTURE_PRIMARY,HUB;SPRING;SUMMER;AUTUMN;WINTER,SPRING;SUMMER;AUTUMN;WINTER,0.89,architecture_general,ARCHITECTURE_MODULE,CitySampleBuildings,SM_BLDG_CHA_L13_A_CornerIn_01_N1,StaticMesh,/Game/CitySampleBuildings/Building/CH/A/Kit_Bldg_CHA_L13_A/Mesh/SM_BLDG_CHA_L13_A_CornerIn_01_N1.SM_BLDG_CHA_L13_A_CornerIn_01_N1,40,Selected by deterministic production policy: high source score and variant-family diversity.
M0332,APPROVED,AUTO_POLICY,true,ARCHITECTURE_PRIMARY,HUB;SPRING;SUMMER;AUTUMN;WINTER,SPRING;SUMMER;AUTUMN;WINTER,0.89,architecture_general,ARCHITECTURE_MODULE,CitySampleBuildings,SM_BLDG_CHA_L13_A_CornerInL_01_N1,StaticMesh,/Game/CitySampleBuildings/Building/CH/A/Kit_Bldg_CHA_L13_A/Mesh/SM_BLDG_CHA_L13_A_CornerInL_01_N1.SM_BLDG_CHA_L13_A_CornerInL_01_N1,40,Selected by deterministic production policy: high source score and variant-family diversity.
M0333,APPROVED,AUTO_POLICY,true,ARCHITECTURE_PRIMARY,HUB;SPRING;SUMMER;AUTUMN;WINTER,SPRING;SUMMER;AUTUMN;WINTER,0.89,architecture_general,ARCHITECTURE_MODULE,CitySampleBuildings,SM_BLDG_CHA_L13_A_CornerInR_01_N1,StaticMesh,/Game/CitySampleBuildings/Building/CH/A/Kit_Bldg_CHA_L13_A/Mesh/SM_BLDG_CHA_L13_A_CornerInR_01_N1.SM_BLDG_CHA_L13_A_CornerInR_01_N1,40,Selected by deterministic production policy: high source score and variant-family diversity.
M0334,APPROVED,AUTO_POLICY,true,ARCHITECTURE_PRIMARY,HUB;SPRING;SUMMER;AUTUMN;WINTER,SPRING;SUMMER;AUTUMN;WINTER,0.89,architecture_general,ARCHITECTURE_MODULE,CitySampleBuildings,SM_BLDG_CHA_L14_A_CornerEx_01_N1,StaticMesh,/Game/CitySampleBuildings/Building/CH/A/Kit_Bldg_CHA_L14_A/Mesh/SM_BLDG_CHA_L14_A_CornerEx_01_N1.SM_BLDG_CHA_L14_A_CornerEx_01_N1,40,Selected by deterministic production policy: high source score and variant-family diversity.
M0335,APPROVED,AUTO_POLICY,true,ARCHITECTURE_PRIMARY,HUB;SPRING;SUMMER;AUTUMN;WINTER,SPRING;SUMMER;AUTUMN;WINTER,0.89,architecture_general,ARCHITECTURE_MODULE,CitySampleBuildings,SM_BLDG_CHA_L14_A_CornerExL_01_N1,StaticMesh,/Game/CitySampleBuildings/Building/CH/A/Kit_Bldg_CHA_L14_A/Mesh/SM_BLDG_CHA_L14_A_CornerExL_01_N1.SM_BLDG_CHA_L14_A_CornerExL_01_N1,40,Selected by deterministic production policy: high source score and variant-family diversity.
M0336,APPROVED,AUTO_POLICY,true,ARCHITECTURE_PRIMARY,HUB;SPRING;SUMMER;AUTUMN;WINTER,SPRING;SUMMER;AUTUMN;WINTER,0.89,architecture_general,ARCHITECTURE_MODULE,CitySampleBuildings,SM_BLDG_CHA_L14_A_CornerExR_01_N1,StaticMesh,/Game/CitySampleBuildings/Building/CH/A/Kit_Bldg_CHA_L14_A/Mesh/SM_BLDG_CHA_L14_A_CornerExR_01_N1.SM_BLDG_CHA_L14_A_CornerExR_01_N1,40,Selected by deterministic production policy: high source score and variant-family diversity.
M0337,APPROVED,AUTO_POLICY,true,ARCHITECTURE_PRIMARY,HUB;SPRING;SUMMER;AUTUMN;WINTER,SPRING;SUMMER;AUTUMN;WINTER,0.89,architecture_general,ARCHITECTURE_MODULE,CitySampleBuildings,SM_BLDG_CHA_L14_A_CornerIn_01_N1,StaticMesh,/Game/CitySampleBuildings/Building/CH/A/Kit_Bldg_CHA_L14_A/Mesh/SM_BLDG_CHA_L14_A_CornerIn_01_N1.SM_BLDG_CHA_L14_A_CornerIn_01_N1,40,Selected by deterministic production policy: high source score and variant-family diversity.
M0338,APPROVED,AUTO_POLICY,true,ARCHITECTURE_PRIMARY,HUB;SPRING;SUMMER;AUTUMN;WINTER,SPRING;SUMMER;AUTUMN;WINTER,0.89,architecture_general,ARCHITECTURE_MODULE,CitySampleBuildings,SM_BLDG_CHA_L14_A_CornerInL_01_N1,StaticMesh,/Game/CitySampleBuildings/Building/CH/A/Kit_Bldg_CHA_L14_A/Mesh/SM_BLDG_CHA_L14_A_CornerInL_01_N1.SM_BLDG_CHA_L14_A_CornerInL_01_N1,40,Selected by deterministic production policy: high source score and variant-family diversity.
M0339,APPROVED,AUTO_POLICY,true,ARCHITECTURE_PRIMARY,HUB;SPRING;SUMMER;AUTUMN;WINTER,SPRING;SUMMER;AUTUMN;WINTER,0.89,architecture_general,ARCHITECTURE_MODULE,CitySampleBuildings,SM_BLDG_CHA_L14_A_CornerInR_01_N1,StaticMesh,/Game/CitySampleBuildings/Building/CH/A/Kit_Bldg_CHA_L14_A/Mesh/SM_BLDG_CHA_L14_A_CornerInR_01_N1.SM_BLDG_CHA_L14_A_CornerInR_01_N1,40,Selected by deterministic production policy: high source score and variant-family diversity.
M0340,APPROVED,AUTO_POLICY,true,ARCHITECTURE_PRIMARY,HUB;SPRING;SUMMER;AUTUMN;WINTER,SPRING;SUMMER;AUTUMN;WINTER,0.89,architecture_general,ARCHITECTURE_MODULE,CitySampleBuildings,SM_BLDG_CHA_L15_A_CornerEx_01_N1,StaticMesh,/Game/CitySampleBuildings/Building/CH/A/Kit_Bldg_CHA_L15_A/Mesh/SM_BLDG_CHA_L15_A_CornerEx_01_N1.SM_BLDG_CHA_L15_A_CornerEx_01_N1,40,Selected by deterministic production policy: high source score and variant-family diversity.
M0341,APPROVED,AUTO_POLICY,true,ARCHITECTURE_PRIMARY,HUB;SPRING;SUMMER;AUTUMN;WINTER,SPRING;SUMMER;AUTUMN;WINTER,0.89,architecture_general,ARCHITECTURE_MODULE,CitySampleBuildings,SM_BLDG_CHA_L15_A_CornerExL_01_N1,StaticMesh,/Game/CitySampleBuildings/Building/CH/A/Kit_Bldg_CHA_L15_A/Mesh/SM_BLDG_CHA_L15_A_CornerExL_01_N1.SM_BLDG_CHA_L15_A_CornerExL_01_N1,40,Selected by deterministic production policy: high source score and variant-family diversity.
M0342,RESERVE,AUTO_POLICY,false,ARCHITECTURE_PRIMARY,HUB;SPRING;SUMMER;AUTUMN;WINTER,SPRING;SUMMER;AUTUMN;WINTER,0.35,architecture_general,ARCHITECTURE_MODULE,CitySampleBuildings,SM_BLDG_CHA_L15_A_CornerExR_01_N1,StaticMesh,/Game/CitySampleBuildings/Building/CH/A/Kit_Bldg_CHA_L15_A/Mesh/SM_BLDG_CHA_L15_A_CornerExR_01_N1.SM_BLDG_CHA_L15_A_CornerExR_01_N1,40,Kept as deterministic reserve for visual variety or district-specific dressing.
M0343,RESERVE,AUTO_POLICY,false,ARCHITECTURE_PRIMARY,HUB;SPRING;SUMMER;AUTUMN;WINTER,SPRING;SUMMER;AUTUMN;WINTER,0.35,architecture_general,ARCHITECTURE_MODULE,CitySampleBuildings,SM_BLDG_CHA_L15_A_CornerIn_01_N1,StaticMesh,/Game/CitySampleBuildings/Building/CH/A/Kit_Bldg_CHA_L15_A/Mesh/SM_BLDG_CHA_L15_A_CornerIn_01_N1.SM_BLDG_CHA_L15_A_CornerIn_01_N1,40,Kept as deterministic reserve for visual variety or district-specific dressing.
M0344,RESERVE,AUTO_POLICY,false,ARCHITECTURE_PRIMARY,HUB;SPRING;SUMMER;AUTUMN;WINTER,SPRING;SUMMER;AUTUMN;WINTER,0.35,architecture_general,ARCHITECTURE_MODULE,CitySampleBuildings,SM_BLDG_CHA_L15_A_CornerInL_01_N1,StaticMesh,/Game/CitySampleBuildings/Building/CH/A/Kit_Bldg_CHA_L15_A/Mesh/SM_BLDG_CHA_L15_A_CornerInL_01_N1.SM_BLDG_CHA_L15_A_CornerInL_01_N1,40,Kept as deterministic reserve for visual variety or district-specific dressing.
M0345,RESERVE,AUTO_POLICY,false,ARCHITECTURE_PRIMARY,HUB;SPRING;SUMMER;AUTUMN;WINTER,SPRING;SUMMER;AUTUMN;WINTER,0.35,architecture_general,ARCHITECTURE_MODULE,CitySampleBuildings,SM_BLDG_CHA_L15_A_CornerInR_01_N1,StaticMesh,/Game/CitySampleBuildings/Building/CH/A/Kit_Bldg_CHA_L15_A/Mesh/SM_BLDG_CHA_L15_A_CornerInR_01_N1.SM_BLDG_CHA_L15_A_CornerInR_01_N1,40,Kept as deterministic reserve for visual variety or district-specific dressing.
M0346,RESERVE,AUTO_POLICY,false,ARCHITECTURE_PRIMARY,HUB;SPRING;SUMMER;AUTUMN;WINTER,SPRING;SUMMER;AUTUMN;WINTER,0.35,architecture_general,ARCHITECTURE_MODULE,CitySampleBuildings,SM_BLDG_CHA_L16_A_CornerEx_01_N1,StaticMesh,/Game/CitySampleBuildings/Building/CH/A/Kit_Bldg_CHA_L16_A/Mesh/SM_BLDG_CHA_L16_A_CornerEx_01_N1.SM_BLDG_CHA_L16_A_CornerEx_01_N1,40,Kept as deterministic reserve for visual variety or district-specific dressing.
M0347,RESERVE,AUTO_POLICY,false,ARCHITECTURE_PRIMARY,HUB;SPRING;SUMMER;AUTUMN;WINTER,SPRING;SUMMER;AUTUMN;WINTER,0.35,architecture_general,ARCHITECTURE_MODULE,CitySampleBuildings,SM_BLDG_CHA_L16_A_CornerExL_01_N1,StaticMesh,/Game/CitySampleBuildings/Building/CH/A/Kit_Bldg_CHA_L16_A/Mesh/SM_BLDG_CHA_L16_A_CornerExL_01_N1.SM_BLDG_CHA_L16_A_CornerExL_01_N1,40,Kept as deterministic reserve for visual variety or district-specific dressing.
M0348,RESERVE,AUTO_POLICY,false,ARCHITECTURE_PRIMARY,HUB;SPRING;SUMMER;AUTUMN;WINTER,SPRING;SUMMER;AUTUMN;WINTER,0.35,architecture_general,ARCHITECTURE_MODULE,CitySampleBuildings,SM_BLDG_CHA_L16_A_CornerExR_01_N1,StaticMesh,/Game/CitySampleBuildings/Building/CH/A/Kit_Bldg_CHA_L16_A/Mesh/SM_BLDG_CHA_L16_A_CornerExR_01_N1.SM_BLDG_CHA_L16_A_CornerExR_01_N1,40,Kept as deterministic reserve for visual variety or district-specific dressing.
M0349,RESERVE,AUTO_POLICY,false,ARCHITECTURE_PRIMARY,HUB;SPRING;SUMMER;AUTUMN;WINTER,SPRING;SUMMER;AUTUMN;WINTER,0.35,architecture_general,ARCHITECTURE_MODULE,CitySampleBuildings,SM_BLDG_CHA_L16_A_CornerIn_01_N1,StaticMesh,/Game/CitySampleBuildings/Building/CH/A/Kit_Bldg_CHA_L16_A/Mesh/SM_BLDG_CHA_L16_A_CornerIn_01_N1.SM_BLDG_CHA_L16_A_CornerIn_01_N1,40,Kept as deterministic reserve for visual variety or district-specific dressing.
M0350,RESERVE,AUTO_POLICY,false,ARCHITECTURE_PRIMARY,HUB;SPRING;SUMMER;AUTUMN;WINTER,SPRING;SUMMER;AUTUMN;WINTER,0.35,architecture_general,ARCHITECTURE_MODULE,CitySampleBuildings,SM_BLDG_CHA_L16_A_CornerInL_01_N1,StaticMesh,/Game/CitySampleBuildings/Building/CH/A/Kit_Bldg_CHA_L16_A/Mesh/SM_BLDG_CHA_L16_A_CornerInL_01_N1.SM_BLDG_CHA_L16_A_CornerInL_01_N1,40,Kept as deterministic reserve for visual variety or district-specific dressing.
M0351,RESERVE,AUTO_POLICY,false,ARCHITECTURE_PRIMARY,HUB;SPRING;SUMMER;AUTUMN;WINTER,SPRING;SUMMER;AUTUMN;WINTER,0.35,architecture_general,ARCHITECTURE_MODULE,CitySampleBuildings,SM_BLDG_CHA_L16_A_CornerInR_01_N1,StaticMesh,/Game/CitySampleBuildings/Building/CH/A/Kit_Bldg_CHA_L16_A/Mesh/SM_BLDG_CHA_L16_A_CornerInR_01_N1.SM_BLDG_CHA_L16_A_CornerInR_01_N1,40,Kept as deterministic reserve for visual variety or district-specific dressing.
M0352,RESERVE,AUTO_POLICY,false,ARCHITECTURE_PRIMARY,HUB;SPRING;SUMMER;AUTUMN;WINTER,SPRING;SUMMER;AUTUMN;WINTER,0.35,architecture_general,ARCHITECTURE_MODULE,CitySampleBuildings,SM_BLDG_CHA_L17_A_CornerEx_01_N1,StaticMesh,/Game/CitySampleBuildings/Building/CH/A/Kit_Bldg_CHA_L17_A/Mesh/SM_BLDG_CHA_L17_A_CornerEx_01_N1.SM_BLDG_CHA_L17_A_CornerEx_01_N1,40,Kept as deterministic reserve for visual variety or district-specific dressing.
M0353,RESERVE,AUTO_POLICY,false,ARCHITECTURE_PRIMARY,HUB;SPRING;SUMMER;AUTUMN;WINTER,SPRING;SUMMER;AUTUMN;WINTER,0.35,architecture_general,ARCHITECTURE_MODULE,CitySampleBuildings,SM_BLDG_CHA_L17_A_CornerExL_01_N1,StaticMesh,/Game/CitySampleBuildings/Building/CH/A/Kit_Bldg_CHA_L17_A/Mesh/SM_BLDG_CHA_L17_A_CornerExL_01_N1.SM_BLDG_CHA_L17_A_CornerExL_01_N1,40,Kept as deterministic reserve for visual variety or district-specific dressing.
M0354,RESERVE,AUTO_POLICY,false,ARCHITECTURE_PRIMARY,HUB;SPRING;SUMMER;AUTUMN;WINTER,SPRING;SUMMER;AUTUMN;WINTER,0.35,architecture_general,ARCHITECTURE_MODULE,CitySampleBuildings,SM_BLDG_CHA_L17_A_CornerExR_01_N1,StaticMesh,/Game/CitySampleBuildings/Building/CH/A/Kit_Bldg_CHA_L17_A/Mesh/SM_BLDG_CHA_L17_A_CornerExR_01_N1.SM_BLDG_CHA_L17_A_CornerExR_01_N1,40,Kept as deterministic reserve for visual variety or district-specific dressing.
M0355,RESERVE,AUTO_POLICY,false,ARCHITECTURE_PRIMARY,HUB;SPRING;SUMMER;AUTUMN;WINTER,SPRING;SUMMER;AUTUMN;WINTER,0.35,architecture_general,ARCHITECTURE_MODULE,CitySampleBuildings,SM_BLDG_CHA_L17_A_CornerIn_01_N1,StaticMesh,/Game/CitySampleBuildings/Building/CH/A/Kit_Bldg_CHA_L17_A/Mesh/SM_BLDG_CHA_L17_A_CornerIn_01_N1.SM_BLDG_CHA_L17_A_CornerIn_01_N1,40,Kept as deterministic reserve for visual variety or district-specific dressing.
M0356,RESERVE,AUTO_POLICY,false,ARCHITECTURE_PRIMARY,HUB;SPRING;SUMMER;AUTUMN;WINTER,SPRING;SUMMER;AUTUMN;WINTER,0.35,architecture_general,ARCHITECTURE_MODULE,CitySampleBuildings,SM_BLDG_CHA_L17_A_CornerInL_01_N1,StaticMesh,/Game/CitySampleBuildings/Building/CH/A/Kit_Bldg_CHA_L17_A/Mesh/SM_BLDG_CHA_L17_A_CornerInL_01_N1.SM_BLDG_CHA_L17_A_CornerInL_01_N1,40,Kept as deterministic reserve for visual variety or district-specific dressing.
M0357,RESERVE,AUTO_POLICY,false,ARCHITECTURE_PRIMARY,HUB;SPRING;SUMMER;AUTUMN;WINTER,SPRING;SUMMER;AUTUMN;WINTER,0.35,architecture_general,ARCHITECTURE_MODULE,CitySampleBuildings,SM_BLDG_CHA_L17_A_CornerInR_01_N1,StaticMesh,/Game/CitySampleBuildings/Building/CH/A/Kit_Bldg_CHA_L17_A/Mesh/SM_BLDG_CHA_L17_A_CornerInR_01_N1.SM_BLDG_CHA_L17_A_CornerInR_01_N1,40,Kept as deterministic reserve for visual variety or district-specific dressing.
M0358,RESERVE,AUTO_POLICY,false,ARCHITECTURE_PRIMARY,HUB;SPRING;SUMMER;AUTUMN;WINTER,SPRING;SUMMER;AUTUMN;WINTER,0.35,architecture_general,ARCHITECTURE_MODULE,CitySampleBuildings,SM_BLDG_CHA_L18_A_CornerEx_01_N1,StaticMesh,/Game/CitySampleBuildings/Building/CH/A/Kit_Bldg_CHA_L18_A/Mesh/SM_BLDG_CHA_L18_A_CornerEx_01_N1.SM_BLDG_CHA_L18_A_CornerEx_01_N1,40,Kept as deterministic reserve for visual variety or district-specific dressing.
M0359,RESERVE,AUTO_POLICY,false,ARCHITECTURE_PRIMARY,HUB;SPRING;SUMMER;AUTUMN;WINTER,SPRING;SUMMER;AUTUMN;WINTER,0.35,architecture_general,ARCHITECTURE_MODULE,CitySampleBuildings,SM_BLDG_CHA_L18_A_CornerExL_01_N1,StaticMesh,/Game/CitySampleBuildings/Building/CH/A/Kit_Bldg_CHA_L18_A/Mesh/SM_BLDG_CHA_L18_A_CornerExL_01_N1.SM_BLDG_CHA_L18_A_CornerExL_01_N1,40,Kept as deterministic reserve for visual variety or district-specific dressing.
M0360,RESERVE,AUTO_POLICY,false,ARCHITECTURE_PRIMARY,HUB;SPRING;SUMMER;AUTUMN;WINTER,SPRING;SUMMER;AUTUMN;WINTER,0.35,architecture_general,ARCHITECTURE_MODULE,CitySampleBuildings,SM_BLDG_CHA_L18_A_CornerExR_01_N1,StaticMesh,/Game/CitySampleBuildings/Building/CH/A/Kit_Bldg_CHA_L18_A/Mesh/SM_BLDG_CHA_L18_A_CornerExR_01_N1.SM_BLDG_CHA_L18_A_CornerExR_01_N1,40,Kept as deterministic reserve for visual variety or district-specific dressing.
M0361,RESERVE,AUTO_POLICY,false,ARCHITECTURE_PRIMARY,HUB;SPRING;SUMMER;AUTUMN;WINTER,SPRING;SUMMER;AUTUMN;WINTER,0.35,architecture_general,ARCHITECTURE_MODULE,CitySampleBuildings,SM_BLDG_CHA_L18_A_CornerIn_01_N1,StaticMesh,/Game/CitySampleBuildings/Building/CH/A/Kit_Bldg_CHA_L18_A/Mesh/SM_BLDG_CHA_L18_A_CornerIn_01_N1.SM_BLDG_CHA_L18_A_CornerIn_01_N1,40,Kept as deterministic reserve for visual variety or district-specific dressing.
M0362,RESERVE,AUTO_POLICY,false,ARCHITECTURE_PRIMARY,HUB;SPRING;SUMMER;AUTUMN;WINTER,SPRING;SUMMER;AUTUMN;WINTER,0.35,architecture_general,ARCHITECTURE_MODULE,CitySampleBuildings,SM_BLDG_CHA_L18_A_CornerInL_01_N1,StaticMesh,/Game/CitySampleBuildings/Building/CH/A/Kit_Bldg_CHA_L18_A/Mesh/SM_BLDG_CHA_L18_A_CornerInL_01_N1.SM_BLDG_CHA_L18_A_CornerInL_01_N1,40,Kept as deterministic reserve for visual variety or district-specific dressing.
M0363,RESERVE,AUTO_POLICY,false,ARCHITECTURE_PRIMARY,HUB;SPRING;SUMMER;AUTUMN;WINTER,SPRING;SUMMER;AUTUMN;WINTER,0.35,architecture_general,ARCHITECTURE_MODULE,CitySampleBuildings,SM_BLDG_CHA_L18_A_CornerInR_01_N1,StaticMesh,/Game/CitySampleBuildings/Building/CH/A/Kit_Bldg_CHA_L18_A/Mesh/SM_BLDG_CHA_L18_A_CornerInR_01_N1.SM_BLDG_CHA_L18_A_CornerInR_01_N1,40,Kept as deterministic reserve for visual variety or district-specific dressing.
M0364,RESERVE,AUTO_POLICY,false,ARCHITECTURE_PRIMARY,HUB;SPRING;SUMMER;AUTUMN;WINTER,SPRING;SUMMER;AUTUMN;WINTER,0.35,architecture_general,ARCHITECTURE_MODULE,CitySampleBuildings,SM_BLDG_CHA_L19_A_CornerEx_01_N1,StaticMesh,/Game/CitySampleBuildings/Building/CH/A/Kit_Bldg_CHA_L19_A/Mesh/SM_BLDG_CHA_L19_A_CornerEx_01_N1.SM_BLDG_CHA_L19_A_CornerEx_01_N1,40,Kept as deterministic reserve for visual variety or district-specific dressing.
M0365,RESERVE,AUTO_POLICY,false,ARCHITECTURE_PRIMARY,HUB;SPRING;SUMMER;AUTUMN;WINTER,SPRING;SUMMER;AUTUMN;WINTER,0.35,architecture_general,ARCHITECTURE_MODULE,CitySampleBuildings,SM_BLDG_CHA_L19_A_CornerExL_01_N1,StaticMesh,/Game/CitySampleBuildings/Building/CH/A/Kit_Bldg_CHA_L19_A/Mesh/SM_BLDG_CHA_L19_A_CornerExL_01_N1.SM_BLDG_CHA_L19_A_CornerExL_01_N1,40,Kept as deterministic reserve for visual variety or district-specific dressing.
